dataset,classifier,prevalence,alpha,oversampler,rep,s_counts,reported_sensitivity,reported_precision,r_syn,r_real,actual_sensitivity,abs_error,a_est
BRFSS 2023,Random forest,0.01,0.5,Random oversampling,0,0.9797979797979798,1.0,1.0,1.0,1.0,0.0,0.02020202020202022,1.0
BRFSS 2023,Random forest,0.01,0.5,SMOTE,0,0.9797979797979798,0.9805555555555555,1.0,1.0,0.04938271604938271,0.0,0.0007575757575757347,0.03749999999999883
BRFSS 2023,Random forest,0.01,0.5,Borderline-SMOTE,0,0.9797979797979798,0.9797979797979798,1.0,0.9994844031967002,0.037037037037037035,0.0005449591280653951,0.0,0.0
BRFSS 2023,Random forest,0.01,0.5,ADASYN,0,0.9796126401630989,0.9788481141692151,1.0,0.9994794377928162,0.012195121951219513,0.0,0.000764525993883769,-0.03749999999999891
BRFSS 2023,Random forest,0.01,1.0,Random oversampling,0,0.98989898989899,1.0,1.0,1.0,1.0,0.0,0.010101010101010055,1.0
BRFSS 2023,Random forest,0.01,1.0,SMOTE,0,0.98989898989899,0.989520202020202,1.0,0.9998724001531198,0.012048192771084338,0.0,0.00037878787878797837,-0.03750000000001003
BRFSS 2023,Random forest,0.01,1.0,Borderline-SMOTE,0,0.98989898989899,0.9896464646464647,1.0,0.9996172004593594,0.04819277108433735,0.00027247956403269756,0.0002525252525252819,-0.025000000000003023
BRFSS 2023,Random forest,0.01,1.0,ADASYN,0,0.9899079096757916,0.9895294562886338,1.0,0.9997450280469148,0.024096385542168676,0.0,0.00037845338715780663,-0.037499999999999034
BRFSS 2023,Random forest,0.01,0.5,Random oversampling,1,0.9797979797979798,1.0,1.0,1.0,1.0,0.0,0.02020202020202022,1.0
BRFSS 2023,Random forest,0.01,0.5,SMOTE,1,0.9797979797979798,0.9818181818181818,1.0,0.9994853319608852,0.05405405405405406,0.0,0.002020202020202033,0.10000000000000055
BRFSS 2023,Random forest,0.01,0.5,Borderline-SMOTE,1,0.9797979797979798,0.9810606060606061,1.0,0.9997426659804426,0.0,0.0,0.0012626262626262985,0.06250000000000172
BRFSS 2023,Random forest,0.01,0.5,ADASYN,1,0.9796644636502287,0.9809354346720894,1.0,0.9994815966822188,0.039473684210526314,0.0,0.0012709710218606896,0.06249999999999932
BRFSS 2023,Random forest,0.01,1.0,Random oversampling,1,0.98989898989899,1.0,1.0,1.0,1.0,0.0,0.010101010101010055,1.0
BRFSS 2023,Random forest,0.01,1.0,SMOTE,1,0.98989898989899,0.9912878787878788,1.0,0.99987262769074,0.014492753623188406,0.0,0.001388888888888884,0.13750000000000015
BRFSS 2023,Random forest,0.01,1.0,Borderline-SMOTE,1,0.98989898989899,0.9910353535353535,1.0,0.9997452553814801,0.0,0.0,0.001136363636363602,0.11249999999999712
BRFSS 2023,Random forest,0.01,1.0,ADASYN,1,0.9899178303170842,0.9910522999369881,1.0,0.9996185632549269,0.02857142857142857,0.0,0.0011344696199038218,0.11252236925016067
BRFSS 2023,Random forest,0.01,0.5,Random oversampling,2,0.9797979797979798,1.0,0.9997475385003787,1.0,1.0,0.00027247956403269756,0.02020202020202022,1.0
BRFSS 2023,Random forest,0.01,0.5,SMOTE,2,0.9797979797979798,0.9820707070707071,1.0,0.9994853319608852,0.06756756756756757,0.0,0.002272727272727315,0.11250000000000199
BRFSS 2023,Random forest,0.01,0.5,Borderline-SMOTE,2,0.9797979797979798,0.9815656565656565,0.9997427983539094,0.9997426659804426,0.02702702702702703,0.0,0.0017676767676767513,0.0874999999999991
BRFSS 2023,Random forest,0.01,0.5,ADASYN,2,0.9796644636502287,0.9811896288764617,1.0,0.9994814622763806,0.06493506493506493,0.0,0.0015251652262329163,0.07500000000000355
BRFSS 2023,Random forest,0.01,1.0,Random oversampling,2,0.98989898989899,1.0,0.9998737533139755,1.0,1.0,0.0005449591280653951,0.010101010101010055,1.0
BRFSS 2023,Random forest,0.01,1.0,SMOTE,2,0.98989898989899,0.9902777777777778,1.0,0.9997449304935595,0.05063291139240506,0.0,0.00037878787878786735,0.03749999999999904
BRFSS 2023,Random forest,0.01,1.0,Borderline-SMOTE,2,0.98989898989899,0.9902777777777778,0.9998725140234574,0.9998724652467798,0.0379746835443038,0.0008174386920980927,0.00037878787878786735,0.03749999999999904
BRFSS 2023,Random forest,0.01,1.0,ADASYN,2,0.989918592635532,0.9904233870967742,1.0,0.9997454499172712,0.06329113924050633,0.0,0.0005047944612422972,0.0500718245967767
BRFSS 2023,Random forest,0.02,0.5,Random oversampling,0,0.9591836734693877,1.0,0.9997449630196379,1.0,1.0,0.0010899182561307902,0.04081632653061229,1.0
BRFSS 2023,Random forest,0.02,0.5,SMOTE,0,0.9591836734693877,0.9627551020408164,1.0,0.9973488865323435,0.08108108108108109,0.0010899182561307902,0.0035714285714286698,0.08750000000000231
BRFSS 2023,Random forest,0.02,0.5,Borderline-SMOTE,0,0.9591836734693877,0.9658163265306122,0.9997359387377872,0.9997348886532343,0.10135135135135136,0.0032697547683923707,0.006632653061224514,0.1625000000000004
BRFSS 2023,Random forest,0.02,0.5,ADASYN,0,0.9591732584843072,0.9637662669048227,1.0,0.9994696367011403,0.05405405405405406,0.0005449591280653951,0.004593008420515465,0.11250000000000071
BRFSS 2023,Random forest,0.02,1.0,Random oversampling,0,0.9795918367346939,1.0,1.0,1.0,1.0,0.0008174386920980927,0.020408163265306145,1.0
BRFSS 2023,Random forest,0.02,1.0,SMOTE,0,0.9795918367346939,0.982015306122449,0.9998701298701299,0.9998699778962423,0.06040268456375839,0.0013623978201634877,0.0024234693877551727,0.11875000000000333
BRFSS 2023,Random forest,0.02,1.0,Borderline-SMOTE,0,0.9795918367346939,0.9823979591836735,0.9994809239553595,0.9998699778962423,0.08053691275167785,0.0019073569482288828,0.0028061224489795977,0.13750000000000012
BRFSS 2023,Random forest,0.02,1.0,ADASYN,0,0.9795835034708044,0.9818808217430139,1.0,0.9998699102380643,0.06,0.0010899182561307902,0.002297318272209581,0.112522648972825
BRFSS 2023,Random forest,0.02,0.5,Random oversampling,1,0.9591836734693877,1.0,0.9997449630196379,1.0,1.0,0.0008174386920980927,0.04081632653061229,1.0
BRFSS 2023,Random forest,0.02,0.5,SMOTE,1,0.9591836734693877,0.9622448979591837,1.0,0.9992033988316517,0.05844155844155844,0.0005449591280653951,0.003061224489795955,0.07500000000000082
BRFSS 2023,Random forest,0.02,0.5,Borderline-SMOTE,1,0.9591836734693877,0.9647959183673469,1.0,1.0,0.1038961038961039,0.0008174386920980927,0.0056122448979591955,0.13750000000000012
BRFSS 2023,Random forest,0.02,0.5,ADASYN,1,0.9594834135224107,0.9617624715117752,0.9994736842105263,0.9978930734790624,0.05921052631578947,0.0,0.0022790579893644525,0.05625000000000139
BRFSS 2023,Random forest,0.02,1.0,Random oversampling,1,0.9795918367346939,1.0,0.9998724652467798,1.0,1.0,0.0013623978201634877,0.020408163265306145,1.0
BRFSS 2023,Random forest,0.02,1.0,SMOTE,1,0.9795918367346939,0.9821428571428571,1.0,0.9997400233978941,0.061224489795918366,0.0,0.0025510204081632404,0.12499999999999864
BRFSS 2023,Random forest,0.02,1.0,Borderline-SMOTE,1,0.9795918367346939,0.9821428571428571,1.0,0.9997400233978941,0.061224489795918366,0.0013623978201634877,0.0025510204081632404,0.12499999999999864
BRFSS 2023,Random forest,0.02,1.0,ADASYN,1,0.9797252775102641,0.9828940699442473,1.0,0.9997418022205009,0.08904109589041095,0.0,0.0031687924339832696,0.15629276482513965
BRFSS 2023,Random forest,0.02,0.5,Random oversampling,2,0.9591836734693877,1.0,0.9997449630196379,1.0,1.0,0.0016348773841961854,0.04081632653061229,1.0
BRFSS 2023,Random forest,0.02,0.5,SMOTE,2,0.9591836734693877,0.9668367346938775,0.9994725738396625,0.9989437549511486,0.05263157894736842,0.0005449591280653951,0.007653061224489832,0.18750000000000067
BRFSS 2023,Random forest,0.02,0.5,Borderline-SMOTE,2,0.9591836734693877,0.9670918367346939,0.9992092778070638,0.9989437549511486,0.06015037593984962,0.0032697547683923707,0.00790816326530619,0.19375000000000142
BRFSS 2023,Random forest,0.02,0.5,ADASYN,2,0.9596163553760727,0.9666834931852599,0.9989567031820553,0.9986941760250718,0.045112781954887216,0.0010899182561307902,0.007067137809187218,0.17499999999999855
BRFSS 2023,Random forest,0.02,1.0,Random oversampling,2,0.9795918367346939,1.0,0.9998724652467798,1.0,1.0,0.0008174386920980927,0.020408163265306145,1.0
BRFSS 2023,Random forest,0.02,1.0,SMOTE,2,0.9795918367346939,0.9834183673469388,0.9997406639004149,1.0,0.08450704225352113,0.0008174386920980927,0.003826530612244916,0.18750000000000067
BRFSS 2023,Random forest,0.02,1.0,Borderline-SMOTE,2,0.9795918367346939,0.9829081632653062,0.9994811932555123,1.0,0.056338028169014086,0.0027247956403269754,0.0033163265306123124,0.16250000000000311
BRFSS 2023,Random forest,0.02,1.0,ADASYN,2,0.979392065945389,0.9828696548171045,0.9994760969220694,0.9998688008396747,0.07042253521126761,0.0016348773841961854,0.0034775888717155645,0.1687499999999977
BRFSS 2023,Random forest,0.05,0.5,Random oversampling,0,0.8947368421052632,1.0,0.9890681936491411,1.0,1.0,0.05395095367847411,0.10526315789473684,1.0
BRFSS 2023,Random forest,0.05,0.5,SMOTE,0,0.8947368421052632,0.9102631578947369,0.9951093210586881,0.9961888009381413,0.15681233933161953,0.027520435967302453,0.015526315789473721,0.14750000000000035
BRFSS 2023,Random forest,0.05,0.5,Borderline-SMOTE,0,0.8947368421052632,0.9142105263157895,0.9911554921540656,0.9976546467311639,0.18251928020565553,0.03814713896457766,0.01947368421052631,0.18499999999999994
BRFSS 2023,Random forest,0.05,0.5,ADASYN,0,0.8970875784707214,0.9096989966555183,0.9957758377921713,0.9979936944683291,0.135678391959799,0.016076294277929157,0.012611418184796941,0.12254515050167186
BRFSS 2023,Random forest,0.05,1.0,Random oversampling,0,0.9473684210526315,1.0,0.9951551656409585,1.0,1.0,0.046866485013623976,0.052631578947368474,1.0
BRFSS 2023,Random forest,0.05,1.0,SMOTE,0,0.9473684210526315,0.9610526315789474,0.9959094627761113,0.9998615916955017,0.21333333333333335,0.032970027247956404,0.013684210526315854,0.26000000000000095
BRFSS 2023,Random forest,0.05,1.0,Borderline-SMOTE,0,0.9473684210526315,0.9614473684210526,0.9963185164985001,0.9995847750865052,0.22666666666666666,0.044141689373297,0.01407894736842108,0.26750000000000024
BRFSS 2023,Random forest,0.05,1.0,ADASYN,0,0.9481327800829875,0.9569502074688797,0.9974320854169483,0.9994539249146758,0.1524547803617571,0.019618528610354225,0.008817427385892196,0.1700000000000014
BRFSS 2023,Random forest,0.05,0.5,Random oversampling,1,0.8947368421052632,1.0,0.9945040565297043,1.0,1.0,0.03841961852861035,0.10526315789473684,1.0
BRFSS 2023,Random forest,0.05,0.5,SMOTE,1,0.8947368421052632,0.9071052631578947,0.9959549263218723,0.998828010547905,0.09819121447028424,0.016893732970027248,0.012368421052631584,0.11750000000000005
BRFSS 2023,Random forest,0.05,0.5,Borderline-SMOTE,1,0.8947368421052632,0.91,0.9942495687176538,0.9967770290067389,0.14470284237726097,0.022888283378746595,0.015263157894736867,0.14500000000000024
BRFSS 2023,Random forest,0.05,0.5,ADASYN,1,0.8976563299559922,0.9130212330519314,0.9977634889572268,0.9983031674208145,0.10455764075067024,0.011444141689373298,0.015364903095939186,0.15013046815042178
BRFSS 2023,Random forest,0.05,1.0,Random oversampling,1,0.9473684210526315,1.0,0.9971136184728417,1.0,1.0,0.034604904632152586,0.052631578947368474,1.0
BRFSS 2023,Random forest,0.05,1.0,SMOTE,1,0.9473684210526315,0.9546052631578947,0.9980740129316275,0.9993061337774077,0.13705583756345177,0.017983651226158037,0.007236842105263208,0.13750000000000082
BRFSS 2023,Random forest,0.05,1.0,Borderline-SMOTE,1,0.9473684210526315,0.9567105263157895,0.9975305254493072,1.0,0.1649746192893401,0.026975476839237057,0.00934210526315793,0.1775000000000005
BRFSS 2023,Random forest,0.05,1.0,ADASYN,1,0.9476987447698745,0.9551516736401674,0.998906057705456,0.9995868337694532,0.12144702842377261,0.012534059945504087,0.007452928870292919,0.1425000000000006
BRFSS 2023,Random forest,0.05,0.5,Random oversampling,2,0.8947368421052632,1.0,0.9926854754440961,1.0,1.0,0.038692098092643054,0.10526315789473684,1.0
BRFSS 2023,Random forest,0.05,0.5,SMOTE,2,0.8947368421052632,0.906578947368421,0.9956647398843931,0.9973529411764706,0.135,0.01907356948228883,0.011842105263157876,0.11249999999999982
BRFSS 2023,Random forest,0.05,0.5,Borderline-SMOTE,2,0.8947368421052632,0.9113157894736842,0.9936872309899569,0.9979411764705882,0.175,0.02534059945504087,0.016578947368421026,0.15749999999999975
BRFSS 2023,Random forest,0.05,0.5,ADASYN,2,0.8966621886948435,0.9062257814518212,0.9960249858035207,0.9971247843588269,0.10178117048346055,0.014168937329700272,0.009563592756977712,0.09254688710927336
BRFSS 2023,Random forest,0.05,1.0,Random oversampling,2,0.9473684210526315,1.0,0.9967213114754099,1.0,1.0,0.03732970027247957,0.052631578947368474,1.0
BRFSS 2023,Random forest,0.05,1.0,SMOTE,2,0.9473684210526315,0.9572368421052632,0.997805513646962,0.999722953317634,0.15223097112860892,0.021525885558583105,0.009868421052631637,0.18750000000000092
BRFSS 2023,Random forest,0.05,1.0,Borderline-SMOTE,2,0.9473684210526315,0.9582894736842106,0.9965790914066777,0.999861476658817,0.17060367454068243,0.02806539509536785,0.010921052631579053,0.20750000000000182
BRFSS 2023,Random forest,0.05,1.0,ADASYN,2,0.9478949562317632,0.9566236811254396,0.9985044187627464,0.9995890410958904,0.1246684350132626,0.017166212534059946,0.008728724893676376,0.167521688159437
BRFSS 2023,Random forest,0.1,0.5,Random oversampling,0,0.7777777777777778,0.9788888888888889,0.9468027941966685,0.9892895394501964,0.9424280350438048,0.20490463215258856,0.20111111111111113,0.9050000000000001
BRFSS 2023,Random forest,0.1,0.5,SMOTE,0,0.7777777777777778,0.8158333333333333,0.966754443712969,0.9935737236701179,0.1927409261576971,0.10980926430517711,0.03805555555555551,0.1712499999999998
BRFSS 2023,Random forest,0.1,0.5,Borderline-SMOTE,0,0.7777777777777778,0.8269444444444445,0.9649918962722852,0.9964298464833988,0.2327909887359199,0.1217983651226158,0.04916666666666669,0.2212500000000001
BRFSS 2023,Random forest,0.1,0.5,ADASYN,0,0.7953231336028246,0.8362752622154004,0.979916067146283,0.99648,0.19770408163265307,0.1008174386920981,0.0409521286125758,0.20008186236889225
BRFSS 2023,Random forest,0.1,1.0,Random oversampling,0,0.8888888888888888,1.0,0.9695663883652034,1.0,1.0,0.2212534059945504,0.11111111111111116,1.0
BRFSS 2023,Random forest,0.1,1.0,SMOTE,0,0.8888888888888888,0.9176388888888889,0.9818695199881111,0.9989036805011746,0.2809815950920245,0.13133514986376021,0.028750000000000053,0.25875000000000037
BRFSS 2023,Random forest,0.1,1.0,Borderline-SMOTE,0,0.8888888888888888,0.9180555555555555,0.9831920273687342,0.9989036805011746,0.2846625766871166,0.13596730245231609,0.029166666666666674,0.26249999999999996
BRFSS 2023,Random forest,0.1,1.0,ADASYN,0,0.8859944137262726,0.9095183813052151,0.9851828985954623,0.998872059297454,0.22660098522167488,0.10626702997275204,0.023523967578942484,0.2063404816186941
BRFSS 2023,Random forest,0.1,0.5,Random oversampling,1,0.7777777777777778,0.9816666666666667,0.9487248322147651,0.9889325240985363,0.9561952440550688,0.20544959128065396,0.2038888888888889,0.9175000000000001
BRFSS 2023,Random forest,0.1,0.5,SMOTE,1,0.7777777777777778,0.8177777777777778,0.9687397170121751,0.9928596929667975,0.20400500625782228,0.11743869209809264,0.040000000000000036,0.18000000000000016
BRFSS 2023,Random forest,0.1,0.5,Borderline-SMOTE,1,0.7777777777777778,0.8227777777777778,0.9701932525384868,0.9928596929667975,0.2265331664580726,0.1220708446866485,0.04500000000000004,0.20250000000000018
BRFSS 2023,Random forest,0.1,0.5,ADASYN,1,0.7789811028842966,0.8138121546961326,0.9735624586913417,0.9950424929178471,0.1708542713567839,0.10381471389645777,0.03483105181183599,0.1575930939226519
BRFSS 2023,Random forest,0.1,1.0,Random oversampling,1,0.8888888888888888,0.9995833333333334,0.9734884350060868,0.9996874511642444,0.9987515605493134,0.20653950953678474,0.11069444444444454,0.9962500000000004
BRFSS 2023,Random forest,0.1,1.0,SMOTE,1,0.8888888888888888,0.9183333333333333,0.9827586206896551,0.9981247069854665,0.2808988764044944,0.12670299727520437,0.029444444444444495,0.26500000000000035
BRFSS 2023,Random forest,0.1,1.0,Borderline-SMOTE,1,0.8888888888888888,0.9215277777777777,0.9823808113710394,0.9982809814033443,0.3083645443196005,0.1329700272479564,0.032638888888888884,0.29374999999999984
BRFSS 2023,Random forest,0.1,1.0,ADASYN,1,0.8867881806860636,0.9156643554549314,0.9853814527181362,0.9990442816183498,0.2522179974651457,0.10844686648501363,0.028876174768867835,0.2550632517334095
BRFSS 2023,Random forest,0.1,0.5,Random oversampling,2,0.7777777777777778,0.9830555555555556,0.9434817382031458,0.9917325664989216,0.9535452322738386,0.2209809264305177,0.20527777777777778,0.9237500000000001
BRFSS 2023,Random forest,0.1,0.5,SMOTE,2,0.7777777777777778,0.8213888888888888,0.9682383759004585,0.9949676491732566,0.2310513447432763,0.12070844686648502,0.043611111111111045,0.1962499999999997
BRFSS 2023,Random forest,0.1,0.5,Borderline-SMOTE,2,0.7777777777777778,0.825,0.9652258693532662,0.994608195542775,0.24816625916870416,0.13215258855585832,0.047222222222222165,0.21249999999999974
BRFSS 2023,Random forest,0.1,0.5,ADASYN,2,0.7793712079426365,0.8163265306122449,0.9682695453058554,0.9950266429840142,0.1960542540073983,0.11008174386920981,0.03695532266960844,0.1675000000000002
BRFSS 2023,Random forest,0.1,1.0,Random oversampling,2,0.8888888888888888,0.9997222222222222,0.9692970643684352,0.9998436767234641,0.9987546699875467,0.22588555858310627,0.11083333333333334,0.9974999999999996
BRFSS 2023,Random forest,0.1,1.0,SMOTE,2,0.8888888888888888,0.92,0.982060785767235,0.998749413787713,0.29265255292652553,0.13678474114441416,0.0311111111111112,0.2800000000000007
BRFSS 2023,Random forest,0.1,1.0,Borderline-SMOTE,2,0.8888888888888888,0.9213888888888889,0.9804906887378066,0.9998436767234641,0.29638854296388545,0.15177111716621253,0.032500000000000084,0.29250000000000065
BRFSS 2023,Random forest,0.1,1.0,ADASYN,2,0.8865634393965175,0.9180490571388061,0.9832953682611997,0.9982433727243692,0.2831858407079646,0.11825613079019073,0.03148561774228864,0.27756146320714553
BRFSS 2023,Random forest,0.2,0.5,Random oversampling,0,0.5,0.841875,0.8408239700374532,0.9459291485394655,0.7366436203645506,0.4256130790190736,0.34187500000000004,0.6837500000000001
BRFSS 2023,Random forest,0.2,0.5,SMOTE,0,0.5,0.6959375,0.8542385884158036,0.9844623990055935,0.40414833438089254,0.3544959128065395,0.1959375,0.391875
BRFSS 2023,Random forest,0.2,0.5,Borderline-SMOTE,0,0.5,0.7,0.8562691131498471,0.9944064636420137,0.4022627278441232,0.3465940054495913,0.19999999999999996,0.3999999999999999
BRFSS 2023,Random forest,0.2,0.5,ADASYN,0,0.5167331158632354,0.7085472666868016,0.8590259978030026,0.9820912767186597,0.4088607594936709,0.346866485013624,0.19181415082356612,0.3969114315916642
BRFSS 2023,Random forest,0.2,1.0,Random oversampling,0,0.75,0.9790625,0.9018422567645366,0.9886222589987588,0.9495530012771393,0.5040871934604905,0.22906249999999995,0.9162499999999998
BRFSS 2023,Random forest,0.2,1.0,SMOTE,0,0.75,0.8759375,0.9256935270805813,0.9966901117087298,0.5031928480204342,0.38446866485013625,0.12593750000000004,0.5037500000000001
BRFSS 2023,Random forest,0.2,1.0,Borderline-SMOTE,0,0.75,0.8746875,0.9231530343007915,0.9987587918907737,0.49169859514687103,0.3771117166212534,0.12468749999999995,0.4987499999999998
BRFSS 2023,Random forest,0.2,1.0,ADASYN,0,0.7600263970963194,0.8722255548890222,0.9304111342185251,0.996268656716418,0.4714467005076142,0.37356948228882836,0.11219915779270284,0.46754791541691676
BRFSS 2023,Random forest,0.2,0.5,Random oversampling,1,0.5,0.8503125,0.8338951884768618,0.9513546798029556,0.7461928934010152,0.4316076294277929,0.3503125,0.700625
BRFSS 2023,Random forest,0.2,0.5,SMOTE,1,0.5,0.699375,0.8490136570561456,0.9833743842364532,0.4067258883248731,0.35504087193460493,0.19937499999999997,0.39874999999999994
BRFSS 2023,Random forest,0.2,0.5,Borderline-SMOTE,1,0.5,0.6978125,0.8496955859969558,0.9889162561576355,0.39784263959390864,0.36212534059945506,0.19781249999999995,0.3956249999999999
BRFSS 2023,Random forest,0.2,0.5,ADASYN,1,0.5194329308584129,0.7111111111111111,0.8576602680188338,0.9862148190695003,0.40969162995594716,0.3465940054495913,0.19167818025269823,0.3988583333333334
BRFSS 2023,Random forest,0.2,1.0,Random oversampling,1,0.75,0.98046875,0.8968129198227812,0.9899958315964985,0.9519350811485643,0.5065395095367847,0.23046875,0.921875
BRFSS 2023,Random forest,0.2,1.0,SMOTE,1,0.75,0.87140625,0.9206008583690987,0.9987494789495623,0.49001248439450684,0.3915531335149864,0.12140625000000005,0.4856250000000002
BRFSS 2023,Random forest,0.2,1.0,Borderline-SMOTE,1,0.75,0.87,0.9235362414994195,0.9970821175489787,0.4893882646691635,0.379291553133515,0.12,0.48
BRFSS 2023,Random forest,0.2,1.0,ADASYN,1,0.7619118478616708,0.8775479839309627,0.927066960075448,0.996662740478995,0.5046097111247695,0.3782016348773842,0.1156361360692919,0.4856862260080346
BRFSS 2023,Random forest,0.2,0.5,Random oversampling,2,0.5,0.8621875,0.8327799577422276,0.9531630170316302,0.7660668380462725,0.4326975476839237,0.3621875,0.724375
BRFSS 2023,Random forest,0.2,0.5,SMOTE,2,0.5,0.715625,0.8519345238095238,0.982360097323601,0.4338046272493573,0.3580381471389646,0.21562499999999996,0.4312499999999999
BRFSS 2023,Random forest,0.2,0.5,Borderline-SMOTE,2,0.5,0.718125,0.8520578420467185,0.9884428223844283,0.43251928020565555,0.36267029972752046,0.218125,0.43625
BRFSS 2023,Random forest,0.2,0.5,ADASYN,2,0.5184494070908324,0.7264520012037315,0.8581585495911838,0.9851513420902341,0.43829516539440205,0.3564032697547684,0.20800259411289912,0.4319433869996991
BRFSS 2023,Random forest,0.2,1.0,Random oversampling,2,0.75,0.97734375,0.8947217851523387,0.9888106092001657,0.9421855146124524,0.5103542234332425,0.22734374999999996,0.9093749999999998
BRFSS 2023,Random forest,0.2,1.0,SMOTE,2,0.75,0.8771875,0.9248764415156507,0.9946125155408205,0.5171537484116899,0.39536784741144415,0.1271875,0.50875
BRFSS 2023,Random forest,0.2,1.0,Borderline-SMOTE,2,0.75,0.87984375,0.9216039279869067,0.9979278905926233,0.5177890724269377,0.38392370572207085,0.12984375000000004,0.5193750000000001
BRFSS 2023,Random forest,0.2,1.0,ADASYN,2,0.7612367934101355,0.8836168307967771,0.9244458320324695,0.9974514801019408,0.5209244222361025,0.3768392370572207,0.1223800373866416,0.5125581915846017
Kaggle,XGBoost,0.02,0.5,Random oversampling,0,0.9591836734693877,1.0,0.967032967032967,1.0,1.0,0.04,0.04081632653061229,1.0
Kaggle,Random forest,0.02,0.5,Random oversampling,0,0.9591836734693877,1.0,0.9887640449438202,1.0,1.0,0.0,0.04081632653061229,1.0
Kaggle,XGBoost,0.02,0.5,SMOTE,0,0.9591836734693877,0.9886363636363636,0.9666666666666667,1.0,0.6666666666666666,0.06,0.029452690166975937,0.7215909090909096
Kaggle,Random forest,0.02,0.5,SMOTE,0,0.9591836734693877,0.9886363636363636,0.9666666666666667,1.0,0.6666666666666666,0.04,0.029452690166975937,0.7215909090909096
Kaggle,XGBoost,0.02,0.5,Borderline-SMOTE,0,0.9591836734693877,0.9772727272727273,0.9555555555555556,0.9882352941176471,0.6666666666666666,0.08,0.018089053803339583,0.4431818181818193
Kaggle,Random forest,0.02,0.5,Borderline-SMOTE,0,0.9591836734693877,0.9659090909090909,0.9883720930232558,0.9764705882352941,0.6666666666666666,0.04,0.00672541743970323,0.16477272727272893
Kaggle,XGBoost,0.02,0.5,ADASYN,0,0.9586206896551724,0.9885057471264368,0.9347826086956522,1.0,0.6666666666666666,0.06,0.029885057471264354,0.7222222222222223
Kaggle,Random forest,0.02,0.5,ADASYN,0,0.9586206896551724,0.9885057471264368,0.9662921348314607,1.0,0.6666666666666666,0.06,0.029885057471264354,0.7222222222222223
Kaggle,XGBoost,0.02,1.0,Random oversampling,0,0.9795918367346939,1.0,0.9832402234636871,1.0,1.0,0.02,0.020408163265306145,1.0
Kaggle,Random forest,0.02,1.0,Random oversampling,0,0.9795918367346939,1.0,1.0,1.0,1.0,0.0,0.020408163265306145,1.0
Kaggle,XGBoost,0.02,1.0,SMOTE,0,0.9795918367346939,0.9886363636363636,0.9775280898876404,1.0,0.6,0.02,0.009044526901669792,0.4431818181818193
Kaggle,Random forest,0.02,1.0,SMOTE,0,0.9795918367346939,0.9829545454545454,0.9774011299435028,1.0,0.4,0.0,0.0033627087198515593,0.1647727272727262
Kaggle,XGBoost,0.02,1.0,Borderline-SMOTE,0,0.9795918367346939,0.9886363636363636,0.9775280898876404,1.0,0.6,0.06,0.009044526901669792,0.4431818181818193
Kaggle,Random forest,0.02,1.0,Borderline-SMOTE,0,0.9795918367346939,0.9829545454545454,0.9885714285714285,1.0,0.4,0.04,0.0033627087198515593,0.1647727272727262
Kaggle,XGBoost,0.02,1.0,ADASYN,0,0.9797297297297297,0.9887640449438202,0.9617486338797814,1.0,0.6,0.04,0.009034315214090483,0.4456928838951301
Kaggle,Random forest,0.02,1.0,ADASYN,0,0.9797297297297297,0.9775280898876404,0.9775280898876404,1.0,0.2,0.04,0.00220163984208932,-0.10861423220973972
Kaggle,XGBoost,0.02,0.5,Random oversampling,1,0.9591836734693877,1.0,0.9565217391304348,1.0,1.0,0.08,0.04081632653061229,1.0
Kaggle,Random forest,0.02,0.5,Random oversampling,1,0.9591836734693877,1.0,1.0,1.0,1.0,0.0,0.04081632653061229,1.0
Kaggle,XGBoost,0.02,0.5,SMOTE,1,0.9591836734693877,0.9545454545454546,0.9655172413793104,0.9878048780487805,0.5,0.0,0.004638218923933124,-0.11363636363636141
Kaggle,Random forest,0.02,0.5,SMOTE,1,0.9591836734693877,0.9659090909090909,0.9770114942528736,0.9878048780487805,0.6666666666666666,0.0,0.00672541743970323,0.16477272727272893
Kaggle,XGBoost,0.02,0.5,Borderline-SMOTE,1,0.9591836734693877,0.9204545454545454,0.9642857142857143,0.9878048780487805,0.0,0.02,0.038729128014842296,-0.9488636363636352
Kaggle,Random forest,0.02,0.5,Borderline-SMOTE,1,0.9591836734693877,0.9318181818181818,0.9761904761904762,1.0,0.0,0.0,0.027365491651205942,-0.6704545454545449
Kaggle,XGBoost,0.02,0.5,ADASYN,1,0.9590909090909091,0.9659090909090909,0.9770114942528736,0.9878048780487805,0.6666666666666666,0.0,0.006818181818181834,0.16666666666666713
Kaggle,Random forest,0.02,0.5,ADASYN,1,0.9590909090909091,0.9772727272727273,0.9772727272727273,1.0,0.6666666666666666,0.0,0.018181818181818188,0.44444444444444475
Kaggle,XGBoost,0.02,1.0,Random oversampling,1,0.9795918367346939,1.0,0.9833333333333333,1.0,1.0,0.08,0.020408163265306145,1.0
Kaggle,Random forest,0.02,1.0,Random oversampling,1,0.9795918367346939,1.0,1.0,1.0,1.0,0.0,0.020408163265306145,1.0
Kaggle,XGBoost,0.02,1.0,SMOTE,1,0.9795918367346939,0.9774011299435028,0.9942528735632183,0.9941176470588236,0.5714285714285714,0.02,0.002190706791191044,-0.10734463276836102
Kaggle,Random forest,0.02,1.0,SMOTE,1,0.9795918367346939,0.9774011299435028,0.9942528735632183,0.9941176470588236,0.5714285714285714,0.0,0.002190706791191044,-0.10734463276836102
Kaggle,XGBoost,0.02,1.0,Borderline-SMOTE,1,0.9795918367346939,0.9717514124293786,0.9885057471264368,1.0,0.2857142857142857,0.02,0.007840424305315286,-0.38418079096044855
Kaggle,Random forest,0.02,1.0,Borderline-SMOTE,1,0.9795918367346939,0.9661016949152542,0.9884393063583815,1.0,0.14285714285714285,0.0,0.013490141819439638,-0.6610169491525415
Kaggle,XGBoost,0.02,1.0,ADASYN,1,0.9795454545454545,0.9829545454545454,0.9942528735632183,1.0,0.5714285714285714,0.0,0.003409090909090917,0.16666666666666666
Kaggle,Random forest,0.02,1.0,ADASYN,1,0.9795454545454545,0.9829545454545454,0.9885714285714285,1.0,0.5714285714285714,0.0,0.003409090909090917,0.16666666666666666
Kaggle,XGBoost,0.02,0.5,Random oversampling,2,0.9591836734693877,1.0,0.9565217391304348,1.0,1.0,0.06,0.04081632653061229,1.0
Kaggle,Random forest,0.02,0.5,Random oversampling,2,0.9591836734693877,1.0,0.9887640449438202,1.0,1.0,0.0,0.04081632653061229,1.0
Kaggle,XGBoost,0.02,0.5,SMOTE,2,0.9591836734693877,0.9545454545454546,0.9655172413793104,1.0,0.42857142857142855,0.02,0.004638218923933124,-0.11363636363636141
Kaggle,Random forest,0.02,0.5,SMOTE,2,0.9591836734693877,0.9204545454545454,0.9878048780487805,0.9876543209876543,0.14285714285714285,0.0,0.038729128014842296,-0.9488636363636352
Kaggle,XGBoost,0.02,0.5,Borderline-SMOTE,2,0.9591836734693877,0.9204545454545454,1.0,1.0,0.0,0.02,0.038729128014842296,-0.9488636363636352
Kaggle,Random forest,0.02,0.5,Borderline-SMOTE,2,0.9591836734693877,0.9204545454545454,1.0,1.0,0.0,0.0,0.038729128014842296,-0.9488636363636352
Kaggle,XGBoost,0.02,0.5,ADASYN,2,0.9590909090909091,0.9318181818181818,0.9647058823529412,0.9876543209876543,0.2857142857142857,0.04,0.027272727272727337,-0.6666666666666685
Kaggle,Random forest,0.02,0.5,ADASYN,2,0.9590909090909091,0.9318181818181818,0.9761904761904762,1.0,0.14285714285714285,0.02,0.027272727272727337,-0.6666666666666685
Kaggle,XGBoost,0.02,1.0,Random oversampling,2,0.9795918367346939,1.0,0.9777777777777777,1.0,1.0,0.08,0.020408163265306145,1.0
Kaggle,Random forest,0.02,1.0,Random oversampling,2,0.9795918367346939,1.0,0.9943502824858758,1.0,1.0,0.0,0.020408163265306145,1.0
Kaggle,XGBoost,0.02,1.0,SMOTE,2,0.9795918367346939,0.9659090909090909,0.9826589595375722,1.0,0.25,0.02,0.013682745825602916,-0.6704545454545421
Kaggle,Random forest,0.02,1.0,SMOTE,2,0.9795918367346939,0.9488636363636364,0.9940476190476191,0.9940476190476191,0.0,0.0,0.0307282003710575,-1.505681818181816
Kaggle,XGBoost,0.02,1.0,Borderline-SMOTE,2,0.9795918367346939,0.9659090909090909,0.9941520467836257,1.0,0.25,0.0,0.013682745825602916,-0.6704545454545421
Kaggle,Random forest,0.02,1.0,Borderline-SMOTE,2,0.9795918367346939,0.9488636363636364,1.0,0.9940476190476191,0.0,0.0,0.0307282003710575,-1.505681818181816
Kaggle,XGBoost,0.02,1.0,ADASYN,2,0.9795454545454545,0.9715909090909091,0.9827586206896551,1.0,0.375,0.06,0.007954545454545436,-0.38888888888888706
Kaggle,Random forest,0.02,1.0,ADASYN,2,0.9795454545454545,0.9602272727272727,0.9883040935672515,1.0,0.125,0.0,0.01931818181818179,-0.9444444444444409
Kaggle,XGBoost,0.02,0.5,Random oversampling,3,0.9591836734693877,1.0,0.9361702127659575,1.0,1.0,0.04,0.04081632653061229,1.0
Kaggle,Random forest,0.02,0.5,Random oversampling,3,0.9591836734693877,1.0,0.9887640449438202,1.0,1.0,0.02,0.04081632653061229,1.0
Kaggle,XGBoost,0.02,0.5,SMOTE,3,0.9591836734693877,1.0,0.967032967032967,1.0,1.0,0.04,0.04081632653061229,1.0
Kaggle,Random forest,0.02,0.5,SMOTE,3,0.9591836734693877,0.9886363636363636,1.0,1.0,0.8333333333333334,0.0,0.029452690166975937,0.7215909090909096
Kaggle,XGBoost,0.02,0.5,Borderline-SMOTE,3,0.9591836734693877,0.9545454545454546,0.9882352941176471,1.0,0.3333333333333333,0.02,0.004638218923933124,-0.11363636363636141
Kaggle,Random forest,0.02,0.5,Borderline-SMOTE,3,0.9591836734693877,0.9431818181818182,1.0,0.9878048780487805,0.3333333333333333,0.02,0.016001855287569478,-0.39204545454545175
Kaggle,XGBoost,0.02,0.5,ADASYN,3,0.9586206896551724,1.0,0.9560439560439561,1.0,1.0,0.02,0.04137931034482756,1.0
Kaggle,Random forest,0.02,0.5,ADASYN,3,0.9586206896551724,0.9885057471264368,1.0,1.0,0.8333333333333334,0.02,0.029885057471264354,0.7222222222222223
Kaggle,XGBoost,0.02,1.0,Random oversampling,3,0.9795918367346939,1.0,0.9723756906077348,1.0,1.0,0.06,0.020408163265306145,1.0
Kaggle,Random forest,0.02,1.0,Random oversampling,3,0.9795918367346939,1.0,0.9943502824858758,1.0,1.0,0.02,0.020408163265306145,1.0
Kaggle,XGBoost,0.02,1.0,SMOTE,3,0.9795918367346939,0.9943181818181818,0.9831460674157303,1.0,0.75,0.04,0.014726345083487913,0.721590909090907
Kaggle,Random forest,0.02,1.0,SMOTE,3,0.9795918367346939,0.9886363636363636,0.9942857142857143,1.0,0.5,0.04,0.009044526901669792,0.4431818181818193
Kaggle,XGBoost,0.02,1.0,Borderline-SMOTE,3,0.9795918367346939,0.9829545454545454,0.9942528735632183,1.0,0.25,0.02,0.0033627087198515593,0.1647727272727262
Kaggle,Random forest,0.02,1.0,Borderline-SMOTE,3,0.9795918367346939,0.9829545454545454,1.0,1.0,0.25,0.02,0.0033627087198515593,0.1647727272727262
Kaggle,XGBoost,0.02,1.0,ADASYN,3,0.9797297297297297,0.9943820224719101,0.9779005524861878,1.0,0.75,0.1,0.014652292742180384,0.7228464419475651
Kaggle,Random forest,0.02,1.0,ADASYN,3,0.9797297297297297,0.9943820224719101,1.0,1.0,0.75,0.02,0.014652292742180384,0.7228464419475651
Kaggle,XGBoost,0.02,0.5,Random oversampling,4,0.9591836734693877,1.0,1.0,1.0,1.0,0.04,0.04081632653061229,1.0
Kaggle,Random forest,0.02,0.5,Random oversampling,4,0.9591836734693877,1.0,1.0,1.0,1.0,0.0,0.04081632653061229,1.0
Kaggle,XGBoost,0.02,0.5,SMOTE,4,0.9591836734693877,0.9886363636363636,0.9775280898876404,1.0,0.75,0.04,0.029452690166975937,0.7215909090909096
Kaggle,Random forest,0.02,0.5,SMOTE,4,0.9591836734693877,0.9772727272727273,1.0,1.0,0.5,0.02,0.018089053803339583,0.4431818181818193
Kaggle,XGBoost,0.02,0.5,Borderline-SMOTE,4,0.9591836734693877,0.9659090909090909,0.9883720930232558,1.0,0.25,0.02,0.00672541743970323,0.16477272727272893
Kaggle,Random forest,0.02,0.5,Borderline-SMOTE,4,0.9591836734693877,0.9659090909090909,0.9883720930232558,1.0,0.25,0.02,0.00672541743970323,0.16477272727272893
Kaggle,XGBoost,0.02,0.5,ADASYN,4,0.958904109589041,0.9659090909090909,0.9883720930232558,0.9880952380952381,0.5,0.02,0.007004981320049897,0.17045454545454727
Kaggle,Random forest,0.02,0.5,ADASYN,4,0.958904109589041,0.9772727272727273,1.0,1.0,0.5,0.02,0.01836861768368625,0.4469696969696982
Kaggle,XGBoost,0.02,1.0,Random oversampling,4,0.9795918367346939,1.0,1.0,1.0,1.0,0.06,0.020408163265306145,1.0
Kaggle,Random forest,0.02,1.0,Random oversampling,4,0.9795918367346939,1.0,1.0,1.0,1.0,0.0,0.020408163265306145,1.0
Kaggle,XGBoost,0.02,1.0,SMOTE,4,0.9795918367346939,0.9886363636363636,0.9942857142857143,1.0,0.6666666666666666,0.04,0.009044526901669792,0.4431818181818193
Kaggle,Random forest,0.02,1.0,SMOTE,4,0.9795918367346939,0.9829545454545454,1.0,1.0,0.5,0.0,0.0033627087198515593,0.1647727272727262
Kaggle,XGBoost,0.02,1.0,Borderline-SMOTE,4,0.9795918367346939,0.9772727272727273,0.9885057471264368,1.0,0.3333333333333333,0.04,0.002319109461966562,-0.11363636363636141
Kaggle,Random forest,0.02,1.0,Borderline-SMOTE,4,0.9795918367346939,0.9772727272727273,1.0,0.9941176470588236,0.5,0.04,0.002319109461966562,-0.11363636363636141
Kaggle,XGBoost,0.02,1.0,ADASYN,4,0.9794520547945206,0.9885714285714285,0.9885714285714285,1.0,0.6666666666666666,0.04,0.009119373776907969,0.44380952380952177
Kaggle,Random forest,0.02,1.0,ADASYN,4,0.9794520547945206,0.9828571428571429,1.0,1.0,0.5,0.0,0.003405088062622297,0.16571428571428534
Kaggle,XGBoost,0.02,0.5,Random oversampling,5,0.9591836734693877,1.0,0.9887640449438202,1.0,1.0,0.06,0.04081632653061229,1.0
Kaggle,Random forest,0.02,0.5,Random oversampling,5,0.9591836734693877,1.0,1.0,1.0,1.0,0.0,0.04081632653061229,1.0
Kaggle,XGBoost,0.02,0.5,SMOTE,5,0.9591836734693877,0.9545454545454546,1.0,0.9882352941176471,0.0,0.04,0.004638218923933124,-0.11363636363636141
Kaggle,Random forest,0.02,0.5,SMOTE,5,0.9591836734693877,0.9772727272727273,1.0,1.0,0.3333333333333333,0.02,0.018089053803339583,0.4431818181818193
Kaggle,XGBoost,0.02,0.5,Borderline-SMOTE,5,0.9591836734693877,0.9886363636363636,1.0,1.0,0.6666666666666666,0.02,0.029452690166975937,0.7215909090909096
Kaggle,Random forest,0.02,0.5,Borderline-SMOTE,5,0.9591836734693877,0.9772727272727273,1.0,1.0,0.3333333333333333,0.0,0.018089053803339583,0.4431818181818193
Kaggle,XGBoost,0.02,0.5,ADASYN,5,0.9595505617977528,0.9662921348314607,1.0,1.0,0.0,0.02,0.006741573033707926,0.16666666666666805
Kaggle,Random forest,0.02,0.5,ADASYN,5,0.9595505617977528,0.9775280898876404,1.0,1.0,0.3333333333333333,0.0,0.017977528089887618,0.44444444444444353
Kaggle,XGBoost,0.02,1.0,Random oversampling,5,0.9795918367346939,1.0,0.9943820224719101,1.0,1.0,0.04,0.020408163265306145,1.0
Kaggle,Random forest,0.02,1.0,Random oversampling,5,0.9795918367346939,1.0,1.0,1.0,1.0,0.0,0.020408163265306145,1.0
Kaggle,XGBoost,0.02,1.0,SMOTE,5,0.9795918367346939,0.9943502824858758,1.0,1.0,0.5,0.02,0.014758445751181903,0.7231638418079125
Kaggle,Random forest,0.02,1.0,SMOTE,5,0.9795918367346939,0.9887005649717514,1.0,1.0,0.0,0.02,0.00910872823705755,0.4463276836158195
Kaggle,XGBoost,0.02,1.0,Borderline-SMOTE,5,0.9795918367346939,0.9887005649717514,1.0,0.9942857142857143,0.5,0.0,0.00910872823705755,0.4463276836158195
Kaggle,Random forest,0.02,1.0,Borderline-SMOTE,5,0.9795918367346939,0.9943502824858758,1.0,1.0,0.5,0.0,0.014758445751181903,0.7231638418079125
Kaggle,XGBoost,0.02,1.0,ADASYN,5,0.9797752808988764,0.9943820224719101,0.9943820224719101,1.0,0.5,0.04,0.014606741573033655,0.722222222222221
Kaggle,Random forest,0.02,1.0,ADASYN,5,0.9797752808988764,0.9831460674157303,1.0,0.9943181818181818,0.0,0.02,0.003370786516853852,0.166666666666663
Kaggle,XGBoost,0.02,0.5,Random oversampling,6,0.9591836734693877,1.0,0.9361702127659575,1.0,1.0,0.06,0.04081632653061229,1.0
Kaggle,Random forest,0.02,0.5,Random oversampling,6,0.9591836734693877,1.0,0.9777777777777777,1.0,1.0,0.02,0.04081632653061229,1.0
Kaggle,XGBoost,0.02,0.5,SMOTE,6,0.9591836734693877,0.9659090909090909,1.0,1.0,0.5,0.04,0.00672541743970323,0.16477272727272893
Kaggle,Random forest,0.02,0.5,SMOTE,6,0.9591836734693877,0.9659090909090909,0.9883720930232558,1.0,0.5,0.02,0.00672541743970323,0.16477272727272893
Kaggle,XGBoost,0.02,0.5,Borderline-SMOTE,6,0.9591836734693877,0.9545454545454546,0.9545454545454546,1.0,0.3333333333333333,0.06,0.004638218923933124,-0.11363636363636141
Kaggle,Random forest,0.02,0.5,Borderline-SMOTE,6,0.9591836734693877,0.9431818181818182,0.9764705882352941,1.0,0.16666666666666666,0.02,0.016001855287569478,-0.39204545454545175
Kaggle,XGBoost,0.02,0.5,ADASYN,6,0.9595505617977528,0.9550561797752809,1.0,1.0,0.3333333333333333,0.04,0.004494382022471877,-0.1111111111111102
Kaggle,Random forest,0.02,0.5,ADASYN,6,0.9595505617977528,0.9550561797752809,0.9883720930232558,1.0,0.3333333333333333,0.02,0.004494382022471877,-0.1111111111111102
Kaggle,XGBoost,0.02,1.0,Random oversampling,6,0.9795918367346939,1.0,0.9723756906077348,1.0,1.0,0.08,0.020408163265306145,1.0
Kaggle,Random forest,0.02,1.0,Random oversampling,6,0.9795918367346939,1.0,0.9943502824858758,1.0,1.0,0.02,0.020408163265306145,1.0
Kaggle,XGBoost,0.02,1.0,SMOTE,6,0.9795918367346939,0.9829545454545454,0.9885714285714285,1.0,0.4,0.04,0.0033627087198515593,0.1647727272727262
Kaggle,Random forest,0.02,1.0,SMOTE,6,0.9795918367346939,0.9715909090909091,1.0,0.9883040935672515,0.4,0.0,0.008000927643784794,-0.3920454545454545
Kaggle,XGBoost,0.02,1.0,Borderline-SMOTE,6,0.9795918367346939,0.9829545454545454,0.9774011299435028,1.0,0.4,0.08,0.0033627087198515593,0.1647727272727262
Kaggle,Random forest,0.02,1.0,Borderline-SMOTE,6,0.9795918367346939,0.9829545454545454,0.9885714285714285,1.0,0.4,0.02,0.0033627087198515593,0.1647727272727262
Kaggle,XGBoost,0.02,1.0,ADASYN,6,0.9797752808988764,0.9831460674157303,0.9943181818181818,1.0,0.4,0.06,0.003370786516853852,0.166666666666663
Kaggle,Random forest,0.02,1.0,ADASYN,6,0.9797752808988764,0.9831460674157303,0.9943181818181818,1.0,0.4,0.0,0.003370786516853852,0.166666666666663
Kaggle,XGBoost,0.02,0.5,Random oversampling,7,0.9591836734693877,1.0,0.9263157894736842,1.0,1.0,0.12,0.04081632653061229,1.0
Kaggle,Random forest,0.02,0.5,Random oversampling,7,0.9591836734693877,1.0,0.967032967032967,1.0,1.0,0.02,0.04081632653061229,1.0
Kaggle,XGBoost,0.02,0.5,SMOTE,7,0.9591836734693877,0.9659090909090909,0.9139784946236559,1.0,0.4,0.08,0.00672541743970323,0.16477272727272893
Kaggle,Random forest,0.02,0.5,SMOTE,7,0.9591836734693877,0.9431818181818182,0.9540229885057471,0.9879518072289156,0.2,0.04,0.016001855287569478,-0.39204545454545175
Kaggle,XGBoost,0.02,0.5,Borderline-SMOTE,7,0.9591836734693877,0.9545454545454546,0.9230769230769231,1.0,0.2,0.1,0.004638218923933124,-0.11363636363636141
Kaggle,Random forest,0.02,0.5,Borderline-SMOTE,7,0.9591836734693877,0.9431818181818182,0.9764705882352941,1.0,0.0,0.02,0.016001855287569478,-0.39204545454545175
Kaggle,XGBoost,0.02,0.5,ADASYN,7,0.9598214285714286,0.9444444444444444,0.9042553191489362,1.0,0.0,0.08,0.015376984126984183,-0.38271604938271775
Kaggle,Random forest,0.02,0.5,ADASYN,7,0.9598214285714286,0.9555555555555556,0.9555555555555556,1.0,0.2,0.04,0.004265873015873001,-0.10617283950617254
Kaggle,XGBoost,0.02,1.0,Random oversampling,7,0.9795918367346939,1.0,0.9779005524861878,1.0,1.0,0.1,0.020408163265306145,1.0
Kaggle,Random forest,0.02,1.0,Random oversampling,7,0.9795918367346939,1.0,0.9888268156424581,1.0,1.0,0.0,0.020408163265306145,1.0
Kaggle,XGBoost,0.02,1.0,SMOTE,7,0.9795918367346939,1.0,0.9672131147540983,1.0,1.0,0.06,0.020408163265306145,1.0
Kaggle,Random forest,0.02,1.0,SMOTE,7,0.9795918367346939,0.9943502824858758,0.9832402234636871,1.0,0.5,0.04,0.014758445751181903,0.7231638418079125
Kaggle,XGBoost,0.02,1.0,Borderline-SMOTE,7,0.9795918367346939,0.9943502824858758,0.9617486338797814,1.0,0.5,0.06,0.014758445751181903,0.7231638418079125
Kaggle,Random forest,0.02,1.0,Borderline-SMOTE,7,0.9795918367346939,0.9887005649717514,0.9831460674157303,1.0,0.0,0.02,0.00910872823705755,0.4463276836158195
Kaggle,XGBoost,0.02,1.0,ADASYN,7,0.979498861047836,0.9829545454545454,0.9505494505494505,0.9942528735632183,0.0,0.1,0.003455684406709403,0.16856060606060327
Kaggle,Random forest,0.02,1.0,ADASYN,7,0.979498861047836,0.9943181818181818,0.9722222222222222,1.0,0.5,0.04,0.014819320770345756,0.7228535353535326
Kaggle,XGBoost,0.02,0.5,Random oversampling,8,0.9591836734693877,1.0,0.9887640449438202,1.0,1.0,0.04,0.04081632653061229,1.0
Kaggle,Random forest,0.02,0.5,Random oversampling,8,0.9591836734693877,1.0,0.9887640449438202,1.0,1.0,0.0,0.04081632653061229,1.0
Kaggle,XGBoost,0.02,0.5,SMOTE,8,0.9591836734693877,0.9545454545454546,0.9882352941176471,1.0,0.2,0.04,0.004638218923933124,-0.11363636363636141
Kaggle,Random forest,0.02,0.5,SMOTE,8,0.9591836734693877,0.9659090909090909,0.9883720930232558,1.0,0.4,0.02,0.00672541743970323,0.16477272727272893
Kaggle,XGBoost,0.02,0.5,Borderline-SMOTE,8,0.9591836734693877,0.9545454545454546,0.9882352941176471,1.0,0.2,0.04,0.004638218923933124,-0.11363636363636141
Kaggle,Random forest,0.02,0.5,Borderline-SMOTE,8,0.9591836734693877,0.9545454545454546,1.0,1.0,0.2,0.04,0.004638218923933124,-0.11363636363636141
Kaggle,XGBoost,0.02,0.5,ADASYN,8,0.96,0.9666666666666667,0.9886363636363636,1.0,0.4,0.02,0.00666666666666671,0.1666666666666676
Kaggle,Random forest,0.02,0.5,ADASYN,8,0.96,0.9555555555555556,0.9885057471264368,0.9882352941176471,0.4,0.0,0.004444444444444362,-0.11111111111110895
Kaggle,XGBoost,0.02,1.0,Random oversampling,8,0.9795918367346939,1.0,0.9888268156424581,1.0,1.0,0.08,0.020408163265306145,1.0
Kaggle,Random forest,0.02,1.0,Random oversampling,8,0.9795918367346939,1.0,0.9943820224719101,1.0,1.0,0.0,0.020408163265306145,1.0
Kaggle,XGBoost,0.02,1.0,SMOTE,8,0.9795918367346939,0.9830508474576272,0.9942857142857143,1.0,0.4,0.02,0.003459010722933309,0.16949152542373194
Kaggle,Random forest,0.02,1.0,SMOTE,8,0.9795918367346939,0.9830508474576272,0.9942857142857143,1.0,0.4,0.0,0.003459010722933309,0.16949152542373194
Kaggle,XGBoost,0.02,1.0,Borderline-SMOTE,8,0.9795918367346939,0.9717514124293786,1.0,1.0,0.0,0.02,0.007840424305315286,-0.38418079096044855
Kaggle,Random forest,0.02,1.0,Borderline-SMOTE,8,0.9795918367346939,0.9661016949152542,1.0,0.9941860465116279,0.0,0.02,0.013490141819439638,-0.6610169491525415
Kaggle,XGBoost,0.02,1.0,ADASYN,8,0.9795918367346939,0.9830508474576272,0.9942857142857143,1.0,0.4,0.02,0.003459010722933309,0.16949152542373194
Kaggle,Random forest,0.02,1.0,ADASYN,8,0.9795918367346939,0.9830508474576272,0.9942857142857143,1.0,0.4,0.0,0.003459010722933309,0.16949152542373194
Kaggle,XGBoost,0.02,0.5,Random oversampling,9,0.9591836734693877,1.0,0.9777777777777777,1.0,1.0,0.06,0.04081632653061229,1.0
Kaggle,Random forest,0.02,0.5,Random oversampling,9,0.9591836734693877,1.0,0.9887640449438202,1.0,1.0,0.04,0.04081632653061229,1.0
Kaggle,XGBoost,0.02,0.5,SMOTE,9,0.9591836734693877,0.9772727272727273,0.945054945054945,1.0,0.3333333333333333,0.04,0.018089053803339583,0.4431818181818193
Kaggle,Random forest,0.02,0.5,SMOTE,9,0.9591836734693877,0.9659090909090909,0.9770114942528736,1.0,0.0,0.02,0.00672541743970323,0.16477272727272893
Kaggle,XGBoost,0.02,0.5,Borderline-SMOTE,9,0.9591836734693877,0.9545454545454546,0.9655172413793104,0.9882352941176471,0.0,0.04,0.004638218923933124,-0.11363636363636141
Kaggle,Random forest,0.02,0.5,Borderline-SMOTE,9,0.9591836734693877,0.9545454545454546,0.9767441860465116,0.9882352941176471,0.0,0.02,0.004638218923933124,-0.11363636363636141
Kaggle,XGBoost,0.02,0.5,ADASYN,9,0.9586206896551724,0.9655172413793104,0.9438202247191011,1.0,0.0,0.08,0.006896551724137945,0.1666666666666671
Kaggle,Random forest,0.02,0.5,ADASYN,9,0.9586206896551724,0.9655172413793104,0.9767441860465116,0.9880952380952381,0.3333333333333333,0.04,0.006896551724137945,0.1666666666666671
Kaggle,XGBoost,0.02,1.0,Random oversampling,9,0.9795918367346939,1.0,0.9943502824858758,1.0,1.0,0.02,0.020408163265306145,1.0
Kaggle,Random forest,0.02,1.0,Random oversampling,9,0.9795918367346939,1.0,1.0,1.0,1.0,0.02,0.020408163265306145,1.0
Kaggle,XGBoost,0.02,1.0,SMOTE,9,0.9795918367346939,0.9886363636363636,0.9886363636363636,1.0,0.3333333333333333,0.04,0.009044526901669792,0.4431818181818193
Kaggle,Random forest,0.02,1.0,SMOTE,9,0.9795918367346939,0.9829545454545454,0.9885714285714285,1.0,0.0,0.04,0.0033627087198515593,0.1647727272727262
Kaggle,XGBoost,0.02,1.0,Borderline-SMOTE,9,0.9795918367346939,0.9829545454545454,0.9829545454545454,0.9942196531791907,0.3333333333333333,0.04,0.0033627087198515593,0.1647727272727262
Kaggle,Random forest,0.02,1.0,Borderline-SMOTE,9,0.9795918367346939,0.9772727272727273,0.9885057471264368,0.9942196531791907,0.0,0.02,0.002319109461966562,-0.11363636363636141
Kaggle,XGBoost,0.02,1.0,ADASYN,9,0.9797297297297297,0.9943820224719101,0.9619565217391305,1.0,0.6666666666666666,0.08,0.014652292742180384,0.7228464419475651
Kaggle,Random forest,0.02,1.0,ADASYN,9,0.9797297297297297,0.9831460674157303,0.9887005649717514,1.0,0.0,0.06,0.003416337686000581,0.1685393258426952
Kaggle,XGBoost,0.05,0.5,Random oversampling,0,0.8946135831381733,1.0,0.9052631578947369,1.0,1.0,0.16,0.1053864168618267,1.0
Kaggle,Random forest,0.05,0.5,Random oversampling,0,0.8946135831381733,1.0,0.9662921348314607,1.0,1.0,0.08,0.1053864168618267,1.0
Kaggle,XGBoost,0.05,0.5,SMOTE,0,0.8946135831381733,0.9302325581395349,0.9302325581395349,0.9615384615384616,0.625,0.14,0.035618975001361575,0.3379844961240309
Kaggle,Random forest,0.05,0.5,SMOTE,0,0.8946135831381733,0.9069767441860465,0.9873417721518988,0.9743589743589743,0.25,0.08,0.012363161047873161,0.11731266149870755
Kaggle,XGBoost,0.05,0.5,Borderline-SMOTE,0,0.8946135831381733,0.9418604651162791,0.9310344827586207,0.9871794871794872,0.5,0.2,0.04724688197810578,0.4483204134366926
Kaggle,Random forest,0.05,0.5,Borderline-SMOTE,0,0.8946135831381733,0.9302325581395349,0.9523809523809523,0.9743589743589743,0.5,0.1,0.035618975001361575,0.3379844961240309
Kaggle,XGBoost,0.05,0.5,ADASYN,0,0.8979591836734694,0.9431818181818182,0.9540229885057471,1.0,0.2857142857142857,0.16,0.04522263450834885,0.4431818181818187
Kaggle,Random forest,0.05,0.5,ADASYN,0,0.8979591836734694,0.9545454545454546,0.9333333333333333,0.9753086419753086,0.7142857142857143,0.1,0.0565862708719852,0.5545454545454549
Kaggle,XGBoost,0.05,1.0,Random oversampling,0,0.9473684210526315,1.0,0.9395604395604396,1.0,1.0,0.16,0.052631578947368474,1.0
Kaggle,Random forest,0.05,1.0,Random oversampling,0,0.9473684210526315,1.0,0.9827586206896551,1.0,1.0,0.08,0.052631578947368474,1.0
Kaggle,XGBoost,0.05,1.0,SMOTE,0,0.9473684210526315,0.9766081871345029,0.9766081871345029,1.0,0.5,0.12,0.0292397660818714,0.555555555555556
Kaggle,Random forest,0.05,1.0,SMOTE,0,0.9473684210526315,0.9766081871345029,0.9597701149425287,1.0,0.5,0.12,0.0292397660818714,0.555555555555556
Kaggle,XGBoost,0.05,1.0,Borderline-SMOTE,0,0.9473684210526315,0.9824561403508771,0.96,1.0,0.625,0.16,0.03508771929824561,0.666666666666666
Kaggle,Random forest,0.05,1.0,Borderline-SMOTE,0,0.9473684210526315,0.9766081871345029,0.9709302325581395,1.0,0.5,0.1,0.0292397660818714,0.555555555555556
Kaggle,XGBoost,0.05,1.0,ADASYN,0,0.946236559139785,0.9523809523809523,0.9580838323353293,0.98125,0.375,0.18,0.006144393241167334,0.11428571428571252
Kaggle,Random forest,0.05,1.0,ADASYN,0,0.946236559139785,0.9702380952380952,0.9644970414201184,0.99375,0.5,0.12,0.02400153609831024,0.44642857142857084
Kaggle,XGBoost,0.05,0.5,Random oversampling,1,0.8946135831381733,1.0,0.9148936170212766,1.0,1.0,0.12,0.1053864168618267,1.0
Kaggle,Random forest,0.05,0.5,Random oversampling,1,0.8946135831381733,1.0,0.9555555555555556,1.0,1.0,0.08,0.1053864168618267,1.0
Kaggle,XGBoost,0.05,0.5,SMOTE,1,0.8946135831381733,0.8604651162790697,0.925,0.9726027397260274,0.23076923076923078,0.04,0.034148466859103555,-0.32403100775193816
Kaggle,Random forest,0.05,0.5,SMOTE,1,0.8946135831381733,0.9186046511627907,0.9518072289156626,0.9863013698630136,0.5384615384615384,0.1,0.023991068024617368,0.22764857881136924
Kaggle,XGBoost,0.05,0.5,Borderline-SMOTE,1,0.8946135831381733,0.8837209302325582,0.926829268292683,0.9863013698630136,0.3076923076923077,0.12,0.010892652905615141,-0.10335917312661477
Kaggle,Random forest,0.05,0.5,Borderline-SMOTE,1,0.8946135831381733,0.9069767441860465,0.975,0.9863013698630136,0.46153846153846156,0.12,0.012363161047873161,0.11731266149870755
Kaggle,XGBoost,0.05,0.5,ADASYN,1,0.8920863309352518,0.8452380952380952,0.922077922077922,0.9428571428571428,0.35714285714285715,0.08,0.04684823569715657,-0.43412698412698425
Kaggle,Random forest,0.05,0.5,ADASYN,1,0.8920863309352518,0.8690476190476191,0.9733333333333334,0.9571428571428572,0.42857142857142855,0.04,0.023038711887632735,-0.21349206349206334
Kaggle,XGBoost,0.05,1.0,Random oversampling,1,0.9473684210526315,1.0,0.95,1.0,1.0,0.12,0.052631578947368474,1.0
Kaggle,Random forest,0.05,1.0,Random oversampling,1,0.9473684210526315,1.0,0.9827586206896551,1.0,1.0,0.06,0.052631578947368474,1.0
Kaggle,XGBoost,0.05,1.0,SMOTE,1,0.9473684210526315,0.9532163742690059,0.9644970414201184,0.9869281045751634,0.6666666666666666,0.1,0.005847953216374324,0.11111111111111205
Kaggle,Random forest,0.05,1.0,SMOTE,1,0.9473684210526315,0.9532163742690059,0.9760479041916168,0.9869281045751634,0.6666666666666666,0.06,0.005847953216374324,0.11111111111111205
Kaggle,XGBoost,0.05,1.0,Borderline-SMOTE,1,0.9473684210526315,0.9473684210526315,0.9700598802395209,1.0,0.5,0.12,0.0,0.0
Kaggle,Random forest,0.05,1.0,Borderline-SMOTE,1,0.9473684210526315,0.9415204678362573,0.9877300613496932,1.0,0.4444444444444444,0.04,0.005847953216374213,-0.11111111111110994
Kaggle,XGBoost,0.05,1.0,ADASYN,1,0.9484536082474226,0.9371428571428572,0.9647058823529412,0.9936305732484076,0.4444444444444444,0.1,0.011310751104565475,-0.21942857142857006
Kaggle,Random forest,0.05,1.0,ADASYN,1,0.9484536082474226,0.9542857142857143,0.9766081871345029,0.9872611464968153,0.6666666666666666,0.06,0.005832106038291651,0.11314285714285795
Kaggle,XGBoost,0.05,0.5,Random oversampling,2,0.8946135831381733,1.0,0.945054945054945,1.0,1.0,0.16,0.1053864168618267,1.0
Kaggle,Random forest,0.05,0.5,Random oversampling,2,0.8946135831381733,1.0,0.9555555555555556,1.0,1.0,0.08,0.1053864168618267,1.0
Kaggle,XGBoost,0.05,0.5,SMOTE,2,0.8946135831381733,0.8953488372093024,0.9166666666666666,0.9605263157894737,0.4,0.06,0.0007352540711290656,0.006976744186046911
Kaggle,Random forest,0.05,0.5,SMOTE,2,0.8946135831381733,0.9302325581395349,0.9195402298850575,0.9868421052631579,0.5,0.06,0.035618975001361575,0.3379844961240309
Kaggle,XGBoost,0.05,0.5,Borderline-SMOTE,2,0.8946135831381733,0.9302325581395349,0.9302325581395349,1.0,0.4,0.08,0.035618975001361575,0.3379844961240309
Kaggle,Random forest,0.05,0.5,Borderline-SMOTE,2,0.8946135831381733,0.9069767441860465,0.9512195121951219,0.9868421052631579,0.3,0.1,0.012363161047873161,0.11731266149870755
Kaggle,XGBoost,0.05,0.5,ADASYN,2,0.8913043478260869,0.9036144578313253,0.9259259259259259,0.9726027397260274,0.4,0.08,0.012310110005238406,0.1132530120481933
Kaggle,Random forest,0.05,0.5,ADASYN,2,0.8913043478260869,0.891566265060241,0.9135802469135802,0.9726027397260274,0.3,0.04,0.0002619172341540299,0.002409638554217074
Kaggle,XGBoost,0.05,1.0,Random oversampling,2,0.9473684210526315,1.0,0.95,1.0,1.0,0.2,0.052631578947368474,1.0
Kaggle,Random forest,0.05,1.0,Random oversampling,2,0.9473684210526315,1.0,0.9661016949152542,1.0,1.0,0.08,0.052631578947368474,1.0
Kaggle,XGBoost,0.05,1.0,SMOTE,2,0.9473684210526315,0.9649122807017544,0.9482758620689655,0.9938271604938271,0.4444444444444444,0.16,0.01754385964912286,0.33333333333333404
Kaggle,Random forest,0.05,1.0,SMOTE,2,0.9473684210526315,0.9707602339181286,0.9485714285714286,0.9938271604938271,0.5555555555555556,0.08,0.023391812865497075,0.444444444444444
Kaggle,XGBoost,0.05,1.0,Borderline-SMOTE,2,0.9473684210526315,0.9649122807017544,0.9482758620689655,0.9938271604938271,0.4444444444444444,0.14,0.01754385964912286,0.33333333333333404
Kaggle,Random forest,0.05,1.0,Borderline-SMOTE,2,0.9473684210526315,0.9649122807017544,0.9593023255813954,0.9938271604938271,0.4444444444444444,0.1,0.01754385964912286,0.33333333333333404
Kaggle,XGBoost,0.05,1.0,ADASYN,2,0.9482163406214039,0.9655172413793104,0.96,1.0,0.3333333333333333,0.1,0.017300900757906468,0.3340996168582383
Kaggle,Random forest,0.05,1.0,ADASYN,2,0.9482163406214039,0.9770114942528736,0.9550561797752809,1.0,0.5555555555555556,0.06,0.028795153631469672,0.5560664112388255
Kaggle,XGBoost,0.05,0.5,Random oversampling,3,0.8946135831381733,1.0,0.9148936170212766,1.0,1.0,0.14,0.1053864168618267,1.0
Kaggle,Random forest,0.05,0.5,Random oversampling,3,0.8946135831381733,1.0,0.9662921348314607,1.0,1.0,0.06,0.1053864168618267,1.0
Kaggle,XGBoost,0.05,0.5,SMOTE,3,0.8946135831381733,0.8488372093023255,0.9240506329113924,0.958904109589041,0.23076923076923078,0.12,0.04577637383584776,-0.43436692506459984
Kaggle,Random forest,0.05,0.5,SMOTE,3,0.8946135831381733,0.8604651162790697,0.9135802469135802,0.958904109589041,0.3076923076923077,0.08,0.034148466859103555,-0.32403100775193816
Kaggle,XGBoost,0.05,0.5,Borderline-SMOTE,3,0.8946135831381733,0.8604651162790697,0.9367088607594937,0.9863013698630136,0.15384615384615385,0.12,0.034148466859103555,-0.32403100775193816
Kaggle,Random forest,0.05,0.5,Borderline-SMOTE,3,0.8946135831381733,0.8604651162790697,0.9024390243902439,0.9863013698630136,0.15384615384615385,0.08,0.034148466859103555,-0.32403100775193816
Kaggle,XGBoost,0.05,0.5,ADASYN,3,0.8993288590604027,0.9,0.9101123595505618,1.0,0.25,0.1,0.0006711409395973034,0.006666666666666549
Kaggle,Random forest,0.05,0.5,ADASYN,3,0.8993288590604027,0.8888888888888888,0.898876404494382,0.9871794871794872,0.25,0.06,0.01043997017151388,-0.10370370370370458
Kaggle,XGBoost,0.05,1.0,Random oversampling,3,0.9473684210526315,1.0,0.9447513812154696,1.0,1.0,0.14,0.052631578947368474,1.0
Kaggle,Random forest,0.05,1.0,Random oversampling,3,0.9473684210526315,1.0,0.9884393063583815,1.0,1.0,0.08,0.052631578947368474,1.0
Kaggle,XGBoost,0.05,1.0,SMOTE,3,0.9473684210526315,0.9590643274853801,0.9534883720930233,1.0,0.36363636363636365,0.12,0.011695906432748537,0.222222222222222
Kaggle,Random forest,0.05,1.0,SMOTE,3,0.9473684210526315,0.9532163742690059,0.9476744186046512,0.99375,0.36363636363636365,0.1,0.005847953216374324,0.11111111111111205
Kaggle,XGBoost,0.05,1.0,Borderline-SMOTE,3,0.9473684210526315,0.9532163742690059,0.9476744186046512,0.99375,0.36363636363636365,0.08,0.005847953216374324,0.11111111111111205
Kaggle,Random forest,0.05,1.0,Borderline-SMOTE,3,0.9473684210526315,0.9473684210526315,0.9642857142857143,0.98125,0.45454545454545453,0.08,0.0,0.0
Kaggle,XGBoost,0.05,1.0,ADASYN,3,0.9469964664310954,0.9705882352941176,0.953757225433526,1.0,0.5454545454545454,0.1,0.023591768863022278,0.4450980392156866
Kaggle,Random forest,0.05,1.0,ADASYN,3,0.9469964664310954,0.9588235294117647,0.9644970414201184,1.0,0.36363636363636365,0.08,0.011827062980669378,0.2231372549019621
Kaggle,XGBoost,0.05,0.5,Random oversampling,4,0.8946135831381733,1.0,0.9148936170212766,1.0,1.0,0.18,0.1053864168618267,1.0
Kaggle,Random forest,0.05,0.5,Random oversampling,4,0.8946135831381733,1.0,0.945054945054945,1.0,1.0,0.06,0.1053864168618267,1.0
Kaggle,XGBoost,0.05,0.5,SMOTE,4,0.8946135831381733,0.8372093023255814,0.9230769230769231,0.9861111111111112,0.07142857142857142,0.06,0.05740428081259186,-0.5447028423772605
Kaggle,Random forest,0.05,0.5,SMOTE,4,0.8946135831381733,0.8604651162790697,0.9367088607594937,0.9861111111111112,0.21428571428571427,0.1,0.034148466859103555,-0.32403100775193816
Kaggle,XGBoost,0.05,0.5,Borderline-SMOTE,4,0.8946135831381733,0.8604651162790697,0.9024390243902439,0.9861111111111112,0.21428571428571427,0.16,0.034148466859103555,-0.32403100775193816
Kaggle,Random forest,0.05,0.5,Borderline-SMOTE,4,0.8946135831381733,0.8372093023255814,0.9473684210526315,0.9583333333333334,0.21428571428571427,0.1,0.05740428081259186,-0.5447028423772605
Kaggle,XGBoost,0.05,0.5,ADASYN,4,0.8905109489051095,0.8170731707317073,0.9054054054054054,0.9420289855072463,0.15384615384615385,0.1,0.07343777817340225,-0.670731707317074
Kaggle,Random forest,0.05,0.5,ADASYN,4,0.8905109489051095,0.8902439024390244,0.9240506329113924,0.9710144927536232,0.46153846153846156,0.08,0.00026704646608510796,-0.0024390243902439866
Kaggle,XGBoost,0.05,1.0,Random oversampling,4,0.9473684210526315,1.0,0.95,1.0,1.0,0.2,0.052631578947368474,1.0
Kaggle,Random forest,0.05,1.0,Random oversampling,4,0.9473684210526315,1.0,0.9661016949152542,1.0,1.0,0.08,0.052631578947368474,1.0
Kaggle,XGBoost,0.05,1.0,SMOTE,4,0.9473684210526315,0.9415204678362573,0.9526627218934911,0.9937106918238994,0.25,0.18,0.005847953216374213,-0.11111111111110994
Kaggle,Random forest,0.05,1.0,SMOTE,4,0.9473684210526315,0.9415204678362573,0.9526627218934911,0.9874213836477987,0.3333333333333333,0.16,0.005847953216374213,-0.11111111111110994
Kaggle,XGBoost,0.05,1.0,Borderline-SMOTE,4,0.9473684210526315,0.9473684210526315,0.9700598802395209,0.9937106918238994,0.3333333333333333,0.16,0.0,0.0
Kaggle,Random forest,0.05,1.0,Borderline-SMOTE,4,0.9473684210526315,0.9415204678362573,0.9817073170731707,0.9874213836477987,0.3333333333333333,0.16,0.005847953216374213,-0.11111111111110994
Kaggle,XGBoost,0.05,1.0,ADASYN,4,0.9477351916376306,0.930635838150289,0.9526627218934911,0.9937888198757764,0.08333333333333333,0.14,0.017099353487341595,-0.3271676300578024
Kaggle,Random forest,0.05,1.0,ADASYN,4,0.9477351916376306,0.930635838150289,0.9526627218934911,0.9813664596273292,0.25,0.18,0.017099353487341595,-0.3271676300578024
Kaggle,XGBoost,0.05,0.5,Random oversampling,5,0.8946135831381733,1.0,0.9772727272727273,1.0,1.0,0.18,0.1053864168618267,1.0
Kaggle,Random forest,0.05,0.5,Random oversampling,5,0.8946135831381733,1.0,0.9885057471264368,1.0,1.0,0.12,0.1053864168618267,1.0
Kaggle,XGBoost,0.05,0.5,SMOTE,5,0.8946135831381733,0.9534883720930233,0.9647058823529412,1.0,0.5,0.12,0.05887478895484999,0.5586563307493543
Kaggle,Random forest,0.05,0.5,SMOTE,5,0.8946135831381733,0.9418604651162791,0.9759036144578314,0.9871794871794872,0.5,0.12,0.04724688197810578,0.4483204134366926
Kaggle,XGBoost,0.05,0.5,Borderline-SMOTE,5,0.8946135831381733,0.9302325581395349,0.9523809523809523,1.0,0.25,0.18,0.035618975001361575,0.3379844961240309
Kaggle,Random forest,0.05,0.5,Borderline-SMOTE,5,0.8946135831381733,0.9069767441860465,0.9629629629629629,0.9871794871794872,0.125,0.14,0.012363161047873161,0.11731266149870755
Kaggle,XGBoost,0.05,0.5,ADASYN,5,0.8979591836734694,0.9204545454545454,0.9529411764705882,0.9875,0.25,0.14,0.02249536178107603,0.22045454545454507
Kaggle,Random forest,0.05,0.5,ADASYN,5,0.8979591836734694,0.9204545454545454,0.9759036144578314,1.0,0.125,0.14,0.02249536178107603,0.22045454545454507
Kaggle,XGBoost,0.05,1.0,Random oversampling,5,0.9473684210526315,1.0,0.9715909090909091,1.0,1.0,0.2,0.052631578947368474,1.0
Kaggle,Random forest,0.05,1.0,Random oversampling,5,0.9473684210526315,1.0,0.9941860465116279,1.0,1.0,0.12,0.052631578947368474,1.0
Kaggle,XGBoost,0.05,1.0,SMOTE,5,0.9473684210526315,0.9766081871345029,0.9881656804733728,1.0,0.2,0.16,0.0292397660818714,0.555555555555556
Kaggle,Random forest,0.05,1.0,SMOTE,5,0.9473684210526315,0.9766081871345029,0.9881656804733728,1.0,0.2,0.14,0.0292397660818714,0.555555555555556
Kaggle,XGBoost,0.05,1.0,Borderline-SMOTE,5,0.9473684210526315,0.9707602339181286,0.9764705882352941,0.9939759036144579,0.2,0.16,0.023391812865497075,0.444444444444444
Kaggle,Random forest,0.05,1.0,Borderline-SMOTE,5,0.9473684210526315,0.9707602339181286,0.9764705882352941,0.9939759036144579,0.2,0.12,0.023391812865497075,0.444444444444444
Kaggle,XGBoost,0.05,1.0,ADASYN,5,0.946236559139785,0.9761904761904762,0.9820359281437125,1.0,0.2,0.14,0.02995391705069117,0.5571428571428563
Kaggle,Random forest,0.05,1.0,ADASYN,5,0.946236559139785,0.9702380952380952,0.9939024390243902,0.9938650306748467,0.2,0.16,0.02400153609831024,0.44642857142857084
Kaggle,XGBoost,0.05,0.5,Random oversampling,6,0.8946135831381733,1.0,0.8958333333333334,1.0,1.0,0.12,0.1053864168618267,1.0
Kaggle,Random forest,0.05,0.5,Random oversampling,6,0.8946135831381733,1.0,0.945054945054945,1.0,1.0,0.12,0.1053864168618267,1.0
Kaggle,XGBoost,0.05,0.5,SMOTE,6,0.8946135831381733,0.872093023255814,0.9036144578313253,0.9473684210526315,0.3,0.18,0.022520559882359348,-0.21369509043927645
Kaggle,Random forest,0.05,0.5,SMOTE,6,0.8946135831381733,0.9186046511627907,0.9186046511627907,0.9605263157894737,0.6,0.18,0.023991068024617368,0.22764857881136924
Kaggle,XGBoost,0.05,0.5,Borderline-SMOTE,6,0.8946135831381733,0.9186046511627907,0.9186046511627907,1.0,0.3,0.2,0.023991068024617368,0.22764857881136924
Kaggle,Random forest,0.05,0.5,Borderline-SMOTE,6,0.8946135831381733,0.9302325581395349,0.9411764705882353,1.0,0.4,0.14,0.035618975001361575,0.3379844961240309
Kaggle,XGBoost,0.05,0.5,ADASYN,6,0.8936170212765957,0.9058823529411765,0.9390243902439024,1.0,0.2,0.14,0.01226533166458077,0.11529411764705919
Kaggle,Random forest,0.05,0.5,ADASYN,6,0.8936170212765957,0.9411764705882353,0.9411764705882353,1.0,0.5,0.12,0.04755944931163958,0.44705882352941184
Kaggle,XGBoost,0.05,1.0,Random oversampling,6,0.9473684210526315,1.0,0.9395604395604396,1.0,1.0,0.16,0.052631578947368474,1.0
Kaggle,Random forest,0.05,1.0,Random oversampling,6,0.9473684210526315,1.0,0.9661016949152542,1.0,1.0,0.14,0.052631578947368474,1.0
Kaggle,XGBoost,0.05,1.0,SMOTE,6,0.9473684210526315,0.9766081871345029,0.943502824858757,1.0,0.5555555555555556,0.16,0.0292397660818714,0.555555555555556
Kaggle,Random forest,0.05,1.0,SMOTE,6,0.9473684210526315,0.9766081871345029,0.9542857142857143,1.0,0.5555555555555556,0.2,0.0292397660818714,0.555555555555556
Kaggle,XGBoost,0.05,1.0,Borderline-SMOTE,6,0.9473684210526315,0.9590643274853801,0.9534883720930233,0.9938271604938271,0.3333333333333333,0.18,0.011695906432748537,0.222222222222222
Kaggle,Random forest,0.05,1.0,Borderline-SMOTE,6,0.9473684210526315,0.9707602339181286,0.9651162790697675,1.0,0.4444444444444444,0.16,0.023391812865497075,0.444444444444444
Kaggle,XGBoost,0.05,1.0,ADASYN,6,0.9468085106382979,0.9705882352941176,0.9375,1.0,0.4444444444444444,0.22,0.02377972465581979,0.44705882352941184
Kaggle,Random forest,0.05,1.0,ADASYN,6,0.9468085106382979,0.9764705882352941,0.9485714285714286,1.0,0.5555555555555556,0.18,0.02966207759699624,0.557647058823529
Kaggle,XGBoost,0.05,0.5,Random oversampling,7,0.8946135831381733,1.0,0.9772727272727273,1.0,1.0,0.18,0.1053864168618267,1.0
Kaggle,Random forest,0.05,0.5,Random oversampling,7,0.8946135831381733,1.0,1.0,1.0,1.0,0.08,0.1053864168618267,1.0
Kaggle,XGBoost,0.05,0.5,SMOTE,7,0.8946135831381733,0.8837209302325582,0.926829268292683,0.9863013698630136,0.3076923076923077,0.12,0.010892652905615141,-0.10335917312661477
Kaggle,Random forest,0.05,0.5,SMOTE,7,0.8946135831381733,0.8372093023255814,0.9473684210526315,0.9452054794520548,0.23076923076923078,0.12,0.05740428081259186,-0.5447028423772605
Kaggle,XGBoost,0.05,0.5,Borderline-SMOTE,7,0.8946135831381733,0.872093023255814,0.9493670886075949,0.9726027397260274,0.3076923076923077,0.14,0.022520559882359348,-0.21369509043927645
Kaggle,Random forest,0.05,0.5,Borderline-SMOTE,7,0.8946135831381733,0.8488372093023255,1.0,0.9452054794520548,0.3076923076923077,0.06,0.04577637383584776,-0.43436692506459984
Kaggle,XGBoost,0.05,0.5,ADASYN,7,0.8993288590604027,0.8666666666666667,0.9512195121951219,0.961038961038961,0.3076923076923077,0.1,0.03266219239373602,-0.3244444444444446
Kaggle,Random forest,0.05,0.5,ADASYN,7,0.8993288590604027,0.8666666666666667,0.975,0.961038961038961,0.3076923076923077,0.06,0.03266219239373602,-0.3244444444444446
Kaggle,XGBoost,0.05,1.0,Random oversampling,7,0.9473684210526315,1.0,0.9827586206896551,1.0,1.0,0.22,0.052631578947368474,1.0
Kaggle,Random forest,0.05,1.0,Random oversampling,7,0.9473684210526315,1.0,0.9941860465116279,1.0,1.0,0.08,0.052631578947368474,1.0
Kaggle,XGBoost,0.05,1.0,SMOTE,7,0.9473684210526315,0.9649122807017544,0.9763313609467456,1.0,0.4,0.12,0.01754385964912286,0.33333333333333404
Kaggle,Random forest,0.05,1.0,SMOTE,7,0.9473684210526315,0.9590643274853801,0.9704142011834319,1.0,0.3,0.12,0.011695906432748537,0.222222222222222
Kaggle,XGBoost,0.05,1.0,Borderline-SMOTE,7,0.9473684210526315,0.9532163742690059,0.9760479041916168,0.9937888198757764,0.3,0.12,0.005847953216374324,0.11111111111111205
Kaggle,Random forest,0.05,1.0,Borderline-SMOTE,7,0.9473684210526315,0.9590643274853801,0.9939393939393939,1.0,0.3,0.08,0.011695906432748537,0.222222222222222
Kaggle,XGBoost,0.05,1.0,ADASYN,7,0.9469964664310954,0.9647058823529412,0.9479768786127167,1.0,0.4,0.1,0.017709415921845828,0.33411764705882435
Kaggle,Random forest,0.05,1.0,ADASYN,7,0.9469964664310954,0.9529411764705882,0.9700598802395209,0.99375,0.3,0.12,0.005944710039492818,0.11215686274509773
Kaggle,XGBoost,0.05,0.5,Random oversampling,8,0.8946135831381733,1.0,0.9148936170212766,1.0,1.0,0.16,0.1053864168618267,1.0
Kaggle,Random forest,0.05,0.5,Random oversampling,8,0.8946135831381733,1.0,0.9885057471264368,1.0,1.0,0.18,0.1053864168618267,1.0
Kaggle,XGBoost,0.05,0.5,SMOTE,8,0.8946135831381733,0.9069767441860465,0.9873417721518988,0.9736842105263158,0.4,0.14,0.012363161047873161,0.11731266149870755
Kaggle,Random forest,0.05,0.5,SMOTE,8,0.8946135831381733,0.9418604651162791,0.9529411764705882,1.0,0.5,0.12,0.04724688197810578,0.4483204134366926
Kaggle,XGBoost,0.05,0.5,Borderline-SMOTE,8,0.8946135831381733,0.9302325581395349,0.975609756097561,0.9868421052631579,0.5,0.16,0.035618975001361575,0.3379844961240309
Kaggle,Random forest,0.05,0.5,Borderline-SMOTE,8,0.8946135831381733,0.9302325581395349,0.9876543209876543,0.9868421052631579,0.5,0.14,0.035618975001361575,0.3379844961240309
Kaggle,XGBoost,0.05,0.5,ADASYN,8,0.8984198645598194,0.9213483146067416,0.9647058823529412,0.9746835443037974,0.5,0.22,0.022928450046922233,0.22571785268414543
Kaggle,Random forest,0.05,0.5,ADASYN,8,0.8984198645598194,0.898876404494382,0.975609756097561,0.9620253164556962,0.4,0.08,0.00045653993456262754,0.004494382022472087
Kaggle,XGBoost,0.05,1.0,Random oversampling,8,0.9473684210526315,1.0,0.9661016949152542,1.0,1.0,0.26,0.052631578947368474,1.0
Kaggle,Random forest,0.05,1.0,Random oversampling,8,0.9473684210526315,1.0,0.9771428571428571,1.0,1.0,0.12,0.052631578947368474,1.0
Kaggle,XGBoost,0.05,1.0,SMOTE,8,0.9473684210526315,0.9532163742690059,0.9878787878787879,1.0,0.2,0.16,0.005847953216374324,0.11111111111111205
Kaggle,Random forest,0.05,1.0,SMOTE,8,0.9473684210526315,0.9590643274853801,0.9820359281437125,0.9937888198757764,0.4,0.12,0.011695906432748537,0.222222222222222
Kaggle,XGBoost,0.05,1.0,Borderline-SMOTE,8,0.9473684210526315,0.9473684210526315,1.0,1.0,0.1,0.12,0.0,0.0
Kaggle,Random forest,0.05,1.0,Borderline-SMOTE,8,0.9473684210526315,0.9649122807017544,0.9939759036144579,1.0,0.4,0.14,0.01754385964912286,0.33333333333333404
Kaggle,XGBoost,0.05,1.0,ADASYN,8,0.9464922711058263,0.9526627218934911,0.9938271604938271,0.9937106918238994,0.3,0.12,0.006170450787664761,0.11531886916502353
Kaggle,Random forest,0.05,1.0,ADASYN,8,0.9464922711058263,0.9467455621301775,0.9815950920245399,0.9874213836477987,0.3,0.08,0.00025329102435112105,0.004733727810650947
Kaggle,XGBoost,0.05,0.5,Random oversampling,9,0.8946135831381733,1.0,0.9662921348314607,1.0,1.0,0.16,0.1053864168618267,1.0
Kaggle,Random forest,0.05,0.5,Random oversampling,9,0.8946135831381733,1.0,0.9772727272727273,1.0,1.0,0.06,0.1053864168618267,1.0
Kaggle,XGBoost,0.05,0.5,SMOTE,9,0.8946135831381733,0.872093023255814,0.9375,0.9864864864864865,0.16666666666666666,0.14,0.022520559882359348,-0.21369509043927645
Kaggle,Random forest,0.05,0.5,SMOTE,9,0.8946135831381733,0.872093023255814,0.974025974025974,0.972972972972973,0.25,0.08,0.022520559882359348,-0.21369509043927645
Kaggle,XGBoost,0.05,0.5,Borderline-SMOTE,9,0.8946135831381733,0.9069767441860465,0.9397590361445783,1.0,0.3333333333333333,0.14,0.012363161047873161,0.11731266149870755
Kaggle,Random forest,0.05,0.5,Borderline-SMOTE,9,0.8946135831381733,0.9186046511627907,0.9753086419753086,1.0,0.4166666666666667,0.06,0.023991068024617368,0.22764857881136924
Kaggle,XGBoost,0.05,0.5,ADASYN,9,0.8979591836734694,0.8863636363636364,0.9512195121951219,1.0,0.16666666666666666,0.1,0.011595547309833032,-0.11363636363636372
Kaggle,Random forest,0.05,0.5,ADASYN,9,0.8979591836734694,0.875,0.9506172839506173,0.9868421052631579,0.16666666666666666,0.06,0.022959183673469385,-0.22499999999999998
Kaggle,XGBoost,0.05,1.0,Random oversampling,9,0.9473684210526315,1.0,0.9553072625698324,1.0,1.0,0.12,0.052631578947368474,1.0
Kaggle,Random forest,0.05,1.0,Random oversampling,9,0.9473684210526315,1.0,0.9884393063583815,1.0,1.0,0.06,0.052631578947368474,1.0
Kaggle,XGBoost,0.05,1.0,SMOTE,9,0.9473684210526315,0.9473684210526315,0.9473684210526315,0.9938271604938271,0.1111111111111111,0.14,0.0,0.0
Kaggle,Random forest,0.05,1.0,SMOTE,9,0.9473684210526315,0.9473684210526315,0.9759036144578314,0.9876543209876543,0.2222222222222222,0.08,0.0,0.0
Kaggle,XGBoost,0.05,1.0,Borderline-SMOTE,9,0.9473684210526315,0.9590643274853801,0.9479768786127167,1.0,0.2222222222222222,0.16,0.011695906432748537,0.222222222222222
Kaggle,Random forest,0.05,1.0,Borderline-SMOTE,9,0.9473684210526315,0.9473684210526315,0.9878048780487805,0.9876543209876543,0.2222222222222222,0.1,0.0,0.0
Kaggle,XGBoost,0.05,1.0,ADASYN,9,0.946236559139785,0.9404761904761905,0.9461077844311377,0.9811320754716981,0.2222222222222222,0.16,0.005760368663594528,-0.10714285714285832
Kaggle,Random forest,0.05,1.0,ADASYN,9,0.946236559139785,0.9464285714285714,0.9754601226993865,0.9748427672955975,0.4444444444444444,0.06,0.00019201228878640286,0.0035714285714270964
Kaggle,XGBoost,0.1,0.5,Random oversampling,0,0.7777777777777778,0.9876543209876543,0.8421052631578947,1.0,0.9411764705882353,0.32,0.20987654320987648,0.9444444444444442
Kaggle,Random forest,0.1,0.5,Random oversampling,0,0.7777777777777778,0.9876543209876543,0.8888888888888888,1.0,0.9411764705882353,0.28,0.20987654320987648,0.9444444444444442
Kaggle,XGBoost,0.1,0.5,SMOTE,0,0.7777777777777778,0.8395061728395061,0.8607594936708861,0.9375,0.47058823529411764,0.32,0.061728395061728336,0.2777777777777775
Kaggle,Random forest,0.1,0.5,SMOTE,0,0.7777777777777778,0.8641975308641975,0.8860759493670886,0.953125,0.5294117647058824,0.28,0.08641975308641969,0.3888888888888886
Kaggle,XGBoost,0.1,0.5,Borderline-SMOTE,0,0.7777777777777778,0.8765432098765432,0.8875,0.953125,0.5882352941176471,0.34,0.09876543209876543,0.4444444444444444
Kaggle,Random forest,0.1,0.5,Borderline-SMOTE,0,0.7777777777777778,0.8641975308641975,0.8641975308641975,0.9375,0.5882352941176471,0.32,0.08641975308641969,0.3888888888888886
Kaggle,XGBoost,0.1,0.5,ADASYN,0,0.7949886104783599,0.8977272727272727,0.8876404494382022,0.9859154929577465,0.5294117647058824,0.24,0.10273866224891282,0.5011363636363636
Kaggle,Random forest,0.1,0.5,ADASYN,0,0.7949886104783599,0.875,0.875,0.9436619718309859,0.5882352941176471,0.22,0.08001138952164011,0.39027777777777783
Kaggle,XGBoost,0.1,1.0,Random oversampling,0,0.8888888888888888,1.0,0.9,1.0,1.0,0.38,0.11111111111111116,1.0
Kaggle,Random forest,0.1,1.0,Random oversampling,0,0.8888888888888888,1.0,0.9418604651162791,1.0,1.0,0.28,0.11111111111111116,1.0
Kaggle,XGBoost,0.1,1.0,SMOTE,0,0.8888888888888888,0.9629629629629629,0.9230769230769231,1.0,0.625,0.32,0.07407407407407407,0.6666666666666663
Kaggle,Random forest,0.1,1.0,SMOTE,0,0.8888888888888888,0.9814814814814815,0.9298245614035088,0.9931506849315068,0.875,0.34,0.09259259259259267,0.8333333333333337
Kaggle,XGBoost,0.1,1.0,Borderline-SMOTE,0,0.8888888888888888,0.9629629629629629,0.9069767441860465,1.0,0.625,0.42,0.07407407407407407,0.6666666666666663
Kaggle,Random forest,0.1,1.0,Borderline-SMOTE,0,0.8888888888888888,0.9753086419753086,0.9239766081871345,1.0,0.75,0.42,0.0864197530864198,0.7777777777777779
Kaggle,XGBoost,0.1,1.0,ADASYN,0,0.8857868020304569,0.9556962025316456,0.9207317073170732,0.9788732394366197,0.75,0.38,0.06990940050118866,0.6120956399437409
Kaggle,Random forest,0.1,1.0,ADASYN,0,0.8857868020304569,0.9683544303797469,0.9329268292682927,0.9859154929577465,0.8125,0.36,0.08256762834928999,0.7229254571026726
Kaggle,XGBoost,0.1,0.5,Random oversampling,1,0.7777777777777778,1.0,0.8350515463917526,1.0,1.0,0.36,0.2222222222222222,1.0
Kaggle,Random forest,0.1,0.5,Random oversampling,1,0.7777777777777778,0.9876543209876543,0.8791208791208791,1.0,0.9565217391304348,0.3,0.20987654320987648,0.9444444444444442
Kaggle,XGBoost,0.1,0.5,SMOTE,1,0.7777777777777778,0.7777777777777778,0.8076923076923077,0.8793103448275862,0.5217391304347826,0.28,0.0,0.0
Kaggle,Random forest,0.1,0.5,SMOTE,1,0.7777777777777778,0.7654320987654321,0.8378378378378378,0.8620689655172413,0.5217391304347826,0.34,0.012345679012345734,-0.0555555555555558
Kaggle,XGBoost,0.1,0.5,Borderline-SMOTE,1,0.7777777777777778,0.8765432098765432,0.8452380952380952,0.9827586206896551,0.6086956521739131,0.26,0.09876543209876543,0.4444444444444444
Kaggle,Random forest,0.1,0.5,Borderline-SMOTE,1,0.7777777777777778,0.9012345679012346,0.8690476190476191,0.9827586206896551,0.6956521739130435,0.32,0.12345679012345678,0.5555555555555556
Kaggle,XGBoost,0.1,0.5,ADASYN,1,0.7831325301204819,0.8674698795180723,0.8470588235294118,0.9666666666666667,0.6086956521739131,0.32,0.08433734939759041,0.38888888888888906
Kaggle,Random forest,0.1,0.5,ADASYN,1,0.7831325301204819,0.8313253012048193,0.8518518518518519,0.9,0.6521739130434783,0.3,0.048192771084337394,0.2222222222222224
Kaggle,XGBoost,0.1,1.0,Random oversampling,1,0.8888888888888888,1.0,0.9204545454545454,1.0,1.0,0.36,0.11111111111111116,1.0
Kaggle,Random forest,0.1,1.0,Random oversampling,1,0.8888888888888888,1.0,0.9473684210526315,1.0,1.0,0.28,0.11111111111111116,1.0
Kaggle,XGBoost,0.1,1.0,SMOTE,1,0.8888888888888888,0.9135802469135802,0.9024390243902439,0.9784172661870504,0.5217391304347826,0.26,0.024691358024691357,0.2222222222222221
Kaggle,Random forest,0.1,1.0,SMOTE,1,0.8888888888888888,0.9691358024691358,0.9075144508670521,0.9856115107913669,0.8695652173913043,0.34,0.08024691358024694,0.7222222222222221
Kaggle,XGBoost,0.1,1.0,Borderline-SMOTE,1,0.8888888888888888,0.9320987654320988,0.9320987654320988,1.0,0.5217391304347826,0.32,0.04320987654320996,0.38888888888888945
Kaggle,Random forest,0.1,1.0,Borderline-SMOTE,1,0.8888888888888888,0.9814814814814815,0.9190751445086706,0.9928057553956835,0.9130434782608695,0.3,0.09259259259259267,0.8333333333333337
Kaggle,XGBoost,0.1,1.0,ADASYN,1,0.8888888888888888,0.9197530864197531,0.9085365853658537,1.0,0.43478260869565216,0.28,0.030864197530864224,0.2777777777777779
Kaggle,Random forest,0.1,1.0,ADASYN,1,0.8888888888888888,0.9629629629629629,0.896551724137931,1.0,0.7391304347826086,0.34,0.07407407407407407,0.6666666666666663
Kaggle,XGBoost,0.1,0.5,Random oversampling,2,0.7777777777777778,0.9753086419753086,0.8876404494382022,0.984375,0.9411764705882353,0.18,0.19753086419753085,0.8888888888888888
Kaggle,Random forest,0.1,0.5,Random oversampling,2,0.7777777777777778,0.9753086419753086,0.9518072289156626,0.984375,0.9411764705882353,0.14,0.19753086419753085,0.8888888888888888
Kaggle,XGBoost,0.1,0.5,SMOTE,2,0.7777777777777778,0.9012345679012346,0.8488372093023255,0.984375,0.5882352941176471,0.22,0.12345679012345678,0.5555555555555556
Kaggle,Random forest,0.1,0.5,SMOTE,2,0.7777777777777778,0.9259259259259259,0.8928571428571429,1.0,0.6470588235294118,0.2,0.14814814814814814,0.6666666666666666
Kaggle,XGBoost,0.1,0.5,Borderline-SMOTE,2,0.7777777777777778,0.8765432098765432,0.8658536585365854,0.96875,0.5294117647058824,0.22,0.09876543209876543,0.4444444444444444
Kaggle,Random forest,0.1,0.5,Borderline-SMOTE,2,0.7777777777777778,0.8641975308641975,0.9090909090909091,0.984375,0.4117647058823529,0.14,0.08641975308641969,0.3888888888888886
Kaggle,XGBoost,0.1,0.5,ADASYN,2,0.7637795275590551,0.8157894736842105,0.8611111111111112,0.9322033898305084,0.4117647058823529,0.18,0.052009946125155415,0.22017543859649125
Kaggle,Random forest,0.1,0.5,ADASYN,2,0.7637795275590551,0.7763157894736842,0.855072463768116,0.864406779661017,0.47058823529411764,0.16,0.012536261914629088,0.05307017543859647
Kaggle,XGBoost,0.1,1.0,Random oversampling,2,0.8888888888888888,1.0,0.9364161849710982,1.0,1.0,0.26,0.11111111111111116,1.0
Kaggle,Random forest,0.1,1.0,Random oversampling,2,0.8888888888888888,1.0,0.9642857142857143,1.0,1.0,0.2,0.11111111111111116,1.0
Kaggle,XGBoost,0.1,1.0,SMOTE,2,0.8888888888888888,0.9691358024691358,0.9075144508670521,1.0,0.5833333333333334,0.34,0.08024691358024694,0.7222222222222221
Kaggle,Random forest,0.1,1.0,SMOTE,2,0.8888888888888888,0.9691358024691358,0.9345238095238095,0.9866666666666667,0.75,0.22,0.08024691358024694,0.7222222222222221
Kaggle,XGBoost,0.1,1.0,Borderline-SMOTE,2,0.8888888888888888,0.9629629629629629,0.9341317365269461,0.9933333333333333,0.5833333333333334,0.26,0.07407407407407407,0.6666666666666663
Kaggle,Random forest,0.1,1.0,Borderline-SMOTE,2,0.8888888888888888,0.9567901234567902,0.9226190476190477,0.9866666666666667,0.5833333333333334,0.2,0.06790123456790131,0.6111111111111116
Kaggle,XGBoost,0.1,1.0,ADASYN,2,0.8936170212765957,0.9529411764705882,0.9204545454545454,0.9873417721518988,0.5,0.32,0.05932415519399248,0.557647058823529
Kaggle,Random forest,0.1,1.0,ADASYN,2,0.8936170212765957,0.9705882352941176,0.9428571428571428,0.9936708860759493,0.6666666666666666,0.18,0.07697121401752194,0.723529411764706
Kaggle,XGBoost,0.1,0.5,Random oversampling,3,0.7777777777777778,1.0,0.9101123595505618,1.0,1.0,0.2,0.2222222222222222,1.0
Kaggle,Random forest,0.1,0.5,Random oversampling,3,0.7777777777777778,1.0,0.8901098901098901,1.0,1.0,0.26,0.2222222222222222,1.0
Kaggle,XGBoost,0.1,0.5,SMOTE,3,0.7777777777777778,0.7901234567901234,0.9142857142857143,0.9833333333333333,0.23809523809523808,0.22,0.012345679012345623,0.0555555555555553
Kaggle,Random forest,0.1,0.5,SMOTE,3,0.7777777777777778,0.8395061728395061,0.9066666666666666,0.9833333333333333,0.42857142857142855,0.16,0.061728395061728336,0.2777777777777775
Kaggle,XGBoost,0.1,0.5,Borderline-SMOTE,3,0.7777777777777778,0.7777777777777778,0.875,0.9333333333333333,0.3333333333333333,0.16,0.0,0.0
Kaggle,Random forest,0.1,0.5,Borderline-SMOTE,3,0.7777777777777778,0.8271604938271605,0.8933333333333333,0.9166666666666666,0.5714285714285714,0.18,0.04938271604938271,0.2222222222222222
Kaggle,XGBoost,0.1,0.5,ADASYN,3,0.7872340425531915,0.7764705882352941,0.8571428571428571,0.9375,0.2857142857142857,0.26,0.01076345431789738,-0.0505882352941177
Kaggle,Random forest,0.1,0.5,ADASYN,3,0.7872340425531915,0.8588235294117647,0.9125,0.96875,0.5238095238095238,0.2,0.07158948685857314,0.3364705882352938
Kaggle,XGBoost,0.1,1.0,Random oversampling,3,0.8888888888888888,1.0,0.9204545454545454,1.0,1.0,0.24,0.11111111111111116,1.0
Kaggle,Random forest,0.1,1.0,Random oversampling,3,0.8888888888888888,1.0,0.9418604651162791,1.0,1.0,0.22,0.11111111111111116,1.0
Kaggle,XGBoost,0.1,1.0,SMOTE,3,0.8888888888888888,0.9320987654320988,0.9207317073170732,0.986013986013986,0.5263157894736842,0.16,0.04320987654320996,0.38888888888888945
Kaggle,Random forest,0.1,1.0,SMOTE,3,0.8888888888888888,0.9567901234567902,0.9337349397590361,0.9790209790209791,0.7894736842105263,0.2,0.06790123456790131,0.6111111111111116
Kaggle,XGBoost,0.1,1.0,Borderline-SMOTE,3,0.8888888888888888,0.9197530864197531,0.9490445859872612,0.972027972027972,0.5263157894736842,0.28,0.030864197530864224,0.2777777777777779
Kaggle,Random forest,0.1,1.0,Borderline-SMOTE,3,0.8888888888888888,0.9567901234567902,0.9281437125748503,0.993006993006993,0.6842105263157895,0.26,0.06790123456790131,0.6111111111111116
Kaggle,XGBoost,0.1,1.0,ADASYN,3,0.8888888888888888,0.9320987654320988,0.9320987654320988,0.993006993006993,0.47368421052631576,0.2,0.04320987654320996,0.38888888888888945
Kaggle,Random forest,0.1,1.0,ADASYN,3,0.8888888888888888,0.9506172839506173,0.9333333333333333,0.993006993006993,0.631578947368421,0.18,0.06172839506172845,0.5555555555555558
Kaggle,XGBoost,0.1,0.5,Random oversampling,4,0.7777777777777778,0.9753086419753086,0.8977272727272727,1.0,0.9130434782608695,0.24,0.19753086419753085,0.8888888888888888
Kaggle,Random forest,0.1,0.5,Random oversampling,4,0.7777777777777778,0.9753086419753086,0.9518072289156626,1.0,0.9130434782608695,0.3,0.19753086419753085,0.8888888888888888
Kaggle,XGBoost,0.1,0.5,SMOTE,4,0.7777777777777778,0.8148148148148148,0.9041095890410958,0.9655172413793104,0.43478260869565216,0.24,0.03703703703703698,0.1666666666666664
Kaggle,Random forest,0.1,0.5,SMOTE,4,0.7777777777777778,0.8024691358024691,0.9027777777777778,0.9310344827586207,0.4782608695652174,0.26,0.024691358024691357,0.1111111111111111
Kaggle,XGBoost,0.1,0.5,Borderline-SMOTE,4,0.7777777777777778,0.8271604938271605,0.9178082191780822,0.9655172413793104,0.4782608695652174,0.28,0.04938271604938271,0.2222222222222222
Kaggle,Random forest,0.1,0.5,Borderline-SMOTE,4,0.7777777777777778,0.8518518518518519,0.9452054794520548,0.9827586206896551,0.5217391304347826,0.3,0.07407407407407407,0.3333333333333333
Kaggle,XGBoost,0.1,0.5,ADASYN,4,0.781021897810219,0.7804878048780488,0.8888888888888888,0.9166666666666666,0.4090909090909091,0.24,0.0005340929321702159,-0.0024390243902439866
Kaggle,Random forest,0.1,0.5,ADASYN,4,0.781021897810219,0.8292682926829268,0.8947368421052632,0.9333333333333333,0.5454545454545454,0.3,0.048246394872707765,0.22032520325203217
Kaggle,XGBoost,0.1,1.0,Random oversampling,4,0.8888888888888888,1.0,0.9418604651162791,1.0,1.0,0.3,0.11111111111111116,1.0
Kaggle,Random forest,0.1,1.0,Random oversampling,4,0.8888888888888888,1.0,0.9700598802395209,1.0,1.0,0.32,0.11111111111111116,1.0
Kaggle,XGBoost,0.1,1.0,SMOTE,4,0.8888888888888888,0.9444444444444444,0.95625,0.972027972027972,0.7368421052631579,0.28,0.05555555555555558,0.5
Kaggle,Random forest,0.1,1.0,SMOTE,4,0.8888888888888888,0.9444444444444444,0.9503105590062112,0.986013986013986,0.631578947368421,0.42,0.05555555555555558,0.5
Kaggle,XGBoost,0.1,1.0,Borderline-SMOTE,4,0.8888888888888888,0.9506172839506173,0.9506172839506173,0.993006993006993,0.631578947368421,0.24,0.06172839506172845,0.5555555555555558
Kaggle,Random forest,0.1,1.0,Borderline-SMOTE,4,0.8888888888888888,0.9567901234567902,0.950920245398773,1.0,0.631578947368421,0.42,0.06790123456790131,0.6111111111111116
Kaggle,XGBoost,0.1,1.0,ADASYN,4,0.8869346733668342,0.9375,0.9433962264150944,0.9857142857142858,0.6,0.28,0.05056532663316582,0.4472222222222222
Kaggle,Random forest,0.1,1.0,ADASYN,4,0.8869346733668342,0.9625,0.9565217391304348,0.9928571428571429,0.75,0.32,0.07556532663316584,0.6683333333333334
Kaggle,XGBoost,0.1,0.5,Random oversampling,5,0.7777777777777778,0.9876543209876543,0.8695652173913043,1.0,0.9375,0.34,0.20987654320987648,0.9444444444444442
Kaggle,Random forest,0.1,0.5,Random oversampling,5,0.7777777777777778,0.9876543209876543,0.851063829787234,1.0,0.9375,0.28,0.20987654320987648,0.9444444444444442
Kaggle,XGBoost,0.1,0.5,SMOTE,5,0.7777777777777778,0.8148148148148148,0.7857142857142857,0.9230769230769231,0.375,0.3,0.03703703703703698,0.1666666666666664
Kaggle,Random forest,0.1,0.5,SMOTE,5,0.7777777777777778,0.8271604938271605,0.8589743589743589,0.9230769230769231,0.4375,0.24,0.04938271604938271,0.2222222222222222
Kaggle,XGBoost,0.1,0.5,Borderline-SMOTE,5,0.7777777777777778,0.8518518518518519,0.7931034482758621,0.9846153846153847,0.3125,0.32,0.07407407407407407,0.3333333333333333
Kaggle,Random forest,0.1,0.5,Borderline-SMOTE,5,0.7777777777777778,0.8888888888888888,0.8372093023255814,1.0,0.4375,0.24,0.11111111111111105,0.4999999999999997
Kaggle,XGBoost,0.1,0.5,ADASYN,5,0.7709923664122137,0.810126582278481,0.8311688311688312,0.9523809523809523,0.25,0.36,0.03913421586626731,0.17088607594936722
Kaggle,Random forest,0.1,0.5,ADASYN,5,0.7709923664122137,0.810126582278481,0.8205128205128205,0.9206349206349206,0.375,0.22,0.03913421586626731,0.17088607594936722
Kaggle,XGBoost,0.1,1.0,Random oversampling,5,0.8888888888888888,1.0,0.8852459016393442,1.0,1.0,0.34,0.11111111111111116,1.0
Kaggle,Random forest,0.1,1.0,Random oversampling,5,0.8888888888888888,1.0,0.9204545454545454,1.0,1.0,0.22,0.11111111111111116,1.0
Kaggle,XGBoost,0.1,1.0,SMOTE,5,0.8888888888888888,0.9259259259259259,0.8823529411764706,0.9865771812080537,0.23076923076923078,0.38,0.03703703703703709,0.33333333333333365
Kaggle,Random forest,0.1,1.0,SMOTE,5,0.8888888888888888,0.9444444444444444,0.9,0.9798657718120806,0.5384615384615384,0.24,0.05555555555555558,0.5
Kaggle,XGBoost,0.1,1.0,Borderline-SMOTE,5,0.8888888888888888,0.9444444444444444,0.8742857142857143,1.0,0.3076923076923077,0.3,0.05555555555555558,0.5
Kaggle,Random forest,0.1,1.0,Borderline-SMOTE,5,0.8888888888888888,0.9753086419753086,0.9294117647058824,1.0,0.6923076923076923,0.26,0.0864197530864198,0.7777777777777779
Kaggle,XGBoost,0.1,1.0,ADASYN,5,0.8931116389548693,0.9467455621301775,0.8839779005524862,0.9872611464968153,0.4166666666666667,0.32,0.05363392317530813,0.5017751479289937
Kaggle,Random forest,0.1,1.0,ADASYN,5,0.8931116389548693,0.9526627218934911,0.9044943820224719,0.9808917197452229,0.5833333333333334,0.32,0.05955108293862177,0.5571334648257724
Kaggle,XGBoost,0.1,0.5,Random oversampling,6,0.7777777777777778,0.9876543209876543,0.8791208791208791,1.0,0.9285714285714286,0.32,0.20987654320987648,0.9444444444444442
Kaggle,Random forest,0.1,0.5,Random oversampling,6,0.7777777777777778,0.9876543209876543,0.8421052631578947,1.0,0.9285714285714286,0.28,0.20987654320987648,0.9444444444444442
Kaggle,XGBoost,0.1,0.5,SMOTE,6,0.7777777777777778,0.9012345679012346,0.8390804597701149,1.0,0.42857142857142855,0.34,0.12345679012345678,0.5555555555555556
Kaggle,Random forest,0.1,0.5,SMOTE,6,0.7777777777777778,0.9135802469135802,0.8222222222222222,0.9850746268656716,0.5714285714285714,0.36,0.1358024691358024,0.6111111111111108
Kaggle,XGBoost,0.1,0.5,Borderline-SMOTE,6,0.7777777777777778,0.8888888888888888,0.8674698795180723,1.0,0.35714285714285715,0.38,0.11111111111111105,0.4999999999999997
Kaggle,Random forest,0.1,0.5,Borderline-SMOTE,6,0.7777777777777778,0.8765432098765432,0.8160919540229885,0.9552238805970149,0.5,0.36,0.09876543209876543,0.4444444444444444
Kaggle,XGBoost,0.1,0.5,ADASYN,6,0.7931034482758621,0.896551724137931,0.896551724137931,0.958904109589041,0.5714285714285714,0.32,0.10344827586206895,0.5
Kaggle,Random forest,0.1,0.5,ADASYN,6,0.7931034482758621,0.8850574712643678,0.8191489361702128,0.958904109589041,0.5,0.28,0.09195402298850575,0.44444444444444453
Kaggle,XGBoost,0.1,1.0,Random oversampling,6,0.8888888888888888,1.0,0.9204545454545454,1.0,1.0,0.34,0.11111111111111116,1.0
Kaggle,Random forest,0.1,1.0,Random oversampling,6,0.8888888888888888,1.0,0.9050279329608939,1.0,1.0,0.38,0.11111111111111116,1.0
Kaggle,XGBoost,0.1,1.0,SMOTE,6,0.8888888888888888,0.9259259259259259,0.9146341463414634,0.9861111111111112,0.4444444444444444,0.28,0.03703703703703709,0.33333333333333365
Kaggle,Random forest,0.1,1.0,SMOTE,6,0.8888888888888888,0.9320987654320988,0.877906976744186,0.9791666666666666,0.5555555555555556,0.36,0.04320987654320996,0.38888888888888945
Kaggle,XGBoost,0.1,1.0,Borderline-SMOTE,6,0.8888888888888888,0.9320987654320988,0.9096385542168675,0.9930555555555556,0.4444444444444444,0.4,0.04320987654320996,0.38888888888888945
Kaggle,Random forest,0.1,1.0,Borderline-SMOTE,6,0.8888888888888888,0.9506172839506173,0.8901734104046243,1.0,0.5555555555555556,0.38,0.06172839506172845,0.5555555555555558
Kaggle,XGBoost,0.1,1.0,ADASYN,6,0.8846153846153846,0.9102564102564102,0.9281045751633987,0.9855072463768116,0.3333333333333333,0.36,0.02564102564102566,0.22222222222222232
Kaggle,Random forest,0.1,1.0,ADASYN,6,0.8846153846153846,0.9358974358974359,0.8957055214723927,0.9855072463768116,0.5555555555555556,0.42,0.05128205128205132,0.44444444444444464
Kaggle,XGBoost,0.1,0.5,Random oversampling,7,0.7777777777777778,0.9753086419753086,0.8494623655913979,0.9833333333333333,0.9523809523809523,0.32,0.19753086419753085,0.8888888888888888
Kaggle,Random forest,0.1,0.5,Random oversampling,7,0.7777777777777778,0.9753086419753086,0.9186046511627907,0.9833333333333333,0.9523809523809523,0.24,0.19753086419753085,0.8888888888888888
Kaggle,XGBoost,0.1,0.5,SMOTE,7,0.7777777777777778,0.8641975308641975,0.8333333333333334,0.9833333333333333,0.5238095238095238,0.24,0.08641975308641969,0.3888888888888886
Kaggle,Random forest,0.1,0.5,SMOTE,7,0.7777777777777778,0.9135802469135802,0.8705882352941177,1.0,0.6666666666666666,0.24,0.1358024691358024,0.6111111111111108
Kaggle,XGBoost,0.1,0.5,Borderline-SMOTE,7,0.7777777777777778,0.8271604938271605,0.8701298701298701,0.9666666666666667,0.42857142857142855,0.26,0.04938271604938271,0.2222222222222222
Kaggle,Random forest,0.1,0.5,Borderline-SMOTE,7,0.7777777777777778,0.8888888888888888,0.8888888888888888,0.9666666666666667,0.6666666666666666,0.24,0.11111111111111105,0.4999999999999997
Kaggle,XGBoost,0.1,0.5,ADASYN,7,0.765625,0.8181818181818182,0.8513513513513513,0.9821428571428571,0.38095238095238093,0.22,0.05255681818181823,0.22424242424242447
Kaggle,Random forest,0.1,0.5,ADASYN,7,0.765625,0.8701298701298701,0.8589743589743589,1.0,0.5238095238095238,0.28,0.10450487012987009,0.4458874458874457
Kaggle,XGBoost,0.1,1.0,Random oversampling,7,0.8888888888888888,1.0,0.9152542372881356,1.0,1.0,0.38,0.11111111111111116,1.0
Kaggle,Random forest,0.1,1.0,Random oversampling,7,0.8888888888888888,1.0,0.9585798816568047,1.0,1.0,0.26,0.11111111111111116,1.0
Kaggle,XGBoost,0.1,1.0,SMOTE,7,0.8888888888888888,0.9197530864197531,0.9030303030303031,1.0,0.48,0.28,0.030864197530864224,0.2777777777777779
Kaggle,Random forest,0.1,1.0,SMOTE,7,0.8888888888888888,0.9259259259259259,0.9090909090909091,0.9927007299270073,0.56,0.26,0.03703703703703709,0.33333333333333365
Kaggle,XGBoost,0.1,1.0,Borderline-SMOTE,7,0.8888888888888888,0.9197530864197531,0.9141104294478528,0.9854014598540146,0.56,0.3,0.030864197530864224,0.2777777777777779
Kaggle,Random forest,0.1,1.0,Borderline-SMOTE,7,0.8888888888888888,0.9444444444444444,0.9161676646706587,1.0,0.64,0.34,0.05555555555555558,0.5
Kaggle,XGBoost,0.1,1.0,ADASYN,7,0.8936170212765957,0.9235294117647059,0.9075144508670521,0.9862068965517241,0.56,0.26,0.02991239048811023,0.281176470588236
Kaggle,Random forest,0.1,1.0,ADASYN,7,0.8936170212765957,0.9294117647058824,0.9080459770114943,0.993103448275862,0.56,0.32,0.03579474342928668,0.33647058823529463
Kaggle,XGBoost,0.1,0.5,Random oversampling,8,0.7777777777777778,0.9876543209876543,0.963855421686747,1.0,0.9545454545454546,0.18,0.20987654320987648,0.9444444444444442
Kaggle,Random forest,0.1,0.5,Random oversampling,8,0.7777777777777778,0.9876543209876543,0.9302325581395349,1.0,0.9545454545454546,0.16,0.20987654320987648,0.9444444444444442
Kaggle,XGBoost,0.1,0.5,SMOTE,8,0.7777777777777778,0.7530864197530864,0.9384615384615385,0.9322033898305084,0.2727272727272727,0.22,0.024691358024691357,-0.1111111111111111
Kaggle,Random forest,0.1,0.5,SMOTE,8,0.7777777777777778,0.6666666666666666,0.9,0.8305084745762712,0.22727272727272727,0.14,0.11111111111111116,-0.5000000000000002
Kaggle,XGBoost,0.1,0.5,Borderline-SMOTE,8,0.7777777777777778,0.8395061728395061,0.9066666666666666,1.0,0.4090909090909091,0.18,0.061728395061728336,0.2777777777777775
Kaggle,Random forest,0.1,0.5,Borderline-SMOTE,8,0.7777777777777778,0.8271604938271605,0.8933333333333333,1.0,0.36363636363636365,0.16,0.04938271604938271,0.2222222222222222
Kaggle,XGBoost,0.1,0.5,ADASYN,8,0.7794117647058824,0.7926829268292683,0.9154929577464789,0.9322033898305084,0.43478260869565216,0.12,0.013271162123385971,0.0601626016260164
Kaggle,Random forest,0.1,0.5,ADASYN,8,0.7794117647058824,0.8048780487804879,0.9166666666666666,0.9661016949152542,0.391304347826087,0.18,0.025466284074605494,0.11544715447154491
Kaggle,XGBoost,0.1,1.0,Random oversampling,8,0.8888888888888888,1.0,0.9473684210526315,1.0,1.0,0.24,0.11111111111111116,1.0
Kaggle,Random forest,0.1,1.0,Random oversampling,8,0.8888888888888888,1.0,0.9585798816568047,1.0,1.0,0.22,0.11111111111111116,1.0
Kaggle,XGBoost,0.1,1.0,SMOTE,8,0.8888888888888888,0.9320987654320988,0.94375,0.9793103448275862,0.5294117647058824,0.2,0.04320987654320996,0.38888888888888945
Kaggle,Random forest,0.1,1.0,SMOTE,8,0.8888888888888888,0.9506172839506173,0.9447852760736196,0.9793103448275862,0.7058823529411765,0.26,0.06172839506172845,0.5555555555555558
Kaggle,XGBoost,0.1,1.0,Borderline-SMOTE,8,0.8888888888888888,0.9382716049382716,0.95,0.9862068965517241,0.5294117647058824,0.24,0.04938271604938271,0.4444444444444442
Kaggle,Random forest,0.1,1.0,Borderline-SMOTE,8,0.8888888888888888,0.9506172839506173,0.9565217391304348,0.993103448275862,0.5882352941176471,0.22,0.06172839506172845,0.5555555555555558
Kaggle,XGBoost,0.1,1.0,ADASYN,8,0.8880597014925373,0.9316770186335404,0.9493670886075949,0.9861111111111112,0.47058823529411764,0.24,0.04361731714100303,0.38964803312629376
Kaggle,Random forest,0.1,1.0,ADASYN,8,0.8880597014925373,0.9440993788819876,0.9559748427672956,0.9791666666666666,0.6470588235294118,0.28,0.05603967738945026,0.5006211180124224
Kaggle,XGBoost,0.1,0.5,Random oversampling,9,0.7777777777777778,1.0,0.8901098901098901,1.0,1.0,0.3,0.2222222222222222,1.0
Kaggle,Random forest,0.1,0.5,Random oversampling,9,0.7777777777777778,0.9876543209876543,0.8888888888888888,1.0,0.9523809523809523,0.28,0.20987654320987648,0.9444444444444442
Kaggle,XGBoost,0.1,0.5,SMOTE,9,0.7777777777777778,0.8148148148148148,0.8354430379746836,0.9666666666666667,0.38095238095238093,0.24,0.03703703703703698,0.1666666666666664
Kaggle,Random forest,0.1,0.5,SMOTE,9,0.7777777777777778,0.8148148148148148,0.9041095890410958,0.9666666666666667,0.38095238095238093,0.18,0.03703703703703698,0.1666666666666664
Kaggle,XGBoost,0.1,0.5,Borderline-SMOTE,9,0.7777777777777778,0.8148148148148148,0.8571428571428571,0.9666666666666667,0.38095238095238093,0.26,0.03703703703703698,0.1666666666666664
Kaggle,Random forest,0.1,0.5,Borderline-SMOTE,9,0.7777777777777778,0.8148148148148148,0.8571428571428571,0.9666666666666667,0.38095238095238093,0.24,0.03703703703703698,0.1666666666666664
Kaggle,XGBoost,0.1,0.5,ADASYN,9,0.7674418604651163,0.7948717948717948,0.8493150684931506,0.9473684210526315,0.38095238095238093,0.3,0.027429934406678513,0.11794871794871763
Kaggle,Random forest,0.1,0.5,ADASYN,9,0.7674418604651163,0.8717948717948718,0.8947368421052632,0.9649122807017544,0.6190476190476191,0.26,0.1043530113297555,0.4487179487179487
Kaggle,XGBoost,0.1,1.0,Random oversampling,9,0.8888888888888888,1.0,0.9257142857142857,1.0,1.0,0.42,0.11111111111111116,1.0
Kaggle,Random forest,0.1,1.0,Random oversampling,9,0.8888888888888888,1.0,0.9585798816568047,1.0,1.0,0.22,0.11111111111111116,1.0
Kaggle,XGBoost,0.1,1.0,SMOTE,9,0.8888888888888888,0.9382716049382716,0.9101796407185628,0.9862068965517241,0.5294117647058824,0.24,0.04938271604938271,0.4444444444444442
Kaggle,Random forest,0.1,1.0,SMOTE,9,0.8888888888888888,0.9506172839506173,0.9333333333333333,0.9862068965517241,0.6470588235294118,0.26,0.06172839506172845,0.5555555555555558
Kaggle,XGBoost,0.1,1.0,Borderline-SMOTE,9,0.8888888888888888,0.9382716049382716,0.9047619047619048,1.0,0.4117647058823529,0.28,0.04938271604938271,0.4444444444444442
Kaggle,Random forest,0.1,1.0,Borderline-SMOTE,9,0.8888888888888888,0.9691358024691358,0.9235294117647059,1.0,0.7058823529411765,0.3,0.08024691358024694,0.7222222222222221
Kaggle,XGBoost,0.1,1.0,ADASYN,9,0.8905109489051095,0.9333333333333333,0.927710843373494,1.0,0.35294117647058826,0.24,0.042822384428223836,0.39111111111111113
Kaggle,Random forest,0.1,1.0,ADASYN,9,0.8905109489051095,0.9515151515151515,0.9345238095238095,0.9932432432432432,0.5882352941176471,0.26,0.061004202610042024,0.5571717171717173
Kaggle,XGBoost,0.2,0.5,Random oversampling,0,0.5,0.8611111111111112,0.7848101265822784,0.9411764705882353,0.7894736842105263,0.54,0.36111111111111116,0.7222222222222223
Kaggle,Random forest,0.2,0.5,Random oversampling,0,0.5,0.8472222222222222,0.7439024390243902,0.9411764705882353,0.7631578947368421,0.5,0.3472222222222222,0.6944444444444444
Kaggle,XGBoost,0.2,0.5,SMOTE,0,0.5,0.6666666666666666,0.7272727272727273,0.7941176470588235,0.5526315789473685,0.46,0.16666666666666663,0.33333333333333326
Kaggle,Random forest,0.2,0.5,SMOTE,0,0.5,0.6527777777777778,0.746031746031746,0.7352941176470589,0.5789473684210527,0.48,0.1527777777777778,0.3055555555555556
Kaggle,XGBoost,0.2,0.5,Borderline-SMOTE,0,0.5,0.7916666666666666,0.7307692307692307,0.9411764705882353,0.6578947368421053,0.46,0.29166666666666663,0.5833333333333333
Kaggle,Random forest,0.2,0.5,Borderline-SMOTE,0,0.5,0.7361111111111112,0.7361111111111112,0.8823529411764706,0.6052631578947368,0.48,0.23611111111111116,0.4722222222222223
Kaggle,XGBoost,0.2,0.5,ADASYN,0,0.4957983193277311,0.7916666666666666,0.7702702702702703,0.9090909090909091,0.6923076923076923,0.48,0.2958683473389355,0.5868055555555555
Kaggle,Random forest,0.2,0.5,ADASYN,0,0.4957983193277311,0.7361111111111112,0.6883116883116883,0.9393939393939394,0.5641025641025641,0.52,0.24031279178338005,0.47662037037037047
Kaggle,XGBoost,0.2,1.0,Random oversampling,0,0.75,0.9652777777777778,0.8742138364779874,0.9814814814814815,0.9166666666666666,0.54,0.2152777777777778,0.8611111111111112
Kaggle,Random forest,0.2,1.0,Random oversampling,0,0.75,0.9513888888888888,0.8616352201257862,0.9722222222222222,0.8888888888888888,0.5,0.20138888888888884,0.8055555555555554
Kaggle,XGBoost,0.2,1.0,SMOTE,0,0.75,0.8888888888888888,0.8421052631578947,0.9629629629629629,0.6666666666666666,0.52,0.13888888888888884,0.5555555555555554
Kaggle,Random forest,0.2,1.0,SMOTE,0,0.75,0.9236111111111112,0.83125,0.9722222222222222,0.7777777777777778,0.46,0.17361111111111116,0.6944444444444446
Kaggle,XGBoost,0.2,1.0,Borderline-SMOTE,0,0.75,0.8888888888888888,0.8590604026845637,0.9722222222222222,0.6388888888888888,0.46,0.13888888888888884,0.5555555555555554
Kaggle,Random forest,0.2,1.0,Borderline-SMOTE,0,0.75,0.9375,0.823170731707317,0.9907407407407407,0.7777777777777778,0.5,0.1875,0.75
Kaggle,XGBoost,0.2,1.0,ADASYN,0,0.7574123989218329,0.9060402684563759,0.84375,0.9642857142857143,0.7297297297297297,0.52,0.148627869534543,0.6126771066368383
Kaggle,Random forest,0.2,1.0,ADASYN,0,0.7574123989218329,0.9328859060402684,0.8273809523809523,0.9732142857142857,0.8108108108108109,0.52,0.17547350711843557,0.7233407904548844
Kaggle,XGBoost,0.2,0.5,Random oversampling,1,0.5,0.8194444444444444,0.7866666666666666,0.9473684210526315,0.6764705882352942,0.48,0.3194444444444444,0.6388888888888888
Kaggle,Random forest,0.2,0.5,Random oversampling,1,0.5,0.8194444444444444,0.7866666666666666,0.9473684210526315,0.6764705882352942,0.52,0.3194444444444444,0.6388888888888888
Kaggle,XGBoost,0.2,0.5,SMOTE,1,0.5,0.7638888888888888,0.7236842105263158,0.9473684210526315,0.5588235294117647,0.52,0.26388888888888884,0.5277777777777777
Kaggle,Random forest,0.2,0.5,SMOTE,1,0.5,0.7083333333333334,0.75,0.9473684210526315,0.4411764705882353,0.54,0.20833333333333337,0.41666666666666674
Kaggle,XGBoost,0.2,0.5,Borderline-SMOTE,1,0.5,0.625,0.6923076923076923,0.8947368421052632,0.3235294117647059,0.44,0.125,0.25
Kaggle,Random forest,0.2,0.5,Borderline-SMOTE,1,0.5,0.7083333333333334,0.796875,0.9210526315789473,0.47058823529411764,0.56,0.20833333333333337,0.41666666666666674
Kaggle,XGBoost,0.2,0.5,ADASYN,1,0.5135135135135135,0.6216216216216216,0.7076923076923077,0.825,0.38235294117647056,0.52,0.10810810810810811,0.2222222222222222
Kaggle,Random forest,0.2,0.5,ADASYN,1,0.5135135135135135,0.6621621621621622,0.7424242424242424,0.875,0.4117647058823529,0.52,0.14864864864864868,0.30555555555555564
Kaggle,XGBoost,0.2,1.0,Random oversampling,1,0.75,0.9791666666666666,0.8757763975155279,0.9905660377358491,0.9473684210526315,0.54,0.22916666666666663,0.9166666666666665
Kaggle,Random forest,0.2,1.0,Random oversampling,1,0.75,1.0,0.8780487804878049,1.0,1.0,0.62,0.25,1.0
Kaggle,XGBoost,0.2,1.0,SMOTE,1,0.75,0.8888888888888888,0.8311688311688312,0.9811320754716981,0.631578947368421,0.58,0.13888888888888884,0.5555555555555554
Kaggle,Random forest,0.2,1.0,SMOTE,1,0.75,0.9236111111111112,0.8636363636363636,0.9811320754716981,0.7631578947368421,0.64,0.17361111111111116,0.6944444444444446
Kaggle,XGBoost,0.2,1.0,Borderline-SMOTE,1,0.75,0.875,0.8456375838926175,0.9528301886792453,0.6578947368421053,0.58,0.125,0.5
Kaggle,Random forest,0.2,1.0,Borderline-SMOTE,1,0.75,0.9513888888888888,0.8726114649681529,0.9905660377358491,0.8421052631578947,0.64,0.20138888888888884,0.8055555555555554
Kaggle,XGBoost,0.2,1.0,ADASYN,1,0.7557666214382632,0.8445945945945946,0.8445945945945946,0.9363636363636364,0.5789473684210527,0.48,0.0888279731563314,0.3637012012012013
Kaggle,Random forest,0.2,1.0,ADASYN,1,0.7557666214382632,0.9459459459459459,0.8235294117647058,0.990909090909091,0.8157894736842105,0.58,0.1901793245076827,0.7786786786786787
Kaggle,XGBoost,0.2,0.5,Random oversampling,2,0.5,0.8472222222222222,0.7625,0.9722222222222222,0.7222222222222222,0.46,0.3472222222222222,0.6944444444444444
Kaggle,Random forest,0.2,0.5,Random oversampling,2,0.5,0.875,0.7777777777777778,0.9722222222222222,0.7777777777777778,0.52,0.375,0.75
Kaggle,XGBoost,0.2,0.5,SMOTE,2,0.5,0.7777777777777778,0.7272727272727273,0.8888888888888888,0.6666666666666666,0.42,0.2777777777777778,0.5555555555555556
Kaggle,Random forest,0.2,0.5,SMOTE,2,0.5,0.8055555555555556,0.7435897435897436,0.8888888888888888,0.7222222222222222,0.46,0.3055555555555556,0.6111111111111112
Kaggle,XGBoost,0.2,0.5,Borderline-SMOTE,2,0.5,0.7777777777777778,0.7088607594936709,0.9722222222222222,0.5833333333333334,0.36,0.2777777777777778,0.5555555555555556
Kaggle,Random forest,0.2,0.5,Borderline-SMOTE,2,0.5,0.875,0.7411764705882353,0.9444444444444444,0.8055555555555556,0.58,0.375,0.75
Kaggle,XGBoost,0.2,0.5,ADASYN,2,0.4752186588921283,0.782608695652174,0.7105263157894737,0.9393939393939394,0.6388888888888888,0.44,0.30739003676004567,0.5857487922705316
Kaggle,Random forest,0.2,0.5,ADASYN,2,0.4752186588921283,0.782608695652174,0.7714285714285715,0.9393939393939394,0.6388888888888888,0.5,0.30739003676004567,0.5857487922705316
Kaggle,XGBoost,0.2,1.0,Random oversampling,2,0.75,1.0,0.8520710059171598,1.0,1.0,0.58,0.25,1.0
Kaggle,Random forest,0.2,1.0,Random oversampling,2,0.75,0.9930555555555556,0.8511904761904762,1.0,0.9666666666666667,0.6,0.24305555555555558,0.9722222222222223
Kaggle,XGBoost,0.2,1.0,SMOTE,2,0.75,0.9097222222222222,0.8506493506493507,0.9649122807017544,0.7,0.52,0.1597222222222222,0.6388888888888888
Kaggle,Random forest,0.2,1.0,SMOTE,2,0.75,0.9375,0.823170731707317,0.956140350877193,0.8666666666666667,0.6,0.1875,0.75
Kaggle,XGBoost,0.2,1.0,Borderline-SMOTE,2,0.75,0.875,0.8513513513513513,0.9473684210526315,0.6,0.48,0.125,0.5
Kaggle,Random forest,0.2,1.0,Borderline-SMOTE,2,0.75,0.9583333333333334,0.8263473053892215,0.9824561403508771,0.8666666666666667,0.62,0.20833333333333337,0.8333333333333335
Kaggle,XGBoost,0.2,1.0,ADASYN,2,0.7606382978723404,0.9139072847682119,0.8625,0.9917355371900827,0.6,0.52,0.15326898689587154,0.6403237674760854
Kaggle,Random forest,0.2,1.0,ADASYN,2,0.7606382978723404,0.9536423841059603,0.8275862068965517,0.9752066115702479,0.8666666666666667,0.54,0.19300408623361986,0.8063281824871229
Kaggle,XGBoost,0.2,0.5,Random oversampling,3,0.5,0.8194444444444444,0.7468354430379747,0.9393939393939394,0.717948717948718,0.48,0.3194444444444444,0.6388888888888888
Kaggle,Random forest,0.2,0.5,Random oversampling,3,0.5,0.7916666666666666,0.7702702702702703,0.9393939393939394,0.6666666666666666,0.44,0.29166666666666663,0.5833333333333333
Kaggle,XGBoost,0.2,0.5,SMOTE,3,0.5,0.7361111111111112,0.7361111111111112,0.9090909090909091,0.5897435897435898,0.5,0.23611111111111116,0.4722222222222223
Kaggle,Random forest,0.2,0.5,SMOTE,3,0.5,0.7638888888888888,0.7638888888888888,0.9393939393939394,0.6153846153846154,0.5,0.26388888888888884,0.5277777777777777
Kaggle,XGBoost,0.2,0.5,Borderline-SMOTE,3,0.5,0.7361111111111112,0.7066666666666667,0.9090909090909091,0.5897435897435898,0.44,0.23611111111111116,0.4722222222222223
Kaggle,Random forest,0.2,0.5,Borderline-SMOTE,3,0.5,0.7361111111111112,0.7571428571428571,0.8787878787878788,0.6153846153846154,0.46,0.23611111111111116,0.4722222222222223
Kaggle,XGBoost,0.2,0.5,ADASYN,3,0.5161290322580645,0.72,0.75,0.8,0.65,0.44,0.20387096774193547,0.4213333333333333
Kaggle,Random forest,0.2,0.5,ADASYN,3,0.5161290322580645,0.7066666666666667,0.7464788732394366,0.8285714285714286,0.6,0.44,0.19053763440860216,0.3937777777777778
Kaggle,XGBoost,0.2,1.0,Random oversampling,3,0.75,0.9722222222222222,0.8536585365853658,0.9901960784313726,0.9285714285714286,0.5,0.2222222222222222,0.8888888888888888
Kaggle,Random forest,0.2,1.0,Random oversampling,3,0.75,0.9722222222222222,0.875,0.9901960784313726,0.9285714285714286,0.58,0.2222222222222222,0.8888888888888888
Kaggle,XGBoost,0.2,1.0,SMOTE,3,0.75,0.8958333333333334,0.8543046357615894,0.9803921568627451,0.6904761904761905,0.58,0.14583333333333337,0.5833333333333335
Kaggle,Random forest,0.2,1.0,SMOTE,3,0.75,0.9444444444444444,0.8717948717948718,0.9901960784313726,0.8333333333333334,0.56,0.19444444444444442,0.7777777777777777
Kaggle,XGBoost,0.2,1.0,Borderline-SMOTE,3,0.75,0.9027777777777778,0.8609271523178808,0.9901960784313726,0.6904761904761905,0.54,0.1527777777777778,0.6111111111111112
Kaggle,Random forest,0.2,1.0,Borderline-SMOTE,3,0.75,0.9375,0.84375,1.0,0.7857142857142857,0.58,0.1875,0.75
Kaggle,XGBoost,0.2,1.0,ADASYN,3,0.7593582887700535,0.88,0.868421052631579,0.9444444444444444,0.7142857142857143,0.5,0.12064171122994649,0.5013333333333333
Kaggle,Random forest,0.2,1.0,ADASYN,3,0.7593582887700535,0.9266666666666666,0.8580246913580247,0.9444444444444444,0.8809523809523809,0.56,0.16730837789661313,0.6952592592592591
Kaggle,XGBoost,0.2,0.5,Random oversampling,4,0.5,0.8888888888888888,0.7111111111111111,0.9512195121951219,0.8064516129032258,0.44,0.38888888888888884,0.7777777777777777
Kaggle,Random forest,0.2,0.5,Random oversampling,4,0.5,0.9583333333333334,0.7840909090909091,1.0,0.9032258064516129,0.56,0.45833333333333337,0.9166666666666667
Kaggle,XGBoost,0.2,0.5,SMOTE,4,0.5,0.7916666666666666,0.7125,1.0,0.5161290322580645,0.46,0.29166666666666663,0.5833333333333333
Kaggle,Random forest,0.2,0.5,SMOTE,4,0.5,0.875,0.7241379310344828,0.975609756097561,0.7419354838709677,0.62,0.375,0.75
Kaggle,XGBoost,0.2,0.5,Borderline-SMOTE,4,0.5,0.8055555555555556,0.725,0.975609756097561,0.5806451612903226,0.5,0.3055555555555556,0.6111111111111112
Kaggle,Random forest,0.2,0.5,Borderline-SMOTE,4,0.5,0.875,0.7411764705882353,0.9512195121951219,0.7741935483870968,0.56,0.375,0.75
Kaggle,XGBoost,0.2,0.5,ADASYN,4,0.5081967213114754,0.7534246575342466,0.6875,0.9047619047619048,0.5483870967741935,0.44,0.24522793622277117,0.4986301369863014
Kaggle,Random forest,0.2,0.5,ADASYN,4,0.5081967213114754,0.7808219178082192,0.7307692307692307,0.9047619047619048,0.6129032258064516,0.64,0.27262519649674377,0.554337899543379
Kaggle,XGBoost,0.2,1.0,Random oversampling,4,0.75,0.9930555555555556,0.8362573099415205,1.0,0.9705882352941176,0.52,0.24305555555555558,0.9722222222222223
Kaggle,Random forest,0.2,1.0,Random oversampling,4,0.75,0.9930555555555556,0.8362573099415205,1.0,0.9705882352941176,0.66,0.24305555555555558,0.9722222222222223
Kaggle,XGBoost,0.2,1.0,SMOTE,4,0.75,0.9027777777777778,0.8552631578947368,0.9727272727272728,0.6764705882352942,0.6,0.1527777777777778,0.6111111111111112
Kaggle,Random forest,0.2,1.0,SMOTE,4,0.75,0.9513888888888888,0.8253012048192772,0.9818181818181818,0.8529411764705882,0.6,0.20138888888888884,0.8055555555555554
Kaggle,XGBoost,0.2,1.0,Borderline-SMOTE,4,0.75,0.9236111111111112,0.8364779874213837,1.0,0.6764705882352942,0.5,0.17361111111111116,0.6944444444444446
Kaggle,Random forest,0.2,1.0,Borderline-SMOTE,4,0.75,0.9513888888888888,0.8203592814371258,1.0,0.7941176470588235,0.6,0.20138888888888884,0.8055555555555554
Kaggle,XGBoost,0.2,1.0,ADASYN,4,0.7557666214382632,0.8648648648648649,0.810126582278481,0.9292035398230089,0.6571428571428571,0.46,0.10909824342660168,0.44669669669669687
Kaggle,Random forest,0.2,1.0,ADASYN,4,0.7557666214382632,0.918918918918919,0.85,0.9646017699115044,0.7714285714285715,0.64,0.16315229748065574,0.6680180180180182
Kaggle,XGBoost,0.2,0.5,Random oversampling,5,0.5,0.8055555555555556,0.7532467532467533,0.9354838709677419,0.7073170731707317,0.42,0.3055555555555556,0.6111111111111112
Kaggle,Random forest,0.2,0.5,Random oversampling,5,0.5,0.7638888888888888,0.7333333333333333,0.9354838709677419,0.6341463414634146,0.5,0.26388888888888884,0.5277777777777777
Kaggle,XGBoost,0.2,0.5,SMOTE,5,0.5,0.6388888888888888,0.6865671641791045,0.967741935483871,0.3902439024390244,0.36,0.13888888888888884,0.2777777777777777
Kaggle,Random forest,0.2,0.5,SMOTE,5,0.5,0.7638888888888888,0.7638888888888888,0.9354838709677419,0.6341463414634146,0.46,0.26388888888888884,0.5277777777777777
Kaggle,XGBoost,0.2,0.5,Borderline-SMOTE,5,0.5,0.7083333333333334,0.796875,0.9354838709677419,0.5365853658536586,0.48,0.20833333333333337,0.41666666666666674
Kaggle,Random forest,0.2,0.5,Borderline-SMOTE,5,0.5,0.7083333333333334,0.7391304347826086,0.9032258064516129,0.5609756097560976,0.52,0.20833333333333337,0.41666666666666674
Kaggle,XGBoost,0.2,0.5,ADASYN,5,0.5148247978436657,0.6216216216216216,0.71875,0.7575757575757576,0.5121951219512195,0.5,0.10679682377795585,0.2201201201201201
Kaggle,Random forest,0.2,0.5,ADASYN,5,0.5148247978436657,0.6756756756756757,0.7246376811594203,0.7575757575757576,0.6097560975609756,0.48,0.1608508778320099,0.33153153153153153
Kaggle,XGBoost,0.2,1.0,Random oversampling,5,0.75,0.9861111111111112,0.8606060606060606,0.9905660377358491,0.9736842105263158,0.54,0.23611111111111116,0.9444444444444446
Kaggle,Random forest,0.2,1.0,Random oversampling,5,0.75,0.9861111111111112,0.8554216867469879,0.9905660377358491,0.9736842105263158,0.56,0.23611111111111116,0.9444444444444446
Kaggle,XGBoost,0.2,1.0,SMOTE,5,0.75,0.8680555555555556,0.8561643835616438,0.9528301886792453,0.631578947368421,0.5,0.11805555555555558,0.4722222222222223
Kaggle,Random forest,0.2,1.0,SMOTE,5,0.75,0.9305555555555556,0.8589743589743589,0.9811320754716981,0.7894736842105263,0.54,0.18055555555555558,0.7222222222222223
Kaggle,XGBoost,0.2,1.0,Borderline-SMOTE,5,0.75,0.8680555555555556,0.8620689655172413,0.9716981132075472,0.5789473684210527,0.52,0.11805555555555558,0.4722222222222223
Kaggle,Random forest,0.2,1.0,Borderline-SMOTE,5,0.75,0.9236111111111112,0.8525641025641025,0.9905660377358491,0.7368421052631579,0.54,0.17361111111111116,0.6944444444444446
Kaggle,XGBoost,0.2,1.0,ADASYN,5,0.7631578947368421,0.868421052631579,0.8741721854304636,0.9734513274336283,0.5641025641025641,0.52,0.10526315789473684,0.4444444444444445
Kaggle,Random forest,0.2,1.0,ADASYN,5,0.7631578947368421,0.9342105263157895,0.8606060606060606,0.9734513274336283,0.8205128205128205,0.54,0.17105263157894735,0.7222222222222222
Kaggle,XGBoost,0.2,0.5,Random oversampling,6,0.5,0.9027777777777778,0.7738095238095238,0.9767441860465116,0.7931034482758621,0.42,0.4027777777777778,0.8055555555555556
Kaggle,Random forest,0.2,0.5,Random oversampling,6,0.5,0.875,0.75,0.9767441860465116,0.7241379310344828,0.46,0.375,0.75
Kaggle,XGBoost,0.2,0.5,SMOTE,6,0.5,0.75,0.7605633802816901,0.8837209302325582,0.5517241379310345,0.56,0.25,0.5
Kaggle,Random forest,0.2,0.5,SMOTE,6,0.5,0.7361111111111112,0.7162162162162162,0.8604651162790697,0.5517241379310345,0.5,0.23611111111111116,0.4722222222222223
Kaggle,XGBoost,0.2,0.5,Borderline-SMOTE,6,0.5,0.7638888888888888,0.7333333333333333,0.8372093023255814,0.6551724137931034,0.48,0.26388888888888884,0.5277777777777777
Kaggle,Random forest,0.2,0.5,Borderline-SMOTE,6,0.5,0.7777777777777778,0.7272727272727273,0.8837209302325582,0.6206896551724138,0.5,0.2777777777777778,0.5555555555555556
Kaggle,XGBoost,0.2,0.5,ADASYN,6,0.5081967213114754,0.7671232876712328,0.717948717948718,0.8863636363636364,0.5862068965517241,0.48,0.2589265663597574,0.52648401826484
Kaggle,Random forest,0.2,0.5,ADASYN,6,0.5081967213114754,0.8356164383561644,0.7349397590361446,0.9545454545454546,0.6551724137931034,0.56,0.327419717044689,0.6657534246575343
Kaggle,XGBoost,0.2,1.0,Random oversampling,6,0.75,1.0,0.8571428571428571,1.0,1.0,0.48,0.25,1.0
Kaggle,Random forest,0.2,1.0,Random oversampling,6,0.75,1.0,0.8470588235294118,1.0,1.0,0.54,0.25,1.0
Kaggle,XGBoost,0.2,1.0,SMOTE,6,0.75,0.8888888888888888,0.8311688311688312,0.9739130434782609,0.5517241379310345,0.46,0.13888888888888884,0.5555555555555554
Kaggle,Random forest,0.2,1.0,SMOTE,6,0.75,0.9375,0.8333333333333334,0.9739130434782609,0.7931034482758621,0.54,0.1875,0.75
Kaggle,XGBoost,0.2,1.0,Borderline-SMOTE,6,0.75,0.9236111111111112,0.8471337579617835,1.0,0.6206896551724138,0.5,0.17361111111111116,0.6944444444444446
Kaggle,Random forest,0.2,1.0,Borderline-SMOTE,6,0.75,0.9583333333333334,0.8313253012048193,1.0,0.7931034482758621,0.6,0.20833333333333337,0.8333333333333335
Kaggle,XGBoost,0.2,1.0,ADASYN,6,0.7580645161290323,0.912751677852349,0.8395061728395061,0.975,0.6551724137931034,0.52,0.15468716172331676,0.6393736017897093
Kaggle,Random forest,0.2,1.0,ADASYN,6,0.7580645161290323,0.9664429530201343,0.8372093023255814,0.9833333333333333,0.896551724137931,0.6,0.20837843689110203,0.8612975391498884
Kaggle,XGBoost,0.2,0.5,Random oversampling,7,0.5,0.7638888888888888,0.7142857142857143,0.918918918918919,0.6,0.46,0.26388888888888884,0.5277777777777777
Kaggle,Random forest,0.2,0.5,Random oversampling,7,0.5,0.7777777777777778,0.6829268292682927,0.9459459459459459,0.6,0.5,0.2777777777777778,0.5555555555555556
Kaggle,XGBoost,0.2,0.5,SMOTE,7,0.5,0.75,0.6666666666666666,0.918918918918919,0.5714285714285714,0.5,0.25,0.5
Kaggle,Random forest,0.2,0.5,SMOTE,7,0.5,0.75,0.6506024096385542,0.918918918918919,0.5714285714285714,0.5,0.25,0.5
Kaggle,XGBoost,0.2,0.5,Borderline-SMOTE,7,0.5,0.7083333333333334,0.6710526315789473,0.8648648648648649,0.5428571428571428,0.48,0.20833333333333337,0.41666666666666674
Kaggle,Random forest,0.2,0.5,Borderline-SMOTE,7,0.5,0.75,0.6352941176470588,0.918918918918919,0.5714285714285714,0.48,0.25,0.5
Kaggle,XGBoost,0.2,0.5,ADASYN,7,0.5148247978436657,0.7297297297297297,0.7012987012987013,0.8780487804878049,0.5454545454545454,0.48,0.21490493188606397,0.44294294294294295
Kaggle,Random forest,0.2,0.5,ADASYN,7,0.5148247978436657,0.7702702702702703,0.6404494382022472,0.8780487804878049,0.6363636363636364,0.5,0.25544547242660454,0.5265015015015015
Kaggle,XGBoost,0.2,1.0,Random oversampling,7,0.75,0.9722222222222222,0.8235294117647058,0.9724770642201835,0.9714285714285714,0.5,0.2222222222222222,0.8888888888888888
Kaggle,Random forest,0.2,1.0,Random oversampling,7,0.75,1.0,0.8228571428571428,1.0,1.0,0.6,0.25,1.0
Kaggle,XGBoost,0.2,1.0,SMOTE,7,0.75,0.8888888888888888,0.8258064516129032,0.963302752293578,0.6571428571428571,0.5,0.13888888888888884,0.5555555555555554
Kaggle,Random forest,0.2,1.0,SMOTE,7,0.75,0.9166666666666666,0.7810650887573964,0.963302752293578,0.7714285714285715,0.66,0.16666666666666663,0.6666666666666665
Kaggle,XGBoost,0.2,1.0,Borderline-SMOTE,7,0.75,0.8888888888888888,0.810126582278481,0.9908256880733946,0.5714285714285714,0.56,0.13888888888888884,0.5555555555555554
Kaggle,Random forest,0.2,1.0,Borderline-SMOTE,7,0.75,0.9444444444444444,0.7906976744186046,1.0,0.7714285714285715,0.6,0.19444444444444442,0.7777777777777777
Kaggle,XGBoost,0.2,1.0,ADASYN,7,0.7615894039735099,0.8741721854304636,0.8301886792452831,0.9655172413793104,0.5714285714285714,0.5,0.11258278145695366,0.4722222222222223
Kaggle,Random forest,0.2,1.0,ADASYN,7,0.7615894039735099,0.9139072847682119,0.7885714285714286,0.9741379310344828,0.7142857142857143,0.56,0.152317880794702,0.638888888888889
Kaggle,XGBoost,0.2,0.5,Random oversampling,8,0.5,0.8888888888888888,0.7710843373493976,0.96875,0.825,0.56,0.38888888888888884,0.7777777777777777
Kaggle,Random forest,0.2,0.5,Random oversampling,8,0.5,0.8888888888888888,0.7804878048780488,0.96875,0.825,0.54,0.38888888888888884,0.7777777777777777
Kaggle,XGBoost,0.2,0.5,SMOTE,8,0.5,0.7083333333333334,0.6986301369863014,0.875,0.575,0.42,0.20833333333333337,0.41666666666666674
Kaggle,Random forest,0.2,0.5,SMOTE,8,0.5,0.7916666666666666,0.7125,0.90625,0.7,0.52,0.29166666666666663,0.5833333333333333
Kaggle,XGBoost,0.2,0.5,Borderline-SMOTE,8,0.5,0.7638888888888888,0.7746478873239436,0.9375,0.625,0.38,0.26388888888888884,0.5277777777777777
Kaggle,Random forest,0.2,0.5,Borderline-SMOTE,8,0.5,0.7777777777777778,0.7777777777777778,0.96875,0.625,0.54,0.2777777777777778,0.5555555555555556
Kaggle,XGBoost,0.2,0.5,ADASYN,8,0.517426273458445,0.6533333333333333,0.6805555555555556,0.8,0.525,0.46,0.13590705987488827,0.28162962962962956
Kaggle,Random forest,0.2,0.5,ADASYN,8,0.517426273458445,0.72,0.7605633802816901,0.8,0.65,0.54,0.20257372654155492,0.4197777777777777
Kaggle,XGBoost,0.2,1.0,Random oversampling,8,0.75,0.9861111111111112,0.8658536585365854,1.0,0.9375,0.62,0.23611111111111116,0.9444444444444446
Kaggle,Random forest,0.2,1.0,Random oversampling,8,0.75,0.9861111111111112,0.8606060606060606,1.0,0.9375,0.62,0.23611111111111116,0.9444444444444446
Kaggle,XGBoost,0.2,1.0,SMOTE,8,0.75,0.8541666666666666,0.8661971830985915,0.9464285714285714,0.53125,0.54,0.10416666666666663,0.4166666666666665
Kaggle,Random forest,0.2,1.0,SMOTE,8,0.75,0.8680555555555556,0.8223684210526315,0.9464285714285714,0.59375,0.62,0.11805555555555558,0.4722222222222223
Kaggle,XGBoost,0.2,1.0,Borderline-SMOTE,8,0.75,0.8819444444444444,0.8355263157894737,0.9642857142857143,0.59375,0.48,0.13194444444444442,0.5277777777777777
Kaggle,Random forest,0.2,1.0,Borderline-SMOTE,8,0.75,0.9166666666666666,0.8516129032258064,0.9821428571428571,0.6875,0.64,0.16666666666666663,0.6666666666666665
Kaggle,XGBoost,0.2,1.0,ADASYN,8,0.7619047619047619,0.881578947368421,0.8535031847133758,0.975,0.53125,0.54,0.11967418546365916,0.5026315789473683
Kaggle,Random forest,0.2,1.0,ADASYN,8,0.7619047619047619,0.8881578947368421,0.8544303797468354,0.95,0.65625,0.7,0.12625313283208028,0.5302631578947371
Kaggle,XGBoost,0.2,0.5,Random oversampling,9,0.5,0.7361111111111112,0.6883116883116883,0.8214285714285714,0.6818181818181818,0.38,0.23611111111111116,0.4722222222222223
Kaggle,Random forest,0.2,0.5,Random oversampling,9,0.5,0.7083333333333334,0.7183098591549296,0.7857142857142857,0.6590909090909091,0.36,0.20833333333333337,0.41666666666666674
Kaggle,XGBoost,0.2,0.5,SMOTE,9,0.5,0.6388888888888888,0.6301369863013698,0.8214285714285714,0.5227272727272727,0.4,0.13888888888888884,0.2777777777777777
Kaggle,Random forest,0.2,0.5,SMOTE,9,0.5,0.6527777777777778,0.7014925373134329,0.8571428571428571,0.5227272727272727,0.38,0.1527777777777778,0.3055555555555556
Kaggle,XGBoost,0.2,0.5,Borderline-SMOTE,9,0.5,0.6805555555555556,0.6447368421052632,0.9285714285714286,0.5227272727272727,0.4,0.18055555555555558,0.36111111111111116
Kaggle,Random forest,0.2,0.5,Borderline-SMOTE,9,0.5,0.6805555555555556,0.7,1.0,0.4772727272727273,0.48,0.18055555555555558,0.36111111111111116
Kaggle,XGBoost,0.2,0.5,ADASYN,9,0.5225464190981433,0.6973684210526315,0.6463414634146342,0.9375,0.5227272727272727,0.42,0.17482200195448827,0.3661549707602338
Kaggle,Random forest,0.2,0.5,ADASYN,9,0.5225464190981433,0.6710526315789473,0.68,0.90625,0.5,0.42,0.1485062124808041,0.31103801169590634
Kaggle,XGBoost,0.2,1.0,Random oversampling,9,0.75,0.9930555555555556,0.8411764705882353,1.0,0.9705882352941176,0.48,0.24305555555555558,0.9722222222222223
Kaggle,Random forest,0.2,1.0,Random oversampling,9,0.75,0.9930555555555556,0.8461538461538461,1.0,0.9705882352941176,0.58,0.24305555555555558,0.9722222222222223
Kaggle,XGBoost,0.2,1.0,SMOTE,9,0.75,0.8819444444444444,0.8300653594771242,0.9636363636363636,0.6176470588235294,0.48,0.13194444444444442,0.5277777777777777
Kaggle,Random forest,0.2,1.0,SMOTE,9,0.75,0.9375,0.8333333333333334,0.990909090909091,0.7647058823529411,0.56,0.1875,0.75
Kaggle,XGBoost,0.2,1.0,Borderline-SMOTE,9,0.75,0.9305555555555556,0.8220858895705522,0.9818181818181818,0.7647058823529411,0.48,0.18055555555555558,0.7222222222222223
Kaggle,Random forest,0.2,1.0,Borderline-SMOTE,9,0.75,0.9583333333333334,0.8313253012048193,0.9818181818181818,0.8823529411764706,0.52,0.20833333333333337,0.8333333333333335
Kaggle,XGBoost,0.2,1.0,ADASYN,9,0.7674418604651163,0.9161290322580645,0.8402366863905325,0.9834710743801653,0.6764705882352942,0.44,0.14868717179294821,0.6393548387096774
Kaggle,Random forest,0.2,1.0,ADASYN,9,0.7674418604651163,0.9612903225806452,0.8370786516853933,0.9917355371900827,0.8529411764705882,0.6,0.19384846211552886,0.8335483870967743
