age,sex,race_ethnicity,education,income,marital,home_ownership,children_count,health_insurance,medical_cost_barrier,hypertension_status,cholesterol_status,heart_attack,coronary_heart_disease,computed_michd,asthma_ever,asthma_current,skin_cancer,other_cancer,copd,kidney_disease,arthritis,diabetes_status,bmi,bmi_category,smoking_status,smoked_100,current_smoking_detail,smokeless_tobacco,ecigarette_use,alcohol_any,alcohol_days_code,average_drinks,binge_drinking,max_drinks,heavy_drinking,bmi_missing
62,2,1,5,,1,1,0,1,0,yes,1,0,0,2,0,,0,0,0,0,2,no,,,former,1,3,3,1,,,,,,,1
68,1,1,5,11,1,1,0,3,0,yes,2,0,0,2,0,,0,0,0,0,2,no,33.290000915527344,4,never,0,,3,1,1,12.857142448425293,2,1,4,1,0
32,2,1,5,,4,2,2,5,0,yes,2,0,0,2,1,2,0,0,0,0,2,no,46.409999847412109,4,never,0,,3,1,1,1,1,1,1,1,0
65,1,1,5,11,1,1,0,1,0,yes,2,0,0,2,0,,0,0,0,0,2,diabetes,39.330001831054688,4,former,1,3,3,1,2,0,,1,,1,0
34,1,1,6,11,1,1,1,1,0,no,,0,0,2,0,,0,0,0,0,2,no,28.190000534057617,3,never,0,,3,1,2,0,,1,,1,0
18,2,5,4,8,5,1,1,5,0,no,,0,0,2,0,,0,0,0,0,2,no,22.309999465942383,2,never,0,,3,1,1,1,10,2,10,1,0
28,2,1,4,9,1,1,3,7,0,no,2,0,0,2,0,,0,0,0,0,,no,24.129999160766602,2,never,0,,3,1,1,1,2,1,1,1,0
28,2,3,6,10,6,1,0,1,0,no,2,0,0,2,0,,0,0,0,0,2,no,30.899999618530273,4,never,0,,3,4,1,4,1,1,1,1,0
77,1,1,4,5,1,1,0,2,0,yes,2,0,0,2,0,,0,0,1,0,2,no,22.959999084472656,2,former,1,3,3,1,2,0,,1,,1,0
64,2,1,5,5,4,2,0,1,0,yes,1,0,0,2,1,1,0,0,0,0,1,no,26.090000152587891,3,current_some_days,1,2,3,4,1,4,3,1,4,1,0
70,2,5,3,2,1,1,1,3,0,no,2,1,1,1,0,,0,0,0,0,1,no,37.110000610351562,4,never,0,,3,1,2,0,,1,,1,0
76,1,1,6,9,1,1,0,1,0,no,2,0,0,2,0,,0,0,0,0,1,no,25.840000152587891,3,never,0,,3,1,1,4,1,1,2,1,0
75,2,4,6,11,1,1,0,1,0,yes,1,0,0,2,0,,0,0,0,0,2,diabetes,25.610000610351562,3,never,0,,3,1,1,8.5714282989501953,2,1,3,1,0
31,2,1,5,7,5,2,0,1,0,no,2,0,0,2,0,,0,0,0,0,2,no,22.709999084472656,2,never,0,,3,4,1,3,4,2,4,1,0
58,2,1,6,6,1,1,0,,1,yes,1,0,0,2,1,1,1,0,0,0,2,no,34.950000762939453,4,never,0,,3,1,1,1,1,1,1,1,0
79,2,1,4,4,5,1,0,3,0,yes,1,0,0,2,0,,1,1,0,0,1,no,34.330001831054688,4,never,0,,3,1,2,0,,1,,1,0
41,2,1,6,11,1,1,2,1,0,yes,1,0,0,2,0,,0,0,0,0,2,gestational_only,25.75,3,former,1,3,3,1,1,4.2857141494750977,2,1,5,1,0
79,2,1,6,6,2,1,0,3,0,yes,1,0,0,2,0,,1,1,1,1,1,diabetes,42.909999847412109,4,former,1,3,3,1,1,1,1,1,1,1,0
65,2,1,4,2,2,2,0,3,0,yes,1,0,0,2,0,,0,0,0,0,1,no,24.690000534057617,2,current_some_days,1,2,3,1,1,6,1,1,1,1,0
72,1,1,4,8,3,1,0,3,0,yes,1,0,0,2,0,,0,0,0,0,1,diabetes,30.069999694824219,4,former,1,3,3,1,2,0,,1,,1,0
40,2,1,6,11,1,1,2,1,0,no,2,0,0,2,1,1,0,0,0,0,2,no,20.979999542236328,2,never,0,,3,1,1,17.142856597900391,2,2,4,2,0
55,1,1,5,6,1,1,0,1,0,yes,1,0,0,2,0,,0,0,0,0,2,diabetes,29.840000152587891,3,never,0,,3,1,2,0,,1,,1,0
63,2,1,4,9,2,1,0,1,0,yes,2,0,0,2,0,,0,0,0,0,2,no,20.069999694824219,2,former,1,3,3,1,1,25,2,2,4,2,0
44,1,1,6,11,1,1,0,1,0,no,2,0,0,2,0,,0,0,0,0,2,no,23.059999465942383,2,never,0,,3,1,1,6,1,1,1,1,0
71,1,1,6,7,1,1,0,3,0,yes,1,0,,,0,,0,1,0,0,2,diabetes,43.599998474121094,4,former,1,3,3,1,2,0,,1,,1,0
62,1,1,5,4,2,1,0,10,0,no,,0,0,2,0,,0,0,0,0,2,no,30.409999847412109,4,current_every_day,1,1,2,1,1,10,3,1,4,1,0
50,1,1,6,11,1,1,0,7,0,no,1,0,0,2,0,,0,0,0,0,2,no,23.399999618530273,2,never,0,,3,1,2,0,,1,,1,0
38,1,1,6,1,6,1,0,5,0,no,2,0,0,2,0,,0,0,0,0,2,no,28.25,3,never,0,,3,4,1,1,1,1,1,1,0
37,1,5,3,1,5,2,0,5,1,no,2,0,0,2,1,1,0,0,0,0,2,no,16.760000228881836,1,former,1,3,3,1,2,0,,1,,1,0
37,2,1,6,6,1,1,7,5,0,yes,2,0,0,2,0,,0,0,0,0,2,no,24.799999237060547,2,never,0,,3,1,1,21.428571701049805,2,2,4,2,0
57,2,1,4,4,2,2,0,5,1,yes,2,0,0,2,0,,0,0,0,0,2,no,21.299999237060547,2,never,0,,3,1,1,4.2857141494750977,3,2,5,1,0
80,1,1,5,6,1,1,0,3,0,no,2,0,0,2,0,,0,0,0,0,2,diabetes,25.829999923706055,3,former,1,3,3,1,2,0,,1,,1,0
34,1,1,5,7,1,2,0,1,0,no,1,0,0,2,1,1,0,0,0,0,2,no,22.379999160766602,2,former,1,3,3,1,1,30,1,1,1,1,0
36,2,1,6,8,6,1,0,1,0,no,2,0,0,2,1,2,0,0,0,0,2,no,42.569999694824219,4,never,0,,3,1,1,4.2857141494750977,1,1,1,1,0
62,1,1,6,,1,1,0,2,0,no,2,0,0,2,0,,0,0,0,0,2,diabetes,29.530000686645508,3,never,0,,3,1,1,4.2857141494750977,1,1,2,1,0
67,1,1,6,9,1,1,0,2,0,yes,1,0,0,2,0,,0,0,0,0,2,no,25.829999923706055,3,never,0,,3,4,2,0,,1,,1,0
42,2,5,5,3,1,2,1,10,0,no,2,0,0,2,0,,0,0,0,0,2,no,24.659999847412109,2,former,1,3,3,1,1,1,2,1,2,1,0
80,2,1,6,5,2,3,0,,0,yes,,0,0,2,0,,0,1,0,0,1,no,18.370000839233398,1,never,0,,3,1,2,0,,1,,1,0
76,2,1,6,6,6,1,0,3,0,yes,2,0,0,2,0,,0,0,1,0,2,no,24.110000610351562,2,former,1,3,3,1,1,12.857142448425293,1,1,2,1,0
48,1,2,4,,2,2,0,2,0,yes,2,0,0,2,0,,0,0,0,0,2,diabetes,25.319999694824219,3,never,0,,3,1,1,4.2857141494750977,2,1,2,1,0
57,1,1,4,5,2,2,0,3,1,yes,1,0,,,0,,0,0,1,1,1,diabetes,41.049999237060547,4,former,1,3,3,1,2,0,,1,,1,0
62,2,1,6,6,1,2,0,3,0,yes,2,0,0,2,0,,1,1,0,0,2,no,35.669998168945312,4,never,0,,3,1,2,0,,1,,1,0
80,1,2,4,6,1,1,0,7,0,yes,1,0,0,2,0,,0,0,0,0,1,no,25.850000381469727,3,former,1,3,3,1,2,0,,1,,1,0
49,2,1,4,5,5,1,3,5,0,no,,0,0,2,1,1,1,0,0,0,2,no,23.180000305175781,2,current_every_day,1,1,3,4,2,0,,1,,1,0
34,2,1,6,10,6,1,0,1,1,no,,0,0,2,1,1,0,0,0,0,2,no,32.080001831054688,4,never,0,,3,1,1,1,1,1,1,1,0
49,1,1,6,9,1,1,1,1,0,no,2,0,0,2,0,,0,0,0,0,2,no,32.099998474121094,4,former,1,3,3,1,1,8.5714282989501953,3,2,6,1,0
80,2,1,4,4,3,2,0,3,0,yes,1,0,1,1,0,,0,0,0,0,1,diabetes,31.819999694824219,4,never,0,,3,4,2,0,,1,,1,0
61,2,2,6,9,1,1,0,1,0,no,2,0,0,2,0,,0,0,0,0,2,no,23.780000686645508,2,never,0,,3,1,2,0,,1,,1,0
19,1,2,5,9,5,2,0,1,1,no,,0,0,2,1,2,0,0,0,0,2,no,29.030000686645508,3,never,0,,3,2,1,12,3,2,,1,0
74,1,1,6,10,1,1,0,2,0,yes,1,0,0,2,0,,0,0,0,0,2,no,24.389999389648438,2,never,0,,3,1,1,30,2,1,3,1,0
25,2,1,6,,5,2,,1,0,no,,0,0,2,0,,0,0,0,0,2,no,,,,,,,,,,,,,,1
20,1,6,3,6,5,2,1,,0,no,2,0,0,2,0,,0,0,0,0,2,no,21.149999618530273,2,,,,,,,,,,,,0
71,1,1,6,11,1,3,1,3,0,no,1,0,0,2,0,,0,0,0,0,2,no,31.069999694824219,4,former,1,3,3,1,2,0,,1,,1,0
46,1,1,6,9,1,1,2,1,0,yes,2,0,0,2,0,,0,0,0,0,2,no,31.010000228881836,4,former,1,3,2,1,1,15,3,1,4,1,0
31,2,1,6,6,1,1,2,5,0,no,2,0,0,2,0,,0,0,0,0,2,no,22.319999694824219,2,never,0,,3,1,2,0,,1,,1,0
58,2,1,5,6,1,1,0,1,0,no,2,0,0,2,0,,0,0,0,0,2,no,28.340000152587891,3,never,0,,3,1,1,2,1,1,1,1,0
51,1,2,5,,2,3,0,9,0,no,2,0,0,2,0,,0,0,0,0,2,diabetes,,,,,,,,,,,,,,1
39,2,1,6,11,1,1,0,1,0,no,1,0,0,2,0,,0,0,0,0,2,no,37.119998931884766,4,never,0,,3,1,2,0,,1,,1,0
52,1,1,5,7,1,1,1,1,0,yes,1,0,0,2,1,1,0,0,0,0,1,diabetes,42.830001831054688,4,never,0,,3,1,2,0,,1,,1,0
67,2,1,4,3,1,1,0,1,0,yes,2,1,1,1,0,,0,0,0,0,1,no,23.409999847412109,2,former,1,3,3,1,2,0,,1,,1,0
49,2,1,6,,1,1,0,,0,no,2,0,0,2,1,1,0,0,0,0,2,diabetes,,,never,0,,3,1,1,1,1,1,1,1,1
33,1,1,5,1,5,2,0,5,1,no,2,0,0,2,1,1,0,0,0,0,2,no,24.389999389648438,2,former,1,3,3,4,1,3,2,1,3,1,0
79,2,1,6,,1,1,0,3,0,yes,1,0,0,2,0,,1,1,0,0,1,no,,,former,1,3,3,1,2,0,,1,,1,1
64,2,1,5,7,1,1,1,1,0,no,1,0,0,2,0,,0,0,0,0,1,no,23.959999084472656,2,former,1,3,3,4,1,3,4,2,4,1,0
48,2,5,5,,1,1,0,1,0,no,2,0,0,2,1,1,0,0,0,0,1,no,26.149999618530273,3,never,0,,3,1,1,6,1,1,2,1,0
60,1,4,4,7,4,1,0,1,0,no,1,0,0,2,0,,0,0,0,0,2,no,31.319999694824219,4,never,0,,3,1,,,,,,,0
67,2,2,5,,3,1,0,10,0,yes,,1,1,1,0,,0,0,0,0,2,prediabetes,,,never,0,,3,1,2,0,,1,,1,1
63,2,1,4,3,2,2,0,5,0,yes,1,0,1,1,0,,0,0,1,1,1,diabetes,46.060001373291016,4,former,1,3,3,1,2,0,,1,,1,0
46,2,5,3,6,1,2,2,10,0,no,2,0,0,2,1,2,0,0,0,0,2,no,38.409999847412109,4,former,1,3,3,1,2,0,,1,,1,0
63,1,1,6,11,1,1,0,1,0,no,1,0,0,2,0,,0,0,0,0,2,no,24.139999389648438,2,never,0,,3,1,,,,,,,0
37,2,1,5,,1,1,3,3,0,no,1,0,0,2,0,,0,0,0,0,1,no,24.690000534057617,2,former,1,3,3,4,1,8,2,,3,1,0
48,1,1,2,7,1,1,3,2,0,no,,0,0,2,0,,0,0,0,0,2,no,25.110000610351562,3,never,0,,3,1,2,0,,1,,1,0
76,2,1,6,8,3,1,0,3,0,no,2,0,0,2,0,,0,0,0,0,2,no,30.899999618530273,4,never,0,,3,1,2,0,,1,,1,0
27,2,1,6,6,5,2,0,88,0,no,2,0,0,2,0,,0,0,0,0,2,no,24.209999084472656,2,never,0,,3,1,1,2,2,1,2,1,0
20,1,5,5,6,5,1,1,2,0,yes,2,0,0,2,0,,0,0,0,0,2,no,15.409999847412109,1,never,0,,3,1,2,0,,1,,1,0
70,2,1,6,8,2,1,0,3,0,no,2,0,0,2,0,,0,0,0,0,1,no,22.309999465942383,2,never,0,,3,1,1,2,1,1,2,1,0
80,2,1,5,8,1,1,0,3,0,no,2,0,0,2,0,,0,0,0,0,2,no,18.700000762939453,2,never,0,,3,1,1,12.857142448425293,1,1,2,1,0
50,1,1,6,,1,1,,1,0,no,2,0,0,2,0,,0,0,0,0,1,no,,,,,,,,,,,,,,1
76,1,1,6,8,1,2,0,3,0,no,2,0,0,2,0,,0,0,0,,2,prediabetes,24.110000610351562,2,former,1,3,3,1,2,0,,1,,1,0
50,1,1,6,7,2,,0,1,0,no,2,0,0,2,0,,0,0,0,0,2,no,21.520000457763672,2,former,1,3,3,1,1,30,2,2,5,1,0
40,1,6,3,1,5,2,0,,1,no,,0,0,2,0,,0,0,0,0,2,no,23.180000305175781,2,former,1,3,3,1,2,0,,1,,1,0
80,1,2,6,9,1,1,0,3,0,yes,2,0,0,2,0,,0,0,0,0,1,no,,,former,1,3,3,1,2,0,,1,,1,1
71,2,1,5,,1,1,0,3,0,no,2,0,0,2,0,,0,0,0,0,2,no,24.799999237060547,2,never,0,,3,1,1,2,1,1,1,1,0
78,1,1,5,7,3,1,0,3,0,yes,2,0,0,2,0,,0,0,1,0,2,no,23.670000076293945,2,former,1,3,3,4,1,30,2,1,,1,0
27,2,1,6,8,1,1,1,1,0,no,2,0,0,2,0,,0,0,0,0,2,no,44.290000915527344,4,never,0,,3,4,2,0,,1,,1,0
42,2,1,3,6,5,1,0,,0,no,,0,0,2,0,,0,0,0,0,2,no,,,current_every_day,1,1,3,1,2,0,,1,,1,1
66,1,1,6,11,1,1,0,3,0,no,1,0,0,2,0,,0,0,0,0,2,no,25.829999923706055,3,former,1,3,3,1,1,12.857142448425293,2,1,3,1,0
72,1,1,6,9,1,1,0,3,0,no,1,0,0,2,0,,0,0,0,0,2,diabetes,22.809999465942383,2,former,1,3,3,1,1,27,1,1,2,1,0
30,2,5,5,6,1,1,3,5,1,no,2,0,0,2,0,,0,0,0,0,2,no,39.299999237060547,4,never,0,,3,1,2,0,,1,,1,0
77,1,1,4,5,3,,0,7,0,no,,0,0,2,0,,0,0,0,0,2,no,24.340000152587891,2,current_every_day,1,1,3,1,2,0,,1,,1,0
64,1,1,6,11,1,1,0,1,0,no,2,0,0,2,0,,0,0,0,0,2,no,32.779998779296875,4,never,0,,3,1,2,0,,1,,1,0
39,2,1,5,7,2,2,2,88,1,no,2,0,0,2,0,,0,1,0,0,1,no,40.619998931884766,4,former,1,3,3,4,1,3,1,1,2,1,0
70,2,2,4,1,3,1,0,2,0,no,2,0,0,2,0,,0,0,0,0,2,no,24.209999084472656,2,never,0,,3,1,2,0,,1,,1,0
60,1,1,4,8,1,1,0,1,0,yes,1,0,0,2,1,1,0,1,0,0,1,no,28.059999465942383,3,never,0,,3,1,1,1,1,1,1,1,0
67,1,1,6,11,1,1,2,3,0,yes,2,0,0,2,0,,0,0,0,0,1,no,29.819999694824219,3,former,1,3,3,1,1,6,2,1,3,1,0
72,2,1,6,10,3,1,0,3,0,yes,1,0,0,2,0,,0,0,0,0,1,prediabetes,27.959999084472656,3,never,0,,3,1,1,4,1,1,1,1,0
58,2,1,6,4,3,2,0,3,0,pregnancy_only,1,1,0,1,0,,0,0,0,1,1,diabetes,24.409999847412109,2,never,0,,3,1,2,0,,1,,1,0
80,1,1,6,,1,1,0,3,0,yes,,1,1,1,1,2,1,1,0,0,1,no,26.319999694824219,3,never,0,,3,1,1,3,1,1,1,1,0
37,1,6,4,9,1,1,2,1,0,no,2,0,0,2,0,,0,0,0,0,2,no,29.270000457763672,3,never,0,,3,1,1,30,1,1,3,1,0
73,1,1,6,9,1,1,0,3,0,yes,1,1,0,1,0,,1,1,0,0,2,diabetes,34.970001220703125,4,former,1,3,3,1,1,17.142856597900391,2,1,4,1,0
19,1,1,4,4,5,2,0,2,0,no,,0,0,2,1,1,0,0,0,0,2,no,34.369998931884766,4,never,0,,3,1,2,0,,1,,1,0
63,2,1,5,8,1,1,0,1,0,no,1,0,0,2,0,,0,0,0,0,1,no,26.469999313354492,3,current_some_days,1,2,3,1,2,0,,1,,1,0
19,1,3,4,8,5,1,0,2,0,no,,0,0,2,0,,0,0,0,0,2,no,20.120000839233398,2,never,0,,3,4,2,0,,1,,1,0
45,1,1,5,5,5,2,0,9,0,no,2,0,0,2,0,,0,0,0,0,2,no,25.100000381469727,3,current_every_day,1,1,3,3,2,0,,1,,1,0
76,1,1,6,6,2,1,0,7,0,yes,1,0,0,2,0,,0,0,0,0,2,no,25.840000152587891,3,never,0,,3,1,1,2,3,1,3,1,0
22,2,1,4,5,1,2,1,,0,no,2,0,0,2,0,,0,0,0,0,2,no,24.030000686645508,2,never,0,,3,1,2,0,,1,,1,0
62,2,6,4,5,5,1,0,1,0,no,1,0,0,2,0,,0,0,0,0,2,diabetes,38.860000610351562,4,never,0,,3,1,2,0,,1,,1,0
58,1,5,3,6,1,2,2,2,1,no,2,0,0,2,0,,0,0,0,0,1,diabetes,23.299999237060547,2,never,0,,3,1,2,0,,1,,1,0
58,1,1,4,7,2,1,0,1,0,no,1,0,0,2,0,,0,0,0,0,2,no,29.159999847412109,3,current_every_day,1,1,3,2,2,0,,1,,1,0
27,1,6,4,4,6,2,0,1,0,yes,1,0,0,2,0,,0,0,0,0,2,no,24.389999389648438,2,never,0,,3,2,1,8.5714282989501953,4,2,6,1,0
78,1,1,6,,1,1,0,,0,yes,1,1,0,1,0,,0,0,0,0,2,no,31.190000534057617,4,former,1,3,3,1,2,0,,1,,1,0
77,2,1,5,,1,1,0,3,0,no,1,0,0,2,0,,0,0,0,0,2,no,34.330001831054688,4,former,1,3,3,1,1,20,1,1,2,1,0
54,2,1,6,11,1,1,0,1,0,no,2,0,0,2,0,,0,0,0,0,2,no,21.260000228881836,2,never,0,,3,1,2,0,,1,,1,0
78,1,1,4,,1,1,,1,0,no,1,0,0,2,0,,0,0,0,0,2,no,,,,,,,,,,,,,,1
80,2,1,5,10,1,1,0,3,0,yes,2,0,0,2,0,,0,0,1,0,1,no,21.139999389648438,2,never,0,,3,1,1,1,1,1,1,1,0
35,1,1,4,3,1,1,0,88,0,no,,0,0,2,0,,0,0,0,0,2,no,25.100000381469727,3,current_every_day,1,1,3,1,2,0,,1,,1,0
58,2,1,5,4,5,1,0,10,0,yes,1,0,0,2,1,1,1,0,1,0,1,no,25.389999389648438,3,former,1,3,3,1,2,0,,1,,1,0
55,2,5,4,9,2,1,1,1,0,yes,1,0,0,2,0,,0,0,0,0,,no,27.370000839233398,3,never,0,,3,1,2,0,,1,,1,0
63,2,1,6,7,3,1,0,1,0,no,2,0,0,2,0,,0,0,0,0,1,no,47.889999389648438,4,former,1,3,3,1,2,0,,1,,1,0
23,1,5,2,,6,2,0,88,0,no,,0,0,2,0,,0,0,0,0,2,no,29.260000228881836,3,never,0,,3,1,2,0,,1,,1,0
55,2,5,4,1,5,2,0,5,1,yes,2,1,0,1,1,2,0,0,1,1,1,diabetes,54.5,4,never,0,,3,1,2,0,,1,,1,0
65,2,1,4,7,1,1,0,9,0,yes,1,0,0,2,0,,0,0,0,0,2,prediabetes,33.229999542236328,4,never,0,,3,1,1,10,1,1,2,1,0
74,2,1,6,8,1,1,0,3,0,yes,1,0,0,2,1,1,1,0,0,0,1,no,37.759998321533203,4,never,0,,3,1,2,0,,1,,1,0
80,2,5,4,1,3,3,0,3,0,no,2,0,0,2,0,,0,1,0,0,1,no,24.190000534057617,2,former,1,3,3,1,2,0,,1,,1,0
55,2,2,6,9,1,2,1,1,0,pregnancy_only,1,0,0,2,0,,0,0,0,0,2,no,30.340000152587891,4,never,0,,3,1,2,0,,1,,1,0
70,2,1,5,5,5,1,0,3,0,no,1,0,0,2,0,,0,0,0,0,2,no,20.120000839233398,2,never,0,,3,1,2,0,,1,,1,0
73,2,1,6,8,3,1,0,3,0,no,2,0,0,2,0,,0,1,0,1,1,no,22.129999160766602,2,former,1,3,3,1,1,1,1,1,1,1,0
47,1,1,5,10,1,1,0,7,0,no,1,0,0,2,0,,0,0,0,0,1,no,30.409999847412109,4,,,,,,,,,,,,0
65,2,1,6,2,1,1,0,3,0,yes,2,0,0,2,0,,0,0,1,0,1,no,27.069999694824219,3,current_every_day,1,1,3,4,1,4.2857141494750977,2,2,4,1,0
62,1,2,4,,5,2,0,2,0,no,,0,0,2,0,,0,0,0,0,2,no,22.319999694824219,2,,,,,,,,,,,,0
69,2,1,6,7,3,1,0,3,0,yes,1,0,0,2,0,,0,0,0,1,2,no,16.979999542236328,1,never,0,,3,1,1,5,1,1,1,1,0
56,1,1,6,10,2,1,0,2,0,no,2,0,0,2,1,2,0,0,0,0,2,no,27.600000381469727,3,never,0,,3,4,1,8.5714282989501953,2,1,4,1,0
71,1,1,4,7,1,1,0,3,0,no,2,1,0,1,0,,0,0,0,0,2,no,33,4,never,0,,3,1,2,0,,1,,1,0
70,2,1,5,,1,1,0,3,0,no,2,0,1,1,0,,0,0,0,0,2,no,20.25,2,former,1,3,3,1,1,4,1,1,,1,0
42,2,1,6,10,1,1,2,1,0,no,2,0,0,2,0,,0,0,0,0,2,no,24.280000686645508,2,,,,,,,,,,,,0
40,2,3,6,9,1,1,2,1,0,no,2,0,0,2,0,,0,0,0,0,1,no,21.479999542236328,2,never,0,,3,1,2,0,,1,,1,0
63,2,1,6,8,1,1,0,88,0,no,2,0,0,2,0,,0,0,0,0,2,no,45.729999542236328,4,never,0,,3,1,2,0,,1,,1,0
55,1,1,4,8,2,1,0,7,0,yes,2,0,0,2,0,,0,0,0,0,2,diabetes,23.059999465942383,2,former,1,3,3,1,2,0,,1,,1,0
45,1,1,5,9,1,1,2,1,0,yes,2,0,0,2,0,,0,0,0,0,2,no,,,never,0,,3,1,1,8,1,1,2,1,1
40,2,1,5,3,4,2,1,5,0,yes,1,0,0,2,1,1,0,0,1,0,1,no,31.909999847412109,4,former,1,3,3,1,1,1,1,1,2,1,0
58,2,1,6,8,5,1,1,1,0,no,,0,0,2,0,,0,0,0,0,2,no,,,former,1,3,3,1,2,0,,1,,1,1
76,2,1,5,7,1,1,0,3,0,no,1,0,0,2,0,,0,0,0,0,1,no,19.399999618530273,2,never,0,,3,1,1,1,1,1,1,1,0
48,1,6,6,11,1,1,2,1,0,no,2,0,0,2,0,,0,0,0,0,1,no,35.240001678466797,4,never,0,,3,1,1,20,3,1,3,1,0
70,1,5,6,8,1,1,0,3,0,yes,2,0,0,2,0,,1,1,0,0,2,no,28,3,former,1,3,3,1,1,1,1,1,1,1,0
21,1,1,4,7,5,2,0,5,0,no,,0,0,2,0,,0,0,0,0,2,no,20.809999465942383,2,never,0,,3,1,1,1,1,1,1,1,0
66,1,5,2,,1,2,0,3,0,no,1,0,0,2,0,,0,0,0,0,2,diabetes,30.510000228881836,4,never,0,,3,1,1,30,12,2,12,2,0
48,1,2,6,9,1,1,2,1,0,yes,1,0,0,2,0,,0,0,0,0,2,no,25.100000381469727,3,never,0,,3,1,1,4.2857141494750977,2,1,2,1,0
32,2,1,6,9,1,1,1,1,1,no,2,0,0,2,1,2,0,0,0,0,2,no,,,never,0,,3,1,2,0,,1,,1,1
69,2,1,5,6,1,1,0,1,0,no,1,0,0,2,0,,1,0,0,0,2,no,,,never,0,,3,1,1,6,1,1,1,1,1
35,1,1,4,5,2,2,0,2,0,no,1,0,0,2,,,0,0,0,0,1,no,37.659999847412109,4,never,0,,3,1,2,0,,1,,1,0
73,2,5,3,3,2,2,0,3,0,no,2,0,0,2,0,,0,0,0,0,1,no,22.139999389648438,2,former,1,3,3,1,2,0,,1,,1,0
30,2,1,5,3,2,3,2,5,0,no,2,0,0,2,0,,0,0,0,0,2,no,21.729999542236328,2,never,0,,3,1,1,1,1,1,1,1,0
55,2,1,5,,1,1,0,,0,yes,1,0,0,2,1,1,0,0,0,0,1,no,,,never,0,,3,1,2,0,,1,,1,1
63,1,1,5,8,1,1,0,2,0,yes,2,0,0,2,0,,0,0,0,0,2,no,38.259998321533203,4,never,0,,3,1,1,7,4,1,4,1,0
79,1,2,5,6,1,1,0,7,0,yes,1,0,0,2,0,,0,0,0,0,1,no,,,,,,,,,,,,,,1
50,2,1,6,11,1,1,0,1,0,yes,2,0,0,2,0,,0,0,0,0,2,no,26.629999160766602,3,former,1,3,3,1,1,20,2,2,4,2,0
43,1,1,5,9,2,1,0,1,0,yes,1,0,0,2,0,,0,0,0,0,2,no,31.659999847412109,4,never,0,,3,1,1,5,2,1,2,1,0
41,1,1,6,9,4,1,0,1,0,yes,2,0,0,2,0,,0,0,0,0,2,no,25.799999237060547,3,former,1,3,3,,,,,,,,0
25,1,5,6,,5,1,0,,0,no,,0,0,2,,,0,0,0,0,2,no,34.869998931884766,4,never,0,,3,1,2,0,,1,,1,0
62,1,1,6,9,1,1,0,1,0,no,2,0,0,2,0,,0,0,0,0,2,no,22.809999465942383,2,never,0,,3,1,1,12.857142448425293,1,1,2,1,0
43,1,1,6,,1,1,,1,0,no,2,0,0,2,0,,0,0,0,0,2,no,27.459999084472656,3,,,,,,,,,,,,0
42,1,3,6,11,1,1,2,2,0,borderline,2,0,0,2,0,,0,0,0,0,2,no,28.75,3,never,0,,3,3,1,10,3,2,10,1,0
23,1,1,4,,6,2,0,1,0,no,2,0,0,2,1,2,0,0,0,0,2,no,25.770000457763672,3,current_some_days,1,2,1,3,1,12.857142448425293,2,2,,1,0
36,1,1,6,11,1,1,2,1,0,no,1,0,0,2,0,,0,0,0,0,2,no,30.340000152587891,4,never,0,,3,1,1,1,3,1,3,1,0
68,1,1,5,2,3,3,0,3,0,yes,,0,0,2,0,,0,0,0,0,1,no,25.100000381469727,3,current_every_day,1,1,3,1,1,20,4,2,6,2,0
31,1,3,6,10,5,2,0,1,0,no,2,0,0,2,0,,0,0,0,0,2,no,25.379999160766602,3,never,0,,3,1,2,0,,1,,1,0
20,1,5,3,4,5,2,2,3,0,no,,0,0,2,1,1,0,0,0,0,2,no,18.829999923706055,2,never,0,,3,3,1,8.5714282989501953,3,1,30,1,0
63,2,1,5,7,1,1,0,1,0,no,2,0,0,2,0,,0,0,0,0,2,no,24.030000686645508,2,never,0,,3,1,1,4.2857141494750977,1,1,2,1,0
47,2,1,6,7,1,1,2,1,0,no,1,0,0,2,0,,0,0,0,0,2,no,22.450000762939453,2,former,1,3,3,1,1,1,1,1,1,1,0
63,1,5,2,1,2,3,0,3,1,yes,1,1,0,1,1,1,0,0,0,1,1,diabetes,36.610000610351562,4,never,0,,3,1,2,0,,1,,1,0
80,1,1,5,6,1,1,0,2,0,no,,0,0,2,1,1,1,1,1,1,1,no,30.860000610351562,4,former,1,3,3,1,2,0,,1,,1,0
35,1,1,4,6,5,2,4,1,0,no,,0,0,2,0,,0,0,0,0,2,no,30.110000610351562,4,former,1,3,3,3,,,,,,,0
37,2,2,4,,5,1,,88,1,yes,1,0,0,2,1,1,0,0,1,0,2,no,,,,,,,,,,,,,,1
55,1,1,6,9,1,1,0,1,0,yes,2,0,0,2,0,,0,0,0,0,2,diabetes,30.409999847412109,4,never,0,,3,1,1,17.142856597900391,2,1,4,1,0
67,1,1,4,6,1,1,0,3,0,no,1,1,0,1,0,,0,0,0,0,2,no,33.229999542236328,4,never,0,,3,1,1,4.2857141494750977,2,1,2,1,0
51,1,1,6,11,1,1,2,1,0,no,2,0,0,2,0,,0,0,0,0,2,no,21.75,2,never,0,,3,1,2,0,,1,,1,0
63,2,3,6,1,3,1,0,5,0,yes,,0,0,2,0,,0,0,0,0,1,no,21.030000686645508,2,never,0,,3,1,2,0,,1,,1,0
40,1,2,4,4,5,3,0,10,1,no,2,0,0,2,0,,0,0,0,0,2,no,21.020000457763672,2,,,,3,3,2,0,,1,,1,0
56,1,1,4,,2,3,0,5,0,yes,1,0,0,2,0,,0,0,0,0,2,diabetes,33.450000762939453,4,never,0,,3,1,2,0,,1,,1,0
24,1,2,5,,5,2,2,5,0,no,2,0,0,2,0,,0,0,0,0,2,no,22.319999694824219,2,never,0,,3,1,2,0,,1,,1,0
75,2,1,5,,2,1,0,3,1,yes,1,0,0,2,1,2,0,0,0,1,1,no,30.790000915527344,4,never,0,,3,1,2,0,,1,,1,0
40,1,6,4,8,1,1,1,2,1,no,2,0,0,2,1,1,0,0,0,0,2,no,32.080001831054688,4,,,,,,,,,,,,0
37,2,5,4,7,6,1,3,1,0,pregnancy_only,2,0,0,2,0,,0,0,0,0,2,gestational_only,34.700000762939453,4,never,0,,3,1,2,0,,1,,1,0
32,2,1,5,7,1,1,2,1,0,no,2,0,0,2,0,,0,0,0,0,2,no,30.040000915527344,4,never,0,,3,1,2,0,,1,,1,0
18,2,1,3,6,1,2,0,2,0,no,,0,0,2,1,1,0,0,0,0,2,no,21.629999160766602,2,never,0,,3,1,2,0,,1,,1,0
70,2,1,6,,1,1,0,3,0,yes,1,0,0,2,1,1,0,0,0,0,2,no,33.889999389648438,4,never,0,,3,1,1,5,1,1,1,1,0
68,2,1,4,7,1,1,0,3,0,yes,,1,1,1,0,,0,0,0,0,2,no,41.439998626708984,4,former,1,3,3,1,2,0,,1,,1,0
37,2,1,6,10,1,1,2,1,0,no,1,0,0,2,0,,0,0,0,0,2,diabetes,36.610000610351562,4,never,0,,3,1,2,0,,1,,1,0
42,1,1,6,,6,1,0,,0,yes,1,0,0,2,0,,0,0,0,0,1,diabetes,42.599998474121094,4,former,1,3,3,4,1,1,2,1,2,1,0
60,2,1,5,8,1,1,0,1,0,no,2,1,0,1,1,1,0,0,0,0,1,no,36.580001831054688,4,never,0,,3,1,2,0,,1,,1,0
60,1,1,6,8,1,1,0,1,0,yes,2,1,0,1,0,,0,0,0,0,2,no,35.509998321533203,4,former,1,3,3,1,1,10,2,1,2,1,0
71,2,1,5,8,1,1,0,3,0,no,1,0,0,2,0,,1,0,0,0,1,no,28.170000076293945,3,never,0,,3,1,1,10,1,2,5,1,0
75,1,2,6,9,1,1,,7,0,yes,2,0,1,1,0,,0,0,0,0,1,diabetes,31.309999465942383,4,never,0,,3,1,2,0,,1,,1,0
51,2,2,6,7,3,1,0,5,1,yes,1,0,0,2,0,,0,0,0,0,1,prediabetes,39.529998779296875,4,never,0,,3,1,2,0,,1,,1,0
57,1,1,6,10,1,1,0,1,0,yes,2,0,0,2,0,,0,0,0,0,2,no,35,4,former,1,3,3,1,1,12.857142448425293,3,2,6,1,0
65,2,1,4,5,3,1,0,3,0,no,2,0,0,2,0,,0,0,0,0,2,diabetes,22.270000457763672,2,never,0,,3,1,1,4.2857141494750977,2,1,2,1,0
77,1,1,6,,3,1,0,3,0,no,1,1,0,1,0,,1,1,0,0,1,no,26.629999160766602,3,former,1,3,3,1,1,25,1,1,3,1,0
35,2,1,6,7,1,1,2,9,1,no,1,0,0,2,0,,0,0,0,0,2,diabetes,,,never,0,,3,1,1,2,2,1,2,1,1
37,2,1,4,,1,2,0,9,0,no,2,0,0,2,0,,0,0,1,0,2,no,44.970001220703125,4,,,,,,,,,,,,0
50,2,1,6,10,1,1,1,1,0,no,2,0,0,2,0,,0,0,0,0,2,no,20.979999542236328,2,,,,,,,,,,,,0
61,1,1,6,9,1,1,0,1,0,yes,1,0,0,2,0,,0,0,0,0,1,diabetes,34.580001831054688,4,former,1,3,3,1,2,0,,1,,1,0
44,2,1,5,7,1,1,1,2,0,yes,2,0,0,2,1,1,0,0,0,1,2,no,27.370000839233398,3,never,0,,3,1,2,0,,1,,1,0
70,2,1,4,5,1,1,0,3,0,yes,2,0,0,2,0,,0,0,0,0,1,diabetes,31.090000152587891,4,never,0,,3,1,2,0,,1,,1,0
80,2,6,2,5,1,1,0,3,0,yes,2,1,0,1,0,,1,0,0,0,1,diabetes,24.559999465942383,2,never,0,,3,1,2,0,,1,,1,0
72,2,1,4,,,1,0,9,0,yes,2,0,0,2,0,,0,0,0,0,1,no,,,never,0,,3,1,2,0,,1,,1,1
60,2,5,6,5,2,1,0,1,1,no,2,0,0,2,0,,0,0,0,0,1,diabetes,32.770000457763672,4,never,0,,3,1,1,1,1,1,1,1,0
74,2,1,5,9,1,1,0,9,0,no,2,0,0,2,0,,1,0,0,0,2,no,21.309999465942383,2,never,0,,3,1,1,12.857142448425293,1,1,2,1,0
35,1,1,5,9,1,1,2,1,0,no,2,0,0,2,0,,0,0,0,0,1,no,30.049999237060547,4,never,0,,3,1,1,21.428571701049805,4,2,7,2,0
80,2,1,4,6,1,1,0,1,0,yes,2,0,0,2,0,,0,0,0,0,1,diabetes,31.350000381469727,4,never,0,,3,1,2,0,,1,,1,0
47,1,1,6,9,1,1,2,1,0,no,2,0,0,2,0,,0,0,0,0,2,no,30.680000305175781,4,never,0,,3,1,1,3,3,1,6,1,0
69,2,1,5,6,1,1,0,3,0,yes,1,0,0,2,0,,0,0,0,0,2,diabetes,28.899999618530273,3,former,1,3,3,1,2,0,,1,,1,0
60,1,1,5,6,2,1,0,2,0,yes,1,1,0,1,0,,0,0,0,0,2,diabetes,30.270000457763672,4,never,0,,3,1,1,1,2,1,2,1,0
64,1,1,6,9,1,1,0,1,0,yes,2,0,0,2,0,,0,0,0,0,2,no,31.379999160766602,4,never,0,,3,1,1,30,2,1,3,1,0
39,2,5,6,6,5,2,2,5,0,pregnancy_only,2,0,0,2,0,,0,0,0,0,2,no,29.950000762939453,3,never,0,,3,1,2,0,,1,,1,0
23,1,2,6,2,5,2,0,7,0,no,2,0,0,2,1,,0,0,0,0,2,no,20.659999847412109,2,never,0,,3,1,1,1,2,1,2,1,0
80,2,1,3,,1,1,0,3,0,no,1,0,0,2,1,1,0,0,1,0,1,no,47.240001678466797,4,,,,,,,,,,,,0
33,2,5,5,2,5,2,0,5,0,no,,0,0,2,0,,0,0,0,0,2,no,24.129999160766602,2,former,1,3,3,2,2,0,,1,,1,0
31,1,1,5,,5,2,0,1,0,no,1,0,0,2,0,,0,0,0,0,2,no,30.409999847412109,4,never,0,,3,1,1,2,3,1,3,1,0
52,2,1,6,8,2,1,0,7,0,no,2,0,0,2,1,2,1,0,0,0,1,no,28.290000915527344,3,former,1,3,3,1,1,4.2857141494750977,2,1,2,1,0
42,2,1,5,,5,1,0,2,0,no,,0,0,2,0,,0,0,0,0,2,no,26.090000152587891,3,never,0,,3,1,1,17.142856597900391,1,2,4,1,0
69,1,1,5,8,1,1,0,1,0,yes,1,0,0,2,0,,0,0,0,0,1,no,25.110000610351562,3,never,0,,3,1,1,30,6,2,6,2,0
65,2,1,4,6,6,1,0,3,0,yes,1,0,0,2,0,,0,0,1,0,2,no,25.790000915527344,3,current_every_day,1,1,3,1,2,0,,1,,1,0
51,1,1,4,6,5,2,0,5,0,no,,0,0,2,0,,0,0,0,0,2,diabetes,35.869998931884766,4,former,1,3,3,1,1,4,15,2,15,1,0
31,2,2,6,8,5,2,0,1,0,no,2,0,0,2,0,,0,0,0,0,2,no,36.090000152587891,4,never,0,,3,1,1,4,2,1,2,1,0
68,1,1,6,10,2,1,0,3,0,yes,1,0,0,2,0,,0,1,0,0,2,no,29.290000915527344,3,former,1,3,3,1,1,15,2,1,3,1,0
45,1,1,6,10,4,1,0,1,0,yes,1,0,0,2,1,1,0,0,1,0,1,no,28.889999389648438,3,never,0,,1,1,1,25.714284896850586,3,2,6,2,0
40,2,1,4,6,1,1,1,1,0,yes,2,0,0,2,0,,0,0,0,0,1,no,49.779998779296875,4,never,0,,3,4,1,3,5,2,5,1,0
39,1,1,4,6,5,2,0,88,0,no,2,0,0,2,0,,,0,0,0,2,no,22.459999084472656,2,current_every_day,1,1,3,4,,,,,,,0
57,1,1,4,7,3,2,1,5,0,yes,1,,1,1,1,2,0,0,0,0,2,no,25.110000610351562,3,current_some_days,1,2,3,3,2,0,,1,,1,0
52,1,1,5,1,5,3,0,5,1,yes,,0,0,2,0,,0,0,0,0,2,no,37.759998321533203,4,current_every_day,1,1,3,4,2,0,,1,,1,0
58,2,1,6,8,1,1,0,2,0,no,1,0,0,2,0,,0,1,0,0,1,no,29.950000762939453,3,never,0,,3,1,1,1,1,1,1,1,0
45,1,1,5,7,1,1,0,1,0,yes,2,0,0,2,1,1,0,0,0,0,2,no,35.259998321533203,4,former,1,3,3,1,1,5,4,2,6,1,0
40,1,1,6,11,1,1,2,1,0,no,2,0,0,2,1,1,0,0,0,0,2,no,25.799999237060547,3,never,0,,3,1,1,10,2,2,8,1,0
42,1,1,5,8,1,1,5,1,0,yes,1,0,0,2,0,,0,0,0,0,2,diabetes,56.330001831054688,4,former,1,3,1,3,1,1,3,1,3,1,0
73,2,1,5,7,1,1,0,3,0,no,2,0,0,2,0,,0,1,0,0,2,no,21.969999313354492,2,former,1,3,3,1,1,8.5714282989501953,1,1,2,1,0
18,2,3,3,7,5,3,2,1,0,no,2,0,0,2,0,,0,0,0,0,2,no,20.370000839233398,2,never,0,,3,1,2,0,,1,,1,0
63,1,1,5,9,1,1,0,2,0,no,2,0,0,2,0,,0,1,0,0,1,diabetes,28.450000762939453,3,never,0,,3,1,1,4.2857141494750977,1,1,1,1,0
80,1,1,6,9,1,1,0,3,0,no,1,0,0,2,0,,1,0,0,0,2,diabetes,25.069999694824219,3,never,0,,3,1,2,0,,1,,1,0
66,2,1,5,6,1,1,0,3,0,yes,1,0,0,2,0,,0,0,0,0,1,no,32.279998779296875,4,never,0,,3,1,1,4.2857141494750977,1,1,1,1,0
45,2,1,6,5,2,1,1,5,0,yes,1,0,0,2,0,,0,0,0,0,1,no,37.200000762939453,4,never,0,,3,1,1,8.5714282989501953,1,1,1,1,0
24,1,6,6,9,5,2,0,1,0,yes,1,0,0,2,0,,0,0,0,0,2,no,21.930000305175781,2,never,0,,3,4,1,4.2857141494750977,5,2,5,1,0
56,1,2,3,1,5,2,0,3,1,yes,1,1,0,1,1,1,0,0,0,0,2,no,22.600000381469727,2,never,0,,3,1,2,0,,1,,1,0
79,2,1,6,,1,1,0,3,0,yes,1,0,0,2,0,,0,0,0,0,2,no,21.469999313354492,2,never,0,,3,1,1,30,1,1,2,1,0
61,1,1,6,6,1,1,0,2,0,no,1,0,0,2,0,,1,0,0,0,2,no,24.389999389648438,2,never,0,,3,1,2,0,,1,,1,0
36,1,5,3,6,5,2,0,88,0,no,2,0,0,2,0,,0,0,0,0,2,no,31.889999389648438,4,current_every_day,1,1,3,1,1,4.2857141494750977,6,2,6,1,0
73,1,1,6,8,1,1,0,3,0,yes,1,1,1,1,1,2,0,0,1,0,1,no,28.059999465942383,3,former,1,3,3,1,1,30,2,1,3,1,0
67,1,5,4,6,2,1,0,3,0,yes,1,0,0,2,0,,0,0,0,0,1,prediabetes,28.700000762939453,3,current_some_days,1,2,3,1,1,2,7,2,7,1,0
26,1,4,5,7,5,2,5,5,0,no,2,0,0,2,0,,0,0,0,0,2,no,35.569999694824219,4,current_some_days,1,2,3,3,2,0,,1,,1,0
35,1,1,5,,5,2,0,3,0,yes,1,0,0,2,1,1,0,0,0,0,2,no,20.360000610351562,2,current_every_day,1,1,3,4,2,0,,1,,1,0
79,1,1,5,8,1,1,0,1,0,no,1,0,0,2,0,,0,1,0,0,1,no,31.930000305175781,4,former,1,3,3,1,1,22,1,1,1,1,0
25,2,1,6,7,5,2,0,5,0,no,,0,0,2,0,,0,0,0,0,2,no,22.809999465942383,2,former,1,3,3,4,1,20,3,2,5,2,0
34,2,1,6,8,2,1,0,1,0,no,2,0,0,2,0,,0,0,0,0,2,no,25.850000381469727,3,former,1,3,3,1,2,0,,1,,1,0
77,2,2,5,,2,1,0,3,0,yes,1,1,1,1,1,1,0,1,1,1,1,diabetes,25.510000228881836,3,never,0,,3,4,2,0,,1,,1,0
38,2,1,4,1,5,2,4,3,0,no,2,0,0,2,0,,0,0,1,0,1,no,23.729999542236328,2,current_some_days,1,2,3,1,2,0,,1,,1,0
68,2,5,6,7,3,1,0,3,0,yes,2,0,0,2,0,,0,0,0,0,2,no,26.520000457763672,3,never,0,,3,1,1,5,5,1,2,1,0
45,1,2,5,,1,2,2,9,0,no,,0,0,2,0,,0,0,0,0,2,no,,,,,,,,,,,,,,1
37,1,1,5,,6,2,4,1,0,yes,2,0,0,2,1,1,0,0,0,0,2,no,34.459999084472656,4,never,0,,3,1,1,4,3,2,,1,0
35,1,1,4,9,1,1,2,1,0,no,2,0,0,2,0,,0,0,0,0,2,no,29.989999771118164,3,never,0,,3,1,2,0,,1,,1,0
65,2,4,6,9,3,1,0,9,0,no,2,0,0,2,1,2,0,0,0,0,2,no,24.799999237060547,2,never,0,,3,1,2,0,,1,,1,0
79,1,1,6,7,2,1,0,1,0,no,2,0,0,2,0,,0,0,0,0,2,no,29.649999618530273,3,former,1,3,3,1,2,0,,1,,1,0
55,1,1,4,7,5,1,0,88,0,yes,1,,,,0,,0,0,0,1,,no,,,,,,,,,,,,,,1
74,1,1,6,7,1,1,0,3,0,no,2,0,0,2,0,,0,0,0,0,2,no,32.080001831054688,4,former,1,3,3,1,1,15,2,1,2,1,0
23,1,5,5,5,4,2,0,2,0,no,2,0,0,2,0,,0,0,0,0,2,no,27.680000305175781,3,never,0,,3,1,2,0,,1,,1,0
80,2,6,5,,3,1,0,3,0,yes,2,0,0,2,0,,1,1,0,1,1,no,23.299999237060547,2,former,1,3,3,1,2,0,,1,,1,0
72,1,5,5,,4,3,0,,0,yes,2,,0,,0,,0,0,0,0,2,no,29.989999771118164,3,,,,3,1,2,0,,1,,1,0
56,2,3,5,2,1,1,0,88,0,no,2,0,0,2,0,,0,0,0,0,2,no,27.209999084472656,3,never,0,,3,1,2,0,,1,,1,0
80,2,2,6,5,2,1,0,7,0,no,2,0,0,2,0,,0,0,0,0,2,no,21.969999313354492,2,current_some_days,1,2,3,1,2,0,,1,,1,0
77,2,1,4,7,3,1,0,3,0,yes,1,0,1,1,0,,0,1,0,0,2,no,18.659999847412109,2,current_every_day,1,1,3,1,2,0,,1,,1,0
71,2,6,6,7,3,1,0,2,1,no,1,0,0,2,0,,0,0,0,0,2,no,24.030000686645508,2,never,0,,3,1,2,0,,1,,1,0
67,1,1,4,4,1,1,0,3,0,no,2,0,0,2,0,,0,0,0,0,1,no,23.809999465942383,2,never,0,,3,1,2,0,,1,,1,0
68,1,1,6,,1,1,0,3,0,yes,1,0,0,2,0,,0,0,0,0,1,prediabetes,31.469999313354492,4,former,1,3,3,1,1,4,1,1,2,1,0
42,2,5,4,8,1,1,0,2,0,no,2,0,0,2,0,,0,0,0,0,2,no,22.889999389648438,2,never,0,,3,1,2,0,,1,,1,0
68,1,5,6,9,2,1,0,3,0,yes,1,1,1,1,0,,0,0,0,0,1,no,35.619998931884766,4,former,1,3,3,1,2,0,,1,,1,0
43,2,6,4,8,1,1,0,1,0,no,,0,0,2,0,,0,0,0,0,2,no,28.889999389648438,3,never,0,,3,1,1,4,3,2,6,1,0
57,1,1,6,9,1,1,0,1,0,no,2,0,0,2,1,2,1,0,0,0,2,no,25.770000457763672,3,never,0,,3,1,2,0,,1,,1,0
37,2,1,6,11,1,1,2,1,0,no,2,0,0,2,1,1,0,0,0,0,2,no,29.120000839233398,3,former,1,3,3,1,2,0,,1,,1,0
64,2,1,6,,1,1,0,1,0,no,2,0,0,2,0,,0,0,0,0,2,no,32.279998779296875,4,never,0,,3,1,1,15,2,1,3,1,0
73,1,1,5,8,1,1,0,3,0,yes,2,0,0,2,1,2,1,0,0,0,2,no,25.360000610351562,3,never,0,,3,1,1,1,1,1,1,1,0
29,1,1,5,9,5,1,0,1,0,no,2,0,0,2,0,,0,0,0,0,2,no,39.459999084472656,4,never,0,,3,1,1,1,2,1,2,1,0
58,2,2,4,9,3,1,2,1,0,no,1,0,0,2,0,,0,1,0,0,1,no,40.740001678466797,4,never,0,,3,1,2,0,,1,,1,0
35,1,5,6,10,1,2,0,1,0,yes,1,0,0,2,0,,0,0,0,0,2,no,28.700000762939453,3,never,0,,3,1,1,12.857142448425293,2,2,5,1,0
29,2,1,6,9,1,1,0,1,0,no,2,0,0,2,0,,0,0,0,0,1,no,25.829999923706055,3,never,0,,3,1,1,21.428571701049805,2,2,5,2,0
80,2,1,6,9,1,1,0,3,0,no,1,0,0,2,0,,0,0,0,0,1,no,26.629999160766602,3,never,0,,3,1,1,30,2,1,3,2,0
39,1,1,6,6,4,2,2,5,0,no,2,0,0,2,0,,0,0,0,0,2,no,34.080001831054688,4,current_every_day,1,1,3,4,2,0,,1,,1,0
62,2,1,6,9,1,1,0,1,0,yes,1,0,0,2,0,,1,0,0,0,1,no,34.869998931884766,4,never,0,,3,1,2,0,,1,,1,0
23,2,4,4,,5,1,0,8,0,no,2,0,0,2,1,1,0,0,0,0,2,no,24.959999084472656,2,current_some_days,1,2,3,4,1,30,10,2,13,2,0
68,2,1,5,8,1,1,0,3,0,yes,2,0,0,2,0,,0,0,0,0,2,no,26.430000305175781,3,never,0,,3,1,1,5,1,1,1,1,0
33,2,5,6,4,6,2,0,88,0,no,2,0,0,2,0,,0,0,0,0,2,no,,,never,0,,3,4,1,1,2,1,3,1,1
58,2,1,5,,2,1,0,1,0,no,2,0,0,2,1,1,0,1,0,0,2,no,38.009998321533203,4,never,0,,3,1,1,4.2857141494750977,1,1,1,1,0
57,2,1,4,9,1,1,0,7,0,yes,1,0,0,2,0,,0,0,0,0,2,diabetes,25.610000610351562,3,current_every_day,1,1,3,1,2,0,,1,,1,0
64,2,1,5,7,1,1,0,1,0,yes,,1,,1,1,1,1,0,1,0,1,no,,,current_every_day,1,1,3,1,2,0,,1,,1,1
78,1,1,6,7,1,1,0,3,0,no,1,0,0,2,0,,1,1,0,0,1,no,31.469999313354492,4,former,1,3,3,1,1,1,1,1,1,1,0
55,1,1,5,10,1,1,0,1,0,yes,2,0,0,2,0,,0,0,0,0,2,no,26.610000610351562,3,,,,,,,,,,,,0
73,2,1,6,7,1,1,0,3,0,no,2,0,0,2,1,1,0,0,0,0,1,no,22.459999084472656,2,never,0,,3,1,1,4.2857141494750977,1,1,1,1,0
79,2,1,4,5,3,1,0,3,0,yes,1,0,0,2,0,,0,1,0,0,1,no,26.430000305175781,3,former,1,3,3,1,2,0,,1,,1,0
62,1,1,4,8,1,1,0,2,1,yes,2,0,0,2,0,,0,0,0,0,1,diabetes,27.200000762939453,3,former,1,3,3,1,1,4.2857141494750977,3,1,4,1,0
71,1,1,5,6,1,1,0,5,0,no,2,0,0,2,0,,0,0,0,0,1,no,22.649999618530273,2,former,1,3,3,1,1,20,1,1,1,1,0
59,1,1,6,8,5,1,0,1,0,no,1,0,0,2,0,,0,0,0,0,2,no,23.190000534057617,2,former,1,3,3,1,2,0,,1,,1,0
52,1,2,3,3,2,1,0,5,1,yes,1,0,0,2,0,,0,0,1,0,2,no,,,,,,,,,,,,,,1
24,1,1,6,10,5,1,0,88,1,no,2,0,0,2,0,,0,0,0,0,2,no,32.009998321533203,4,never,0,,3,2,1,2,10,2,18,1,0
25,2,4,5,,5,1,2,5,1,pregnancy_only,2,0,0,2,0,,0,0,0,0,2,no,,,,,,,,,,,,,,1
49,1,1,6,9,,2,0,2,1,yes,2,0,0,2,0,,0,0,0,0,2,no,29.530000686645508,3,never,0,,3,1,1,4.2857141494750977,2,1,2,1,0
52,2,1,6,9,1,1,3,7,0,no,1,0,0,2,0,,0,0,0,0,1,no,,,never,0,,3,1,2,0,,1,,1,1
72,2,1,6,,5,1,0,3,0,no,2,0,0,2,0,,0,0,0,0,1,prediabetes,34.330001831054688,4,never,0,,3,1,2,0,,1,,1,0
77,2,2,6,,3,,0,3,0,yes,1,0,0,2,0,,0,0,0,0,1,no,,,former,1,3,3,1,2,0,,1,,1,1
32,1,1,6,,2,2,0,10,1,no,2,0,0,2,0,,0,0,0,0,2,no,19.389999389648438,2,never,0,,3,1,1,4.2857141494750977,2,1,3,1,0
54,2,1,6,,1,1,0,1,0,no,2,0,0,2,0,,1,1,0,0,2,no,24.329999923706055,2,never,0,,3,1,1,21.428571701049805,1,1,2,1,0
66,2,1,4,10,6,1,0,1,0,no,1,0,0,2,0,,0,0,0,0,2,no,32.279998779296875,4,never,0,,3,,,,,,,,0
54,1,5,3,1,2,2,0,,1,yes,1,0,0,2,1,1,0,0,0,0,1,diabetes,42.380001068115234,4,former,1,3,3,1,1,1,1,1,1,1,0
37,1,1,6,8,5,1,0,1,0,yes,2,0,0,2,0,,0,0,0,0,2,no,30.170000076293945,4,current_some_days,1,2,3,1,1,12.857142448425293,5,1,10,2,0
39,1,1,6,11,1,1,1,1,0,yes,1,0,0,2,0,,0,0,0,0,2,no,27.120000839233398,3,never,0,,3,1,1,2,1,1,1,1,0
22,2,1,6,,5,2,0,1,1,no,,0,0,2,0,,0,0,0,0,2,no,24.409999847412109,2,never,0,,3,4,1,2,5,2,6,1,0
28,2,2,6,6,5,2,0,1,1,no,2,0,0,2,0,,0,0,0,0,2,no,22.459999084472656,2,never,0,,3,1,1,3,1,1,2,1,0
51,1,2,6,9,2,1,0,7,0,yes,2,0,0,2,1,1,0,0,0,0,2,no,34.209999084472656,4,never,0,,3,4,1,30,3,2,10,2,0
50,1,1,4,7,1,1,0,1,0,yes,1,0,0,2,0,,0,0,0,0,2,diabetes,32.139999389648438,4,former,1,3,3,3,1,1,1,1,1,1,0
63,2,1,5,8,1,1,0,2,0,yes,1,0,0,2,0,,1,1,1,0,2,no,27.989999771118164,3,former,1,3,3,4,2,0,,1,,1,0
62,1,1,4,8,2,2,0,2,0,no,1,0,0,2,0,,0,1,0,0,1,no,25.989999771118164,3,current_every_day,1,1,3,1,1,4,1,1,1,1,0
59,2,1,5,1,5,2,0,5,0,no,2,1,0,1,1,1,0,0,0,0,1,no,41.810001373291016,4,former,1,3,3,1,2,0,,1,,1,0
25,1,2,6,9,5,2,0,,0,no,2,0,0,2,0,,0,0,0,0,2,no,21.760000228881836,2,never,0,,3,1,2,0,,1,,1,0
45,1,1,4,6,2,1,1,1,0,no,2,0,0,2,0,,0,0,0,0,2,no,30.270000457763672,4,former,1,3,3,4,1,4.2857141494750977,5,1,5,1,0
47,1,1,6,11,1,1,0,1,0,yes,1,0,0,2,0,,0,0,0,0,2,no,29.5,3,never,0,,3,1,1,10,2,1,2,1,0
18,1,1,3,6,5,3,0,5,0,no,,0,0,2,0,,0,0,0,0,2,no,32.979999542236328,4,never,0,,3,1,2,0,,1,,1,0
69,1,1,4,,1,1,0,7,0,yes,2,0,0,2,0,,0,0,0,0,1,no,26.629999160766602,3,never,0,,3,4,1,30,3,2,6,2,0
68,1,1,6,9,1,1,0,3,0,no,1,0,0,2,0,,1,0,0,0,2,no,31.069999694824219,4,never,0,,3,1,1,2,1,1,1,1,0
75,1,6,5,5,2,1,0,7,0,yes,1,1,0,1,0,,1,0,0,0,2,prediabetes,27.120000839233398,3,current_every_day,1,1,3,2,1,1,1,1,1,1,0
60,1,1,4,9,1,2,0,1,0,no,1,0,0,2,0,,1,0,0,0,1,no,25.829999923706055,3,former,1,3,3,1,2,0,,1,,1,0
68,2,1,6,5,1,1,0,3,0,yes,2,0,0,2,0,,0,0,0,0,2,no,25.75,3,never,0,,3,,,,,,,,0
63,2,1,5,,1,2,0,10,0,no,1,0,0,2,0,,0,0,0,0,2,no,31.780000686645508,4,never,0,,3,1,2,0,,1,,1,0
62,1,1,6,7,1,1,0,2,0,yes,2,0,0,2,0,,0,0,0,0,2,no,25.850000381469727,3,never,0,,3,1,2,0,,1,,1,0
29,2,5,2,,4,2,2,88,0,no,,0,0,2,0,,0,0,0,,2,no,32.919998168945312,4,never,0,,3,1,2,0,,1,,1,0
58,2,1,5,,1,2,0,9,0,yes,1,0,0,2,0,,0,0,0,,1,diabetes,52.290000915527344,4,former,1,3,3,1,2,0,,1,,1,0
28,1,1,4,,5,2,1,2,0,no,,0,0,2,0,,0,0,0,0,2,no,18.649999618530273,2,former,1,3,3,4,2,0,,1,,1,0
43,2,1,6,6,2,1,2,1,0,no,1,0,0,2,0,,0,0,0,0,2,no,20.600000381469727,2,never,0,,3,1,1,30,1,1,3,1,0
43,2,1,4,6,1,,4,5,0,no,2,0,0,2,0,,0,0,0,0,1,no,25.850000381469727,3,current_every_day,1,1,3,4,1,4.2857141494750977,1,1,1,1,0
76,2,1,5,2,3,1,0,3,0,no,1,0,0,2,1,1,0,1,0,0,1,diabetes,22.139999389648438,2,never,0,,3,1,2,0,,1,,1,0
42,1,1,5,8,5,2,0,1,0,yes,2,0,0,2,0,,0,0,0,0,2,diabetes,41.840000152587891,4,never,0,,3,1,2,0,,1,,1,0
32,1,1,4,7,5,2,0,88,0,yes,2,0,0,2,1,2,0,0,0,0,2,no,53.159999847412109,4,current_some_days,1,2,3,4,1,3,6,2,17,1,0
68,2,1,6,,3,1,0,1,0,yes,1,1,0,1,1,1,1,0,0,1,1,no,33.090000152587891,4,never,0,,3,1,1,1,1,1,1,1,0
59,2,4,5,7,5,1,3,1,0,yes,1,0,0,2,0,,0,0,0,0,1,diabetes,33.930000305175781,4,former,1,3,3,1,1,8.5714282989501953,2,1,2,1,0
25,2,1,6,8,1,1,0,1,0,no,,0,0,2,0,,0,0,0,0,2,no,24.799999237060547,2,never,0,,3,4,1,8.5714282989501953,1,2,5,1,0
80,2,1,5,5,3,2,0,7,0,yes,,0,0,2,0,,0,0,0,0,2,no,24.75,2,never,0,,3,1,2,0,,1,,1,0
80,1,1,6,9,1,3,0,3,0,no,1,0,0,2,0,,0,1,0,0,1,no,25.069999694824219,3,former,1,3,3,1,,,,,,,0
64,2,1,4,5,1,1,0,,0,yes,1,0,0,2,0,,1,0,1,0,1,no,24.790000915527344,2,former,1,3,3,4,2,0,,1,,1,0
55,2,1,6,8,1,1,0,1,0,no,1,0,0,2,0,,0,0,0,0,2,no,40.349998474121094,4,never,0,,3,1,1,2,1,1,1,1,0
22,2,1,6,10,5,2,0,1,0,no,,0,0,2,0,,0,0,0,0,2,no,21.930000305175781,2,never,0,,3,1,1,8.5714282989501953,2,1,3,1,0
31,1,5,5,,5,2,,88,1,no,,,0,,0,,0,0,0,0,2,no,,,,,,,,,,,,,,1
40,2,5,2,5,3,2,0,88,1,yes,1,0,0,2,0,,0,0,0,0,2,no,31.459999084472656,4,never,0,,3,4,2,0,,1,,1,0
72,2,1,6,7,1,1,0,3,0,yes,1,0,0,2,0,,1,1,0,0,1,diabetes,30.409999847412109,4,former,1,3,3,1,2,0,,1,,1,0
37,2,1,6,11,1,1,3,1,0,no,,0,0,2,0,,0,0,0,0,2,no,21.459999084472656,2,never,0,,3,1,2,0,,1,,1,0
69,2,1,3,8,1,1,0,1,0,no,1,0,0,2,0,,0,1,0,1,1,no,27.200000762939453,3,never,0,,3,1,2,0,,1,,1,0
80,1,5,6,,3,1,0,3,0,yes,1,0,0,2,0,,0,0,0,0,2,prediabetes,25.700000762939453,3,never,0,,3,1,2,0,,1,,1,0
68,2,1,5,,1,1,0,3,0,no,2,0,0,2,0,,0,0,0,0,1,no,25.389999389648438,3,former,1,3,3,1,1,3,1,1,1,1,0
69,2,1,5,8,3,1,0,3,0,yes,2,0,0,2,1,1,0,0,0,0,1,diabetes,40.340000152587891,4,former,1,3,3,1,2,0,,1,,1,0
57,1,5,6,6,5,1,0,2,0,no,2,0,0,2,0,,0,0,0,0,2,no,27.889999389648438,3,never,0,,3,1,2,0,,1,,1,0
73,1,1,4,6,1,2,0,3,0,yes,2,0,0,2,0,,0,0,0,0,1,no,42.880001068115234,4,former,1,3,3,1,2,0,,1,,1,0
80,2,1,4,,3,1,0,3,0,yes,2,0,0,2,0,,0,1,0,0,2,no,37.790000915527344,4,never,0,,3,1,1,1,1,1,1,1,0
80,2,1,4,,3,1,0,3,0,yes,2,0,0,2,0,,0,0,0,0,1,no,34.330001831054688,4,former,1,3,3,1,2,0,,1,,1,0
80,2,1,5,4,2,2,0,3,0,yes,2,0,0,2,0,,0,1,0,0,1,no,44.290000915527344,4,never,0,,3,1,2,0,,1,,1,0
80,2,1,5,,3,1,0,3,0,no,2,0,0,2,0,,0,0,0,0,1,no,22.600000381469727,2,former,1,3,3,1,1,20,1,1,1,1,0
28,1,5,4,11,5,1,0,2,0,yes,2,0,0,2,1,1,0,0,0,0,2,no,24.139999389648438,2,former,1,3,3,2,1,2,1,1,1,1,0
80,2,1,6,,3,1,0,3,0,yes,1,0,0,2,0,,1,0,1,0,1,no,21.030000686645508,2,never,0,,3,1,2,0,,1,,1,0
37,2,1,5,4,4,2,2,5,0,no,1,0,0,2,0,,0,0,0,0,2,no,40.240001678466797,4,never,0,,3,1,2,0,,1,,1,0
56,2,5,2,,4,2,2,88,0,no,2,0,0,2,0,,0,0,0,0,2,no,,,never,0,,3,1,2,0,,1,,1,1
80,1,1,6,9,1,1,0,3,0,yes,2,1,0,1,0,,0,0,0,0,2,no,27.440000534057617,3,former,1,3,3,1,2,0,,1,,1,0
79,2,1,6,9,3,1,0,2,0,no,2,0,0,2,0,,,0,0,0,2,no,20.25,2,never,0,,3,1,1,30,1,1,1,1,0
54,2,1,5,7,1,1,0,2,0,yes,1,0,0,2,1,1,1,0,0,0,1,no,29.049999237060547,3,current_every_day,1,1,3,3,2,0,,1,,1,0
20,1,5,4,3,6,2,1,88,1,no,,0,0,2,0,,0,0,0,0,2,no,,,never,0,,3,4,,,,,,,1
25,1,3,6,5,5,2,0,10,0,no,2,0,0,2,0,,0,0,0,0,2,no,36.619998931884766,4,never,0,,3,4,1,4,3,1,4,1,0
45,1,1,6,10,2,1,1,1,0,yes,2,0,0,2,0,,0,0,0,0,2,no,30.170000076293945,4,former,1,3,3,1,1,12.857142448425293,3,2,7,1,0
80,2,1,4,,3,3,0,3,0,yes,1,1,1,1,0,,1,0,0,1,1,no,29.180000305175781,3,former,1,3,3,1,,,,,,,0
52,1,1,,,,,0,,0,yes,1,1,0,1,0,,0,0,0,0,2,no,41.5,4,former,1,3,3,1,1,1,1,1,1,1,0
60,1,5,5,8,4,2,0,1,0,yes,1,0,0,2,0,,0,0,0,0,2,diabetes,36.400001525878906,4,never,0,,3,1,2,0,,1,,1,0
78,1,1,6,6,2,2,0,9,0,yes,2,1,0,1,0,,1,1,0,0,1,no,23.670000076293945,2,current_every_day,1,1,3,4,2,0,,1,,1,0
36,2,3,,,,,,,0,no,2,0,0,2,0,,0,0,0,0,2,no,18.549999237060547,2,never,0,,3,1,2,0,,1,,1,0
43,1,1,6,3,5,1,0,3,0,no,2,0,0,2,0,,0,0,0,0,2,no,12.869999885559082,1,never,0,,3,4,2,0,,1,,1,0
49,2,1,6,,1,1,1,1,0,no,1,0,0,2,0,,0,0,0,0,2,no,22.809999465942383,2,former,1,3,3,1,1,10,1,1,3,1,0
75,1,1,5,9,1,1,0,,0,no,2,0,0,2,0,,0,0,0,0,1,no,29.530000686645508,3,former,1,3,3,1,1,4,1,1,1,1,0
71,2,1,6,7,1,2,0,3,0,yes,1,0,0,2,0,,0,0,0,0,2,no,26.569999694824219,3,current_every_day,1,1,3,1,2,0,,1,,1,0
80,1,1,6,10,1,1,0,3,0,no,1,0,0,2,1,2,0,0,0,0,1,no,28.209999084472656,3,never,0,,3,1,1,1,1,1,1,1,0
80,2,1,6,8,1,1,0,1,0,no,2,0,0,2,0,,1,0,0,0,2,diabetes,23.170000076293945,2,former,1,3,3,1,2,0,,1,,1,0
58,1,2,3,6,1,2,0,1,0,yes,,0,0,2,0,,0,0,0,0,2,diabetes,27.340000152587891,3,never,0,,3,4,2,0,,1,,1,0
68,1,4,3,6,3,1,2,3,0,no,2,1,0,1,0,,0,0,0,0,2,prediabetes,24.809999465942383,2,former,1,3,3,3,1,1,1,1,1,1,0
52,2,1,5,9,1,3,1,1,1,yes,2,0,0,2,0,,0,0,1,0,2,prediabetes,37.490001678466797,4,former,1,3,3,3,2,0,,1,,1,0
35,1,1,6,9,1,1,0,1,0,no,2,0,0,2,0,,0,0,0,0,2,no,27.370000839233398,3,never,0,,3,1,2,0,,1,,1,0
66,2,1,6,10,1,1,0,3,0,yes,1,0,0,2,1,1,1,0,0,0,2,no,27.440000534057617,3,former,1,3,3,4,1,3,1,1,1,1,0
77,2,4,3,6,1,1,0,,0,yes,2,0,0,2,0,,0,0,0,1,1,diabetes,27.799999237060547,3,never,0,,3,1,2,0,,1,,1,0
56,2,1,6,6,1,1,0,1,0,no,2,0,0,2,0,,0,0,0,0,2,no,22.049999237060547,2,never,0,,3,1,1,17.142856597900391,2,1,3,2,0
24,1,1,5,5,5,2,0,,0,no,2,0,0,2,1,1,0,0,0,0,2,no,19.370000839233398,2,never,0,,3,3,1,17.142856597900391,4,2,8,2,0
29,1,1,5,6,5,2,0,88,0,yes,2,0,0,2,1,2,0,0,0,0,2,no,,,,,,,,,,,,,,1
47,1,1,6,5,1,1,1,88,0,no,2,0,0,2,0,,0,0,0,0,2,no,22.690000534057617,2,never,0,,3,4,2,0,,1,,1,0
43,1,2,4,,5,2,0,88,0,no,,0,0,2,0,,0,0,0,0,2,no,20.670000076293945,2,current_every_day,1,1,1,4,1,8,2,1,2,1,0
77,2,1,6,6,2,1,0,3,0,no,1,0,0,2,0,,1,0,0,0,1,no,29.690000534057617,3,former,1,3,3,1,1,4.2857141494750977,1,1,1,1,0
30,1,5,4,5,6,2,1,88,0,no,2,0,0,2,0,,0,0,0,0,2,no,,,never,0,,3,1,1,10,3,2,5,1,1
42,2,5,3,7,1,2,1,88,0,no,1,0,0,2,0,,0,0,0,0,2,diabetes,31.930000305175781,4,never,0,,3,1,1,1,1,1,1,1,0
80,2,1,4,3,2,2,0,3,0,yes,1,1,0,1,0,,0,0,0,0,1,no,28.129999160766602,3,never,0,,3,1,2,0,,1,,1,0
65,2,1,5,4,5,2,0,5,0,no,1,0,0,2,1,2,0,1,1,0,1,no,24.889999389648438,2,current_every_day,1,1,3,1,2,0,,1,,1,0
80,2,1,6,,1,1,0,3,0,yes,2,0,0,2,0,,0,0,0,0,2,no,19.110000610351562,2,never,0,,3,1,2,0,,1,,1,0
56,2,1,5,9,5,2,0,1,0,yes,1,0,0,2,0,,1,1,0,0,2,no,26.520000457763672,3,never,0,,3,4,1,8.5714282989501953,3,1,3,1,0
55,2,2,5,5,2,2,2,5,1,no,2,0,0,2,0,,0,0,0,0,1,no,35.509998321533203,4,never,0,,3,1,1,1,1,1,1,1,0
72,1,1,6,9,1,1,0,3,0,no,2,0,0,2,0,,0,0,0,0,2,no,25.100000381469727,3,never,0,,3,1,1,4.2857141494750977,1,1,2,1,0
20,1,5,5,5,5,3,0,7,0,yes,1,0,0,2,0,,0,0,0,0,2,no,32.099998474121094,4,never,0,,3,4,1,4.2857141494750977,5,2,5,1,0
31,2,1,4,,1,1,1,2,0,no,,0,0,2,0,,0,0,0,0,2,no,22.049999237060547,2,current_every_day,1,1,3,4,1,5,2,2,7,1,0
62,2,5,5,2,6,1,0,2,0,pregnancy_only,2,1,0,1,1,2,0,0,0,0,2,no,23.690000534057617,2,never,0,,3,1,1,1,2,1,2,1,0
80,2,1,5,5,3,1,0,3,0,yes,2,0,0,2,1,1,0,0,1,0,1,no,19.530000686645508,2,former,1,3,3,1,2,0,,1,,1,0
45,1,1,5,9,1,1,0,1,0,borderline,2,0,0,2,1,2,0,0,0,0,2,no,30.809999465942383,4,never,0,,3,1,1,2,2,1,2,1,0
80,1,1,6,,2,2,0,3,0,no,,0,,,0,,0,0,0,0,2,no,36.619998931884766,4,never,0,,3,1,2,0,,1,,1,0
59,1,1,4,8,1,1,0,1,0,no,2,0,0,2,0,,0,0,0,0,2,no,25.100000381469727,3,never,0,,3,1,1,2,1,1,1,1,0
55,1,1,6,9,1,1,0,1,0,yes,2,0,0,2,0,,0,0,0,0,2,no,38.259998321533203,4,never,0,,3,1,1,4.2857141494750977,1,1,2,1,0
80,1,1,6,9,1,1,0,2,0,no,1,0,0,2,0,,0,0,0,0,2,no,29.290000915527344,3,never,0,,3,1,1,4.2857141494750977,1,1,2,1,0
71,2,2,6,6,2,1,0,1,0,yes,2,0,0,2,0,,0,0,0,0,2,no,29.229999542236328,3,former,1,3,3,4,2,0,,1,,1,0
51,2,1,5,8,2,1,0,3,0,no,1,0,0,2,0,,0,0,0,0,2,no,24.979999542236328,2,never,0,,3,1,1,8.5714282989501953,1,1,2,1,0
80,2,1,4,4,3,1,1,3,0,yes,,0,0,2,0,,0,0,0,0,2,no,21.930000305175781,2,former,1,3,3,1,2,0,,1,,1,0
23,1,1,4,7,5,1,1,5,0,no,2,0,0,2,0,,0,1,0,0,2,no,36.580001831054688,4,never,0,,3,1,2,0,,1,,1,0
76,2,1,5,5,1,1,0,2,0,yes,1,0,0,2,0,,1,0,0,0,1,no,30.469999313354492,4,never,0,,3,4,2,0,,1,,1,0
70,2,1,4,7,1,1,0,3,0,no,,0,0,2,0,,0,0,0,0,2,no,17.719999313354492,1,former,1,3,3,1,1,30,1,1,2,1,0
53,1,1,5,11,1,1,1,88,0,no,2,0,0,2,0,,0,0,0,0,2,no,33.909999847412109,4,never,0,,3,1,2,0,,1,,1,0
72,1,1,4,4,4,2,0,3,0,yes,2,0,0,2,0,,0,1,0,0,1,diabetes,14.510000228881836,1,former,1,3,3,1,2,0,,1,,1,0
29,2,4,4,6,1,2,3,5,0,no,,0,0,2,1,1,0,0,1,0,2,no,30.670000076293945,4,former,1,3,3,2,1,1,0,2,9,1,0
58,2,1,5,3,1,1,0,5,0,no,2,0,0,2,0,,1,0,0,0,1,no,20.809999465942383,2,current_every_day,1,1,1,1,1,30,3,1,5,2,0
46,1,5,,6,1,1,3,88,1,,,0,0,2,0,,0,0,0,0,2,diabetes,31.350000381469727,4,,1,,,4,2,0,,1,,1,0
52,1,2,5,8,5,2,0,1,0,yes,1,0,0,2,0,,0,0,0,0,1,no,35.240001678466797,4,never,0,,3,1,2,0,,1,,1,0
62,2,1,6,9,1,1,0,2,0,no,1,0,0,2,0,,1,0,0,0,1,no,24.209999084472656,2,former,1,3,3,1,1,25,2,2,4,2,0
46,2,1,,,,,,2,0,yes,,0,0,2,0,,0,0,0,0,2,no,,,,,,,,,,,,,,1
75,1,1,6,,1,1,0,9,0,yes,1,0,0,2,0,,0,0,0,1,2,diabetes,30.719999313354492,4,never,0,,3,1,2,0,,1,,1,0
64,2,1,4,7,3,1,0,7,0,yes,2,0,0,2,1,2,0,1,0,0,2,no,25.840000152587891,3,former,1,3,3,1,1,8.5714282989501953,3,2,12,1,0
64,1,1,4,8,1,1,0,1,0,borderline,1,0,0,2,0,,0,0,0,0,2,no,33.470001220703125,4,former,1,3,3,1,1,30,2,1,4,1,0
44,2,1,6,11,2,1,0,7,0,no,1,0,0,2,0,,0,0,0,0,2,no,22.309999465942383,2,never,0,,3,1,1,17.142856597900391,2,2,5,2,0
52,2,2,6,9,1,1,0,1,0,no,1,0,0,2,0,,0,0,0,0,2,no,27.120000839233398,3,never,0,,3,1,2,0,,1,,1,0
71,2,1,6,10,1,1,0,3,0,no,2,0,0,2,0,,0,0,0,0,2,no,,,,,,,,,,,,,,1
80,2,2,5,3,3,1,0,3,1,yes,1,0,0,2,1,1,0,0,1,0,1,diabetes,32.279998779296875,4,never,0,,3,1,,,,,,,0
51,2,2,6,7,5,2,3,1,0,no,2,0,0,2,1,1,0,0,0,0,2,no,38.740001678466797,4,never,0,,3,1,1,2,2,1,2,1,0
69,1,1,6,7,1,1,0,1,0,no,1,0,0,2,0,,0,1,0,0,1,diabetes,,,never,0,,3,1,2,0,,1,,1,1
73,2,1,3,,2,1,0,,0,,1,0,0,2,1,2,1,0,1,1,1,diabetes,26.069999694824219,3,never,0,,3,1,2,0,,1,,1,0
43,2,1,6,10,1,1,2,1,0,no,2,0,0,2,0,,0,0,0,0,2,no,22.959999084472656,2,never,0,,3,1,1,3,3,2,6,1,0
74,1,1,4,9,1,1,0,3,0,no,2,0,0,2,0,,0,0,0,0,1,no,25.790000915527344,3,former,1,3,3,1,2,0,,1,,1,0
28,2,5,5,6,6,2,0,88,1,no,2,0,0,2,0,,0,0,0,0,2,no,28.530000686645508,3,never,0,,3,1,1,2,4,,4,1,0
73,1,1,6,10,3,1,0,3,0,no,2,0,0,2,0,,0,0,0,0,2,no,26.5,3,former,1,3,3,4,2,0,,1,,1,0
69,2,1,5,,1,1,0,3,0,no,1,0,0,2,0,,0,0,0,0,2,no,,,never,0,,3,1,2,0,,1,,1,1
50,1,1,4,9,1,1,2,1,0,no,2,0,0,2,0,,0,0,0,0,2,no,26.540000915527344,3,never,0,,3,1,1,2,1,1,2,1,0
44,1,2,4,11,2,2,4,1,0,yes,2,0,0,2,0,,0,0,0,0,2,no,26.090000152587891,3,former,1,3,3,3,,,,,,,0
80,1,1,3,5,1,1,0,7,0,yes,2,1,1,1,0,,1,0,0,0,2,no,,,former,1,3,3,4,2,0,,1,,1,1
66,2,1,5,5,1,2,0,88,1,yes,1,0,0,2,0,,0,0,0,0,2,diabetes,29.440000534057617,3,former,1,3,3,1,2,0,,1,,1,0
54,1,1,4,9,5,1,0,10,0,yes,2,1,1,1,0,,0,0,0,0,1,diabetes,33.229999542236328,4,never,0,,3,1,1,8.5714282989501953,2,1,2,1,0
64,2,1,5,2,3,1,0,88,1,no,2,0,0,2,0,,0,0,1,0,1,no,,,current_every_day,1,1,3,1,2,0,,1,,1,1
49,2,1,4,7,1,2,0,1,0,no,1,0,0,2,0,,0,0,0,0,1,no,33.090000152587891,4,current_every_day,1,1,3,4,1,4,2,1,2,1,0
67,2,1,6,5,3,1,0,3,0,no,2,0,0,2,0,,0,0,0,0,1,no,25.709999084472656,3,current_some_days,1,2,2,1,1,1,2,1,3,1,0
80,2,1,2,,1,1,0,7,0,yes,1,,0,,0,,0,0,0,0,1,no,21.790000915527344,2,never,0,,3,1,2,0,,1,,1,0
31,2,5,5,5,5,2,1,5,1,no,1,0,0,2,1,2,0,0,0,0,2,no,34.330001831054688,4,never,0,,3,1,2,0,,1,,1,0
37,2,1,5,,1,2,3,2,0,no,2,0,0,2,1,1,0,0,0,0,2,no,28.059999465942383,3,never,0,,1,1,2,0,,1,,1,0
58,2,1,6,8,5,1,0,2,0,no,2,0,0,2,0,,0,0,0,0,2,no,30.229999542236328,4,never,0,,3,1,2,0,,1,,1,0
76,2,2,6,7,1,1,0,3,0,yes,2,0,0,2,0,,0,0,0,0,2,no,23.299999237060547,2,never,0,,3,1,2,0,,1,,1,0
61,2,1,5,,2,1,0,2,0,yes,1,1,0,1,1,,1,0,0,0,2,diabetes,31.180000305175781,4,never,0,,3,1,1,1,1,1,1,1,0
61,1,1,6,9,1,1,0,2,0,yes,2,0,0,2,0,,0,0,0,0,2,no,26.870000839233398,3,never,0,,3,1,1,17.142856597900391,4,2,6,2,0
65,2,1,4,,6,1,0,5,0,yes,2,0,0,2,0,,0,0,0,0,2,diabetes,,,,,,,,,,,,,,1
19,2,2,4,4,5,2,4,,0,no,2,0,0,2,0,,0,0,0,0,2,no,27.590000152587891,3,never,0,,3,1,2,0,,1,,1,0
77,2,1,4,,1,1,0,3,0,yes,1,0,0,2,0,,1,0,0,0,1,no,12.020000457763672,1,former,1,3,3,4,1,1,1,1,1,1,0
57,1,1,4,8,1,2,0,1,0,yes,2,0,0,2,0,,0,0,0,0,2,no,31,4,never,0,,1,4,1,30,3,2,5,2,0
66,2,1,5,11,1,1,0,3,0,yes,2,0,0,2,0,,0,0,1,0,1,no,,,current_every_day,1,1,3,4,2,0,,1,,1,1
67,1,1,6,7,1,1,0,3,0,yes,2,0,0,2,0,,0,0,0,0,1,no,24.690000534057617,2,never,0,,3,1,2,0,,1,,1,0
74,1,1,6,7,1,1,0,3,0,yes,1,1,1,1,0,,0,1,0,0,2,no,33.470001220703125,4,never,0,,3,1,1,4,1,1,1,1,0
79,2,1,5,3,2,2,0,3,0,yes,1,0,0,2,0,,1,1,1,0,1,diabetes,31.25,4,never,0,,3,4,2,0,,1,,1,0
56,2,1,6,9,1,1,0,1,0,yes,2,0,0,2,0,,0,0,0,0,2,no,21.520000457763672,2,never,0,,3,1,2,0,,1,,1,0
38,2,6,6,11,1,1,3,1,0,no,,0,0,2,0,,0,0,0,0,2,no,23.620000839233398,2,former,1,3,3,1,1,3,1,1,1,1,0
65,2,1,6,8,5,1,0,3,0,no,2,0,0,2,0,,0,0,0,0,2,no,22.600000381469727,2,former,1,3,3,1,,,,,,,0
80,2,1,4,,3,2,0,3,0,no,2,0,0,2,0,,0,0,0,0,2,no,29.260000228881836,3,former,1,3,3,1,2,0,,1,,1,0
79,2,1,4,,1,1,0,,0,yes,1,1,0,1,0,,0,0,0,0,1,diabetes,30.110000610351562,4,never,0,,3,1,2,0,,1,,1,0
40,2,1,6,7,1,1,2,2,0,no,,0,0,2,0,,0,0,0,0,2,no,21.930000305175781,2,never,0,,3,1,1,21.428571701049805,1,1,3,1,0
25,2,5,4,6,1,2,1,10,0,no,2,0,0,2,0,,0,0,0,0,2,no,,,never,0,,3,4,1,1,2,1,2,1,1
76,2,1,4,5,3,1,0,3,0,yes,2,0,1,1,0,,1,1,1,1,2,diabetes,29.450000762939453,3,never,0,,3,1,2,0,,1,,1,0
75,2,1,5,2,2,1,0,3,0,yes,2,0,0,2,0,,1,1,1,0,2,no,30.899999618530273,4,former,1,3,3,1,1,1,1,1,2,1,0
57,1,3,6,9,2,1,0,1,0,no,2,0,0,2,0,,0,0,0,0,2,no,24.389999389648438,2,never,0,,3,1,2,0,,1,,1,0
56,2,2,6,10,1,1,0,1,0,yes,1,0,0,2,0,,0,0,0,0,2,no,,,never,0,,3,1,1,5,1,1,1,1,1
48,1,1,4,11,1,1,3,1,0,no,2,0,0,2,0,,0,0,0,0,2,diabetes,33,4,former,1,3,1,1,2,0,,1,,1,0
24,1,2,5,,5,2,0,5,0,no,,0,0,2,0,,0,0,0,0,2,no,20.979999542236328,2,never,0,,3,1,2,0,,1,,1,0
50,1,1,6,,1,1,4,1,0,yes,2,0,0,2,0,,0,0,0,0,2,no,34.700000762939453,4,never,0,,3,1,2,0,,1,,1,0
26,2,1,4,8,1,1,2,1,0,no,2,0,0,2,0,,0,0,0,0,2,no,27.440000534057617,3,never,0,,3,4,2,0,,1,,1,0
29,2,4,6,1,5,2,3,5,0,yes,1,0,0,2,0,,0,0,0,0,2,diabetes,40.759998321533203,4,former,1,3,3,4,2,0,,1,,1,0
67,2,1,5,,1,1,0,3,0,no,1,0,0,2,,,0,0,1,0,,no,26.629999160766602,3,former,1,3,3,4,2,0,,1,,1,0
75,1,1,4,7,1,1,0,,0,no,2,0,0,2,0,,0,1,0,0,1,no,31.379999160766602,4,never,0,,3,1,2,0,,1,,1,0
56,1,1,4,6,2,1,0,1,0,yes,2,0,0,2,1,2,0,0,0,0,2,prediabetes,30.129999160766602,4,never,0,,1,1,2,0,,1,,1,0
71,1,1,3,,5,2,0,10,0,yes,,0,0,2,0,,0,0,0,0,1,no,21.629999160766602,2,never,0,,3,1,2,0,,1,,1,0
35,1,1,6,8,5,2,0,5,0,no,1,0,0,2,0,,0,0,0,0,2,no,30,4,never,0,,3,1,1,4.2857141494750977,2,1,2,1,0
67,1,1,4,9,1,1,0,3,0,yes,1,0,0,2,0,,0,0,0,1,2,diabetes,30.680000305175781,4,never,0,,3,1,2,0,,1,,1,0
70,1,2,4,2,5,2,0,3,0,no,2,0,0,2,0,,0,0,0,0,2,no,24.370000839233398,2,never,0,,3,1,1,3,1,1,3,1,0
28,1,1,4,8,1,2,0,2,0,no,2,0,0,2,0,,0,0,0,0,2,no,28.889999389648438,3,never,0,,3,4,1,2,2,1,2,1,0
55,2,1,6,7,1,1,0,1,0,no,2,0,0,2,1,2,0,0,0,0,2,no,32.610000610351562,4,never,0,,3,1,2,0,,1,,1,0
57,1,1,5,5,4,1,0,88,1,yes,2,0,0,2,0,,0,0,0,0,2,no,21.969999313354492,2,former,1,3,3,4,2,0,,1,,1,0
54,2,1,4,7,1,1,0,1,0,no,2,0,0,2,0,,0,0,0,0,2,no,25.059999465942383,3,former,1,3,,,,,,,,,0
61,2,6,5,5,3,1,0,2,0,no,2,0,0,2,0,,0,0,0,0,1,no,30.229999542236328,4,never,0,,3,1,2,0,,1,,1,0
41,1,1,6,7,1,1,1,9,0,no,1,0,0,2,0,,0,0,0,0,2,no,31.659999847412109,4,current_some_days,1,2,3,1,1,17.142856597900391,2,1,4,1,0
24,2,5,5,3,5,2,2,9,1,pregnancy_only,,0,0,2,,,0,0,0,0,2,prediabetes,23.229999542236328,2,current_some_days,1,2,3,3,1,25,5,2,5,2,0
70,1,1,5,2,2,1,0,5,0,yes,1,0,0,2,0,,0,0,0,0,2,prediabetes,39.869998931884766,4,former,1,3,3,1,1,8.5714282989501953,2,1,2,1,0
58,2,5,4,4,2,1,0,5,0,yes,1,0,0,2,0,,0,0,0,0,2,no,21.299999237060547,2,never,0,,3,4,1,1,1,1,1,1,0
78,2,1,5,6,3,3,0,2,1,no,2,1,0,1,0,,0,0,1,0,1,no,22.659999847412109,2,current_some_days,1,2,3,1,2,0,,1,,1,0
78,2,2,5,7,1,2,0,3,0,yes,2,0,0,2,0,,0,0,0,0,2,no,18.879999160766602,2,former,1,3,3,1,2,0,,1,,1,0
32,2,1,6,11,1,1,1,1,0,no,2,0,0,2,0,,0,0,0,0,2,no,,,never,0,,3,1,2,0,,1,,1,1
75,2,1,6,5,2,1,0,3,0,yes,1,1,1,1,0,,0,0,0,1,1,diabetes,35.430000305175781,4,former,1,3,3,1,2,0,,1,,1,0
68,2,2,6,,1,2,1,3,0,yes,,0,0,2,1,1,0,0,1,0,1,diabetes,21.350000381469727,2,current_every_day,1,1,3,4,2,0,,1,,1,0
25,1,5,4,,5,2,0,88,1,no,2,0,0,2,0,,0,0,0,0,2,no,,,never,0,,3,1,2,0,,1,,1,1
49,1,1,6,9,1,1,2,2,0,yes,1,0,0,2,0,,0,0,0,0,2,no,30.620000839233398,4,former,1,3,3,1,1,26,2,2,10,1,0
41,2,1,6,5,6,1,0,9,0,no,,0,0,2,0,,0,0,0,0,2,no,18.010000228881836,1,never,0,,3,1,2,0,,1,,1,0
62,2,2,6,10,2,1,0,2,0,no,1,0,0,2,0,,0,0,0,0,2,no,28.969999313354492,3,never,0,,3,1,1,8.5714282989501953,2,2,4,1,0
80,2,1,4,8,1,1,0,3,0,yes,1,0,0,2,0,,1,1,0,1,1,diabetes,30.040000915527344,4,former,1,3,3,1,1,8.5714282989501953,2,2,5,1,0
43,2,1,5,9,1,1,2,1,0,yes,1,0,0,2,0,,0,0,0,0,2,no,41.200000762939453,4,never,0,,3,1,1,3,3,2,5,1,0
71,1,1,4,5,1,1,0,2,1,yes,1,0,0,2,0,,0,0,0,0,1,no,28.969999313354492,3,never,0,,3,1,2,0,,1,,1,0
63,2,1,5,6,1,1,0,1,0,no,2,0,0,2,0,,0,1,0,0,2,no,,,never,0,,3,4,2,0,,1,,1,1
30,2,1,6,7,1,2,2,1,0,no,2,0,0,2,0,,0,1,0,0,2,no,,,never,0,,3,1,2,0,,1,,1,1
72,1,1,6,8,1,1,0,3,0,yes,1,0,0,2,0,,0,1,0,0,2,no,25.840000152587891,3,former,1,3,3,1,1,2,1,1,1,1,0
49,2,1,5,9,1,1,0,1,0,no,2,0,0,2,0,,0,0,0,0,1,no,40.240001678466797,4,never,0,,3,1,2,0,,1,,1,0
64,2,1,6,7,1,1,0,2,0,no,2,0,0,2,0,,0,0,0,0,2,no,25.819999694824219,3,never,0,,3,1,1,5,1,1,2,1,0
42,2,5,5,,1,2,0,88,0,no,2,0,0,2,0,,0,0,0,0,2,no,26.069999694824219,3,never,0,,3,1,2,0,,1,,1,0
74,2,6,5,,1,1,0,1,0,no,2,0,0,2,0,,0,0,0,0,2,no,21.479999542236328,2,never,0,,3,1,1,10,1,1,1,1,0
48,1,1,5,9,1,1,0,2,0,yes,2,0,0,2,0,,0,0,0,0,2,no,29.530000686645508,3,former,1,3,3,1,1,17.142856597900391,1,1,3,1,0
65,2,1,5,1,2,2,0,3,0,yes,1,1,0,1,0,,0,0,1,0,1,no,21.950000762939453,2,former,1,3,3,2,2,0,,1,,1,0
65,2,2,5,7,5,2,0,1,0,yes,1,0,0,2,0,,0,0,0,0,2,no,27.799999237060547,3,never,0,,3,1,2,0,,1,,1,0
50,1,1,6,8,2,1,0,9,0,no,2,0,0,2,0,,1,0,0,0,2,no,24.389999389648438,2,former,1,3,3,1,2,0,,1,,1,0
80,1,1,4,7,3,1,0,3,0,yes,2,0,0,2,0,,0,1,1,0,2,diabetes,30.559999465942383,4,former,1,3,3,1,2,0,,1,,1,0
68,2,6,5,6,3,1,0,3,0,yes,2,0,0,2,0,,0,0,1,0,1,no,47.189998626708984,4,current_every_day,1,1,3,4,1,2,3,2,5,1,0
67,1,1,4,10,6,1,0,3,0,no,2,0,0,2,0,,0,0,0,0,1,prediabetes,28.409999847412109,3,never,0,,3,1,1,4.2857141494750977,1,1,3,1,0
69,2,2,4,1,3,1,1,10,0,yes,2,0,0,2,0,,0,0,0,0,1,no,37.799999237060547,4,current_some_days,1,2,3,4,2,0,,1,,1,0
34,2,2,,,1,3,2,,0,no,2,0,0,2,0,,0,0,0,0,2,,,,never,0,,,1,,,,,,,1
30,2,1,4,9,1,1,3,1,0,no,2,0,0,2,0,,0,0,0,0,2,no,24.549999237060547,2,current_every_day,1,1,3,4,1,12.857142448425293,2,1,3,1,0
66,1,1,6,9,1,1,0,1,0,no,1,0,0,2,0,,1,0,0,0,2,no,31.010000228881836,4,never,0,,3,1,1,4.2857141494750977,1,1,1,1,0
36,2,5,4,4,5,1,1,5,0,no,2,0,0,2,1,2,0,0,0,0,2,no,23.739999771118164,2,never,0,,3,1,1,4.2857141494750977,15,2,15,2,0
40,1,1,5,5,1,2,2,1,1,no,1,0,0,2,1,1,0,0,0,0,1,diabetes,36.020000457763672,4,never,0,,3,1,2,0,,1,,1,0
70,1,1,4,,1,1,0,3,0,no,2,0,0,2,0,,0,0,0,0,2,no,25.729999542236328,3,former,1,3,3,1,1,30,2,1,,1,0
53,2,1,6,9,1,1,0,1,0,no,2,0,0,2,0,,0,0,0,0,2,no,23.239999771118164,2,never,0,,3,1,1,20,1,1,2,1,0
36,2,1,4,5,2,2,0,5,0,no,,0,0,2,1,2,0,0,0,0,2,no,22.600000381469727,2,never,0,,3,1,1,5,4,2,7,1,0
24,1,1,5,9,6,3,1,10,0,no,2,0,0,2,0,,0,0,0,0,2,no,25.100000381469727,3,never,0,,3,1,1,2,3,1,3,1,0
79,2,1,6,10,1,1,0,3,0,no,2,0,0,2,0,,0,0,0,0,2,no,27.540000915527344,3,former,1,3,3,1,1,4.2857141494750977,1,1,1,1,0
69,1,1,4,7,1,1,0,3,0,no,1,0,1,1,1,,0,0,0,0,1,diabetes,31.010000228881836,4,never,0,,3,1,1,8.5714282989501953,1,1,1,1,0
79,1,1,6,7,1,1,0,3,0,yes,1,0,0,2,0,,0,0,0,0,1,no,27.200000762939453,3,never,0,,3,1,1,20,4,2,6,2,0
73,2,1,6,7,5,1,0,3,0,yes,1,0,0,2,0,,0,0,0,0,2,no,36.610000610351562,4,former,1,3,3,1,1,30,2,1,3,2,0
65,1,1,5,,1,1,0,3,0,yes,1,0,0,2,0,,0,1,0,0,1,no,,,,,,,,,,,,,,1
80,2,1,6,5,,1,0,3,0,yes,1,0,0,2,0,,0,0,0,0,2,diabetes,21.459999084472656,2,current_every_day,1,1,3,4,2,0,,1,,1,0
80,2,1,3,,3,1,0,3,0,yes,1,0,1,1,0,,0,0,0,0,1,no,31.889999389648438,4,never,0,,3,1,2,0,,1,,1,0
71,2,1,5,,3,1,0,3,0,no,2,0,0,2,0,,1,1,0,0,2,no,27.459999084472656,3,former,1,3,3,1,1,12.857142448425293,2,1,3,1,0
18,1,6,4,8,5,1,2,,0,no,,0,0,2,0,,0,0,0,0,2,no,26.959999084472656,3,never,0,,3,1,2,0,,1,,1,0
49,1,3,4,3,1,2,2,2,1,yes,1,1,0,1,0,,0,0,0,0,1,no,24.209999084472656,2,never,0,,3,1,1,8.5714282989501953,4,2,,1,0
25,2,5,3,,6,2,0,5,0,no,1,0,0,2,0,,0,0,0,0,2,no,,,,,,,,,,,,,,1
54,2,1,6,7,2,1,0,1,0,no,1,0,0,2,0,,1,0,0,0,2,no,28.700000762939453,3,never,0,,3,1,2,0,,1,,1,0
64,1,1,6,9,1,1,0,1,0,no,1,0,0,2,0,,0,0,0,0,1,no,25.540000915527344,3,never,0,,3,1,1,2,1,1,1,1,0
46,2,1,6,7,1,1,1,1,0,no,1,0,0,2,0,,0,0,0,0,2,no,24.209999084472656,2,never,0,,3,1,1,2,1,1,1,1,0
38,2,6,4,,1,2,2,88,0,no,2,0,0,2,0,,0,0,0,0,2,no,34.540000915527344,4,never,0,,3,1,2,0,,1,,1,0
62,2,1,5,8,2,2,0,2,0,yes,1,0,0,2,1,1,1,1,1,0,1,no,31.530000686645508,4,former,1,3,3,4,1,5,1,1,1,1,0
63,2,2,4,2,2,2,0,9,0,yes,1,0,0,2,0,,0,0,0,0,1,no,,,never,0,,3,1,2,0,,1,,1,1
41,2,1,5,,1,2,1,1,0,yes,1,0,0,2,1,1,0,0,0,0,1,no,,,former,1,3,3,1,2,0,,1,,1,1
28,2,2,5,1,1,2,1,88,0,no,,0,0,2,0,,0,0,0,0,2,no,20.799999237060547,2,current_every_day,1,1,3,1,,,,,,,0
69,1,1,6,,1,1,0,3,0,yes,1,0,0,2,1,1,0,1,0,0,2,no,27.200000762939453,3,former,1,3,3,1,1,17.142856597900391,2,2,5,1,0
71,2,1,6,7,2,2,0,,0,no,1,0,0,2,0,,0,0,0,0,2,no,,,former,1,3,3,1,2,0,,1,,1,1
74,1,1,6,,1,1,,3,0,no,1,0,0,2,0,,0,0,0,0,1,diabetes,,,,,,,,,,,,,,1
63,2,2,5,1,2,2,0,3,0,yes,1,0,0,2,1,1,0,0,1,0,1,no,41.599998474121094,4,never,0,,3,1,2,0,,1,,1,0
24,1,1,5,6,5,,0,,0,no,,0,0,2,0,,0,0,0,0,2,no,26.25,3,never,0,,3,1,2,0,,1,,1,0
72,2,1,5,5,3,1,0,3,0,no,1,0,0,2,0,,0,0,0,0,2,no,21.459999084472656,2,never,0,,3,4,2,0,,1,,1,0
44,2,1,6,10,1,1,0,1,0,no,2,0,0,2,0,,0,0,0,0,1,no,38.439998626708984,4,former,1,3,3,1,2,0,,1,,1,0
79,2,1,6,6,3,1,0,3,0,yes,,0,0,2,0,,0,1,0,0,1,no,19.940000534057617,2,never,0,,3,1,1,21.428571701049805,2,1,3,2,0
53,2,1,5,5,1,1,0,5,0,no,2,0,0,2,0,,0,0,0,0,2,no,21.950000762939453,2,current_every_day,1,1,3,1,2,0,,1,,1,0
30,2,1,6,9,1,2,3,2,0,no,2,0,0,2,0,,0,0,0,0,2,no,26.540000915527344,3,never,0,,3,1,2,0,,1,,1,0
18,1,5,4,6,5,2,2,7,0,no,2,0,0,2,0,,0,0,0,0,2,no,21.700000762939453,2,never,0,,3,1,2,0,,1,,1,0
57,1,1,6,11,1,1,0,2,0,no,1,0,0,2,0,,0,0,0,0,2,no,26.389999389648438,3,never,0,,3,1,,,,,,,0
67,1,1,4,,1,1,0,3,0,no,2,0,0,2,0,,0,0,0,0,2,no,27.120000839233398,3,,,,,,,,,,,,0
47,2,1,6,9,1,2,2,2,0,yes,1,0,0,2,0,,0,0,0,0,2,no,32.430000305175781,4,former,1,3,3,3,1,4.2857141494750977,1,1,2,1,0
80,1,1,6,7,1,2,0,3,0,yes,1,1,1,1,0,,0,1,0,1,2,diabetes,25.549999237060547,3,former,1,3,3,1,2,0,,1,,1,0
73,2,1,4,5,3,1,0,3,0,yes,1,0,0,2,1,1,0,0,0,0,2,no,24.280000686645508,2,former,1,3,3,1,1,30,6,2,6,2,0
32,1,3,6,,5,1,0,2,0,no,,0,0,2,0,,0,0,0,0,2,no,25.239999771118164,3,never,0,,3,4,2,0,,1,,1,0
80,1,2,3,5,1,1,0,10,0,yes,2,0,0,2,0,,0,0,0,0,2,no,28.5,3,never,0,,1,1,2,0,,1,,1,0
64,2,3,2,,3,2,,88,0,no,1,0,0,2,0,,0,0,0,0,1,prediabetes,,,,,,,,,,,,,,1
66,1,1,4,2,2,1,0,3,0,yes,1,0,0,2,0,,0,0,1,0,1,no,28.059999465942383,3,current_every_day,1,1,3,1,2,0,,1,,1,0
52,2,1,4,6,1,1,2,,1,no,2,0,0,2,1,1,0,0,0,0,2,no,25.510000228881836,3,never,0,,3,1,1,2,1,1,2,1,0
73,1,1,5,7,1,1,0,3,0,yes,1,1,1,1,0,,0,0,0,0,2,diabetes,30.700000762939453,4,former,1,3,3,1,2,0,,1,,1,0
74,2,1,5,8,3,1,0,3,0,no,1,0,0,2,0,,0,0,0,0,1,no,26.629999160766602,3,former,1,3,3,1,1,2,1,1,,1,0
77,1,1,6,10,1,1,0,3,0,no,1,0,0,2,0,,1,0,0,0,2,no,26.360000610351562,3,never,0,,3,1,2,0,,1,,1,0
34,1,1,6,9,1,1,0,1,0,no,1,0,0,2,0,,0,0,0,0,2,no,25.090000152587891,3,former,1,3,3,1,1,4.2857141494750977,2,2,5,1,0
45,2,1,5,9,4,1,2,2,0,yes,2,0,0,2,0,,0,0,0,0,1,gestational_only,28.340000152587891,3,current_every_day,1,1,3,4,1,3,1,1,1,1,0
54,2,1,6,11,1,1,0,1,0,no,2,0,0,2,0,,0,0,0,0,2,no,29.120000839233398,3,never,0,,3,1,1,3,1,1,1,1,0
55,2,5,6,10,1,1,0,1,0,no,2,0,0,2,1,2,0,0,0,0,2,no,20.850000381469727,2,former,1,3,3,4,1,10,4,2,4,2,0
45,1,2,5,10,1,1,1,7,0,no,2,,0,,0,,0,0,0,0,1,diabetes,32.689998626708984,4,former,1,3,3,1,2,0,,1,,1,0
68,2,1,6,6,1,1,0,3,0,yes,1,0,0,2,0,,1,1,0,1,1,no,31.180000305175781,4,former,1,3,3,1,1,3,1,1,1,1,0
39,2,1,6,9,6,2,0,1,0,no,2,0,0,2,0,,0,0,0,0,2,no,19.969999313354492,2,never,0,,3,1,1,5,1,1,1,1,0
48,2,1,6,11,1,1,1,1,0,no,2,0,0,2,0,,0,0,0,0,2,no,23.690000534057617,2,never,0,,3,1,1,21.428571701049805,1,1,2,1,0
35,2,2,5,8,5,2,0,5,1,no,1,0,0,2,1,1,0,0,0,0,2,no,40.240001678466797,4,never,0,,3,4,1,12.857142448425293,1,1,2,1,0
49,2,1,5,5,5,1,1,5,0,no,2,0,0,2,0,,0,0,0,0,2,no,40.340000152587891,4,never,0,,,,,,,,,,0
56,2,1,5,,1,1,0,2,0,no,2,0,0,2,0,,1,0,0,0,2,prediabetes,22.309999465942383,2,never,0,,3,1,2,0,,1,,1,0
80,2,1,5,7,3,1,0,3,0,yes,2,1,1,1,0,,0,0,0,0,2,diabetes,21.930000305175781,2,current_some_days,1,2,2,1,2,0,,1,,1,0
37,1,5,5,9,1,1,2,1,0,no,2,0,0,2,0,,0,0,0,0,2,no,27.260000228881836,3,never,0,,3,1,1,8.5714282989501953,3,1,3,1,0
39,1,4,4,6,5,2,0,88,0,no,2,0,0,2,0,,0,0,0,0,2,no,27.459999084472656,3,current_every_day,1,1,3,4,2,0,,1,,1,0
60,2,1,6,9,2,1,0,1,0,no,2,0,0,2,0,,0,0,0,0,1,diabetes,,,never,0,,3,1,2,0,,1,,1,1
51,1,1,5,6,1,1,0,88,0,yes,1,0,0,2,0,,0,0,0,0,1,diabetes,31.379999160766602,4,never,0,,1,1,1,20,5,2,5,2,0
80,1,1,6,10,1,1,0,9,0,yes,1,0,0,2,0,,0,1,0,0,2,no,27.409999847412109,3,never,0,,3,1,2,0,,1,,1,0
71,2,1,6,,3,1,0,3,0,no,2,0,0,2,0,,0,0,0,0,2,no,,,,,,,,,,,,,,1
60,1,2,6,,,3,0,7,0,yes,2,0,1,1,0,,0,0,0,0,2,diabetes,29.530000686645508,3,former,1,3,3,4,2,0,,1,,1,0
58,1,1,6,1,5,2,0,88,0,no,2,0,0,2,0,,0,0,0,0,2,no,24.389999389648438,2,former,1,3,3,2,2,0,,1,,1,0
49,2,1,5,9,1,1,0,1,0,no,2,0,0,2,0,,0,1,0,0,2,no,30.670000076293945,4,former,1,3,3,4,1,4,4,2,4,1,0
80,2,1,4,4,3,2,0,3,0,no,1,0,0,2,0,,0,0,0,0,1,no,23.379999160766602,2,never,0,,3,1,2,0,,1,,1,0
52,1,1,6,9,1,2,2,1,0,no,1,0,0,2,0,,0,0,0,0,2,no,22.809999465942383,2,never,0,,3,4,2,0,,1,,1,0
80,1,1,4,5,3,2,0,3,0,yes,2,0,0,2,0,,0,0,0,0,2,no,25.5,3,never,0,,3,4,2,0,,1,,1,0
57,2,1,6,11,3,1,0,7,0,no,2,0,0,2,0,,0,0,0,1,1,no,35.529998779296875,4,former,1,3,3,1,1,17.142856597900391,1,1,2,1,0
46,2,2,3,5,5,3,1,2,0,no,,0,0,2,0,,0,0,0,0,2,no,24.209999084472656,2,former,1,3,3,3,1,1,3,1,3,1,0
38,2,5,6,9,1,1,0,1,0,no,2,0,0,2,0,,0,0,0,0,1,no,44.090000152587891,4,never,0,,3,4,1,4.2857141494750977,4,2,7,1,0
64,2,1,4,5,1,2,0,2,0,yes,2,0,0,2,0,,0,0,0,0,1,diabetes,,,former,1,3,3,1,2,0,,1,,1,1
27,1,2,4,1,5,2,0,88,1,no,2,0,0,2,0,,0,0,0,0,2,no,27.5,3,never,0,,3,3,2,0,,1,,1,0
80,2,1,5,,1,1,0,3,0,no,1,0,1,1,0,,0,0,0,0,1,no,,,,,,,,,,,,,,1
68,1,5,3,5,2,1,0,3,0,yes,1,1,,1,0,,0,0,0,0,1,diabetes,30.290000915527344,4,former,1,3,3,1,2,0,,1,,1,0
55,2,1,5,4,2,1,0,88,1,yes,1,0,0,2,1,1,0,0,0,0,2,no,18.75,2,current_every_day,1,1,3,4,1,8.5714282989501953,2,1,3,1,0
41,1,1,4,6,1,1,0,2,0,no,,0,0,2,0,,0,0,0,0,2,no,25.799999237060547,3,current_every_day,1,1,3,4,1,8.5714282989501953,2,1,2,1,0
71,2,1,6,,1,1,0,1,0,yes,1,0,0,2,0,,0,0,0,0,1,no,23.340000152587891,2,never,0,,3,1,1,1,1,1,1,1,0
48,1,1,6,9,1,1,2,1,0,yes,2,0,0,2,1,2,0,0,0,0,2,no,32.020000457763672,4,never,0,,3,1,1,5,1,1,2,1,0
66,2,1,3,,1,1,1,,0,no,2,0,0,2,0,,0,1,0,0,2,no,28.340000152587891,3,former,1,3,3,1,1,8.5714282989501953,2,1,4,1,0
54,1,1,5,,,1,0,7,0,no,1,0,0,2,0,,0,0,0,0,1,no,27.889999389648438,3,former,1,3,3,1,1,17.142856597900391,4,2,5,2,0
44,2,1,5,4,2,2,0,5,1,no,2,0,0,2,0,,0,0,0,0,1,no,23.719999313354492,2,never,0,,3,1,2,0,,1,,1,0
71,2,1,5,6,1,1,0,3,0,no,2,0,0,2,0,,0,0,0,0,2,no,18.840000152587891,2,never,0,,3,1,2,0,,1,,1,0
80,2,1,5,4,3,2,0,3,0,yes,1,1,0,1,0,,0,1,0,0,1,no,27.209999084472656,3,former,1,3,3,4,2,0,,1,,1,0
36,2,1,5,7,1,1,5,1,0,no,1,0,0,2,0,,0,0,0,0,2,no,32.610000610351562,4,never,0,,3,1,1,15,1,1,2,1,0
71,2,1,4,6,1,1,0,3,0,no,2,0,0,2,0,,1,0,0,0,1,no,21.950000762939453,2,never,0,,3,1,2,0,,1,,1,0
28,2,5,6,5,2,2,2,5,0,no,2,0,0,2,0,,0,0,0,0,2,no,25.809999465942383,3,former,1,3,3,4,,,,,,,0
80,1,1,4,,3,1,0,1,0,no,2,1,0,1,0,,0,0,0,0,2,diabetes,27.120000839233398,3,former,1,3,3,1,1,1,2,1,2,1,0
35,2,5,6,9,1,1,1,1,0,no,2,0,0,2,0,,0,0,0,0,2,no,24.409999847412109,2,never,0,,3,1,1,1,1,1,1,1,0
27,1,3,6,8,5,2,0,7,0,no,2,0,0,2,0,,0,0,0,0,2,no,25.930000305175781,3,never,0,,3,1,2,0,,1,,1,0
72,2,1,4,6,5,1,0,3,1,yes,2,0,1,1,1,2,0,0,1,0,1,no,21.579999923706055,2,former,1,3,3,1,2,0,,1,,1,0
64,2,1,4,,2,2,0,3,0,no,2,1,0,1,0,,0,0,1,0,2,no,16.989999771118164,1,current_every_day,1,1,3,4,1,17.142856597900391,3,2,6,2,0
80,1,1,6,9,1,1,0,2,0,no,1,1,0,1,0,,0,0,0,1,1,no,27.799999237060547,3,never,0,,3,1,1,30,1,1,2,1,0
39,2,2,5,,1,2,1,1,1,no,2,0,0,2,0,,0,1,0,0,2,no,,,former,1,3,3,2,2,0,,1,,1,1
77,2,1,6,8,2,1,0,3,0,no,1,0,0,2,0,,0,0,0,0,2,no,25.059999465942383,3,former,1,3,3,1,1,3,2,1,2,1,0
52,2,2,6,7,1,1,3,7,0,yes,1,0,0,2,0,,0,,0,0,1,no,31.010000228881836,4,never,0,,3,1,2,0,,1,,1,0
38,1,1,6,10,1,1,3,1,0,no,2,0,0,2,0,,0,0,0,0,2,no,28.75,3,former,1,3,1,1,1,3,2,1,3,1,0
52,1,1,5,5,2,1,1,1,0,no,,0,0,2,0,,0,0,0,0,2,no,20.920000076293945,2,former,1,3,3,1,1,12.857142448425293,1,1,3,1,0
65,2,2,6,,3,1,0,3,0,yes,1,0,0,2,0,,0,0,0,1,1,no,25.75,3,former,1,3,3,1,2,0,,1,,1,0
39,2,1,4,7,6,1,0,88,0,no,2,0,0,2,0,,0,0,0,0,1,no,27.440000534057617,3,current_every_day,1,1,3,4,2,0,,1,,1,0
75,1,1,4,4,1,1,0,3,0,no,2,0,0,2,1,1,,0,0,0,1,diabetes,33.290000915527344,4,former,1,3,3,1,2,0,,1,,1,0
41,1,4,6,8,1,1,0,5,0,no,2,0,0,2,0,,0,0,0,0,2,no,28.25,3,never,0,,3,1,2,0,,1,,1,0
34,1,5,3,6,1,2,0,88,1,no,2,0,0,2,0,,0,0,0,0,2,no,25.090000152587891,3,former,1,3,3,2,1,4,6,2,6,1,0
65,1,1,5,7,1,1,0,1,0,no,2,1,0,1,0,,0,0,0,0,1,prediabetes,29.569999694824219,3,former,1,3,3,4,2,0,,1,,1,0
80,2,1,5,,1,1,0,3,0,no,1,0,0,2,0,,0,0,0,0,1,no,25.239999771118164,3,former,1,3,3,1,1,12.857142448425293,1,1,2,1,0
63,1,1,6,9,2,2,0,1,0,yes,2,0,0,2,0,,1,0,0,0,1,no,30.520000457763672,4,former,1,3,3,1,1,5,1,1,1,1,0
27,1,1,4,7,6,3,1,1,0,no,,0,0,2,0,,0,0,0,0,2,no,44.009998321533203,4,former,1,3,3,2,1,1,2,1,2,1,0
41,1,1,6,10,1,1,1,1,0,no,1,0,0,2,1,2,0,0,1,0,2,no,25.819999694824219,3,former,1,3,3,1,1,4.2857141494750977,1,1,1,1,0
60,2,2,6,,,,0,1,0,yes,2,0,0,2,0,,0,0,0,0,1,no,28.25,3,current_every_day,1,1,3,1,1,1,1,1,1,1,0
20,1,5,4,7,5,2,1,,0,no,,0,0,2,0,,0,0,0,0,2,no,23.090000152587891,2,former,1,3,3,2,2,0,,1,,1,0
28,2,1,6,5,5,2,0,88,0,no,2,0,0,2,0,,0,0,0,0,2,gestational_only,19.969999313354492,2,never,0,,3,1,2,0,,1,,1,0
55,2,5,5,,2,1,1,5,0,no,1,0,0,2,0,,0,0,0,0,1,no,30.649999618530273,4,never,0,,3,1,2,0,,1,,1,0
46,1,1,5,7,5,1,0,7,0,yes,1,0,0,2,0,,0,0,0,0,2,no,26.579999923706055,3,former,1,3,1,1,1,2,1,1,1,1,0
68,1,5,2,3,1,1,0,10,0,yes,1,0,0,2,0,,0,0,0,0,1,no,24.799999237060547,2,never,0,,3,1,2,0,,1,,1,0
73,2,5,1,,3,2,0,5,,pregnancy_only,2,0,0,2,0,,0,0,0,0,2,no,18.360000610351562,1,never,0,,3,1,1,2,4,2,4,1,0
31,1,5,6,,1,1,0,1,0,no,2,0,0,2,0,,0,0,0,0,2,no,,,current_every_day,1,1,3,1,1,4.2857141494750977,15,2,15,2,1
67,1,1,6,10,1,1,0,1,0,yes,2,0,0,2,0,,0,0,0,0,1,no,24.340000152587891,2,never,0,,3,1,2,0,,1,,1,0
66,2,1,4,7,5,1,0,1,0,yes,1,0,1,1,1,1,0,1,0,1,1,diabetes,21.969999313354492,2,never,0,,3,1,1,1,1,1,1,1,0
75,2,1,5,7,1,1,0,3,0,no,2,0,0,2,1,1,0,0,0,0,1,no,27.459999084472656,3,never,0,,3,1,2,0,,1,,1,0
65,2,2,6,5,2,2,0,,1,yes,2,0,0,2,0,,0,0,0,0,2,no,39.060001373291016,4,former,1,3,3,1,1,4.2857141494750977,1,1,1,1,0
58,1,1,4,8,1,1,0,1,0,no,2,0,0,2,0,,0,0,0,0,2,no,31.319999694824219,4,current_every_day,1,1,3,1,2,0,,1,,1,0
62,2,1,6,3,2,1,0,2,0,yes,1,0,0,2,0,,0,0,0,0,1,no,32.919998168945312,4,never,0,,3,1,1,5,1,1,1,1,0
60,2,1,5,8,1,1,0,2,0,no,1,0,0,2,0,,0,0,0,0,2,no,22.459999084472656,2,never,0,,3,1,2,0,,1,,1,0
22,2,2,5,7,5,2,0,88,0,no,,0,0,2,0,,0,0,0,0,1,no,20.600000381469727,2,never,0,,3,1,2,0,,1,,1,0
58,2,1,6,6,3,1,0,1,0,yes,1,0,0,2,0,,0,0,0,0,1,prediabetes,25.690000534057617,3,never,0,,3,1,2,0,,1,,1,0
66,2,5,6,6,1,1,0,3,0,no,2,0,0,2,0,,0,0,0,0,1,no,30.110000610351562,4,never,0,,3,1,2,0,,1,,1,0
39,1,2,5,8,1,1,1,1,0,no,2,0,0,2,0,,0,0,0,0,2,no,29.260000228881836,3,former,1,3,3,4,2,0,,1,,1,0
31,1,1,5,7,3,1,3,1,1,yes,2,0,0,2,0,,0,0,0,0,1,no,35.259998321533203,4,former,1,3,3,1,1,4,1,1,1,1,0
73,1,1,4,8,1,1,0,3,0,yes,2,1,0,1,0,,0,0,0,0,1,no,25.020000457763672,3,never,0,,3,1,1,8.5714282989501953,1,1,1,1,0
22,1,1,5,6,1,2,1,88,1,no,,0,0,2,0,,0,0,0,0,2,no,19.200000762939453,2,never,0,,3,4,1,10,2,1,3,1,0
79,1,2,5,8,1,1,0,3,0,yes,1,0,0,2,0,,0,0,0,0,2,diabetes,28.549999237060547,3,current_every_day,1,1,3,4,1,30,2,1,5,1,0
73,2,4,4,7,1,1,2,3,0,yes,2,0,0,2,0,,0,0,0,,2,prediabetes,28.909999847412109,3,never,0,,3,1,2,0,,1,,1,0
21,1,1,4,7,5,3,0,1,0,yes,,0,0,2,0,,0,0,0,0,2,no,41.610000610351562,4,never,0,,3,3,1,4,2,1,3,1,0
73,2,5,5,5,3,1,0,3,0,yes,1,0,0,2,1,1,0,0,0,0,1,no,32.610000610351562,4,never,0,,3,1,2,0,,1,,1,0
73,2,1,6,8,1,1,1,3,0,no,1,0,0,2,0,,0,0,0,0,2,no,22.709999084472656,2,never,0,,3,1,1,6,1,1,1,1,0
62,2,1,6,9,1,1,0,1,0,no,2,0,0,2,0,,1,0,0,0,1,no,,,former,1,3,3,1,1,4.2857141494750977,1,1,2,1,1
38,1,2,3,2,2,2,0,5,1,yes,1,0,0,2,0,,0,0,0,0,2,no,23.709999084472656,2,former,1,3,3,1,2,0,,1,,1,0
80,2,1,3,4,3,1,0,,0,yes,2,0,0,2,0,,0,0,0,0,1,no,24.370000839233398,2,former,1,3,3,1,1,12.857142448425293,1,1,3,1,0
25,2,5,4,,1,1,1,5,0,pregnancy_only,2,0,0,2,1,1,0,0,0,0,2,no,29.100000381469727,3,never,0,,3,1,1,4,2,2,4,1,0
55,1,1,6,7,1,1,0,1,0,no,1,0,0,2,0,,0,0,0,0,2,no,35.509998321533203,4,former,1,3,3,2,1,20,4,2,8,2,0
80,2,1,5,7,1,1,0,3,0,yes,2,0,0,2,0,,0,0,0,1,1,no,25.850000381469727,3,never,0,,3,1,1,1,1,1,1,1,0
73,2,1,4,5,3,1,0,3,0,no,2,0,0,2,0,,0,0,0,0,1,no,31.25,4,never,0,,3,1,2,0,,1,,1,0
40,1,2,6,8,1,2,2,7,0,yes,,0,0,2,0,,0,0,0,0,2,no,26.610000610351562,3,never,0,,3,1,1,10,2,1,3,1,0
21,1,1,6,8,5,2,0,1,0,no,,0,0,2,0,,0,0,0,0,2,no,43.75,4,former,1,3,3,1,1,8.5714282989501953,2,2,7,1,0
80,2,1,6,4,1,1,0,3,0,yes,2,0,0,2,0,,1,1,1,0,2,no,17.75,1,current_every_day,1,1,3,1,1,28,2,1,4,2,0
33,1,1,5,8,1,2,2,7,0,no,2,0,0,2,0,,0,0,0,0,,no,33,4,current_every_day,1,1,3,4,1,1,1,1,1,1,0
63,2,1,6,9,1,1,1,3,1,yes,1,0,0,2,1,2,0,0,0,0,2,diabetes,30.719999313354492,4,former,1,3,3,1,1,1,1,1,1,1,0
65,2,1,6,9,2,2,0,1,0,no,1,0,0,2,0,,1,0,0,0,2,no,30.409999847412109,4,former,1,3,3,4,1,1,2,1,2,1,0
55,2,2,5,5,5,2,0,1,0,no,2,0,0,2,0,,0,0,0,0,2,no,,,,,,,,,,,,,,1
75,2,1,6,9,1,1,0,3,0,no,2,0,0,2,0,,0,0,0,0,1,no,25.399999618530273,3,never,0,,3,4,1,30,2,1,2,2,0
22,2,1,5,7,5,2,2,5,1,no,,0,0,2,0,,0,0,0,0,2,no,21.729999542236328,2,never,0,,1,2,1,1,1,1,1,1,0
32,2,3,6,11,1,2,0,1,0,no,1,0,0,2,0,,0,0,0,0,2,no,21.540000915527344,2,never,0,,3,1,2,0,,1,,1,0
60,1,1,4,3,2,1,1,3,0,no,1,0,0,2,1,1,0,0,0,1,2,no,18.479999542236328,1,never,0,,3,1,2,0,,1,,1,0
73,1,6,6,7,2,3,0,3,0,no,2,0,1,1,0,,1,1,1,0,1,no,43.400001525878906,4,never,0,,3,4,1,8.5714282989501953,1,1,1,1,0
42,1,1,5,9,1,1,1,2,0,no,2,0,0,2,0,,0,0,0,0,2,no,34.299999237060547,4,never,0,,3,1,1,5,1,1,1,1,0
75,2,2,4,1,3,1,0,3,0,yes,2,0,0,2,0,,0,0,0,1,1,no,28.340000152587891,3,never,0,,2,1,2,0,,1,,1,0
30,1,1,3,1,5,2,0,1,0,no,2,0,0,2,0,,0,0,0,0,2,no,26.540000915527344,3,current_every_day,1,1,2,4,2,0,,1,,1,0
56,1,1,6,8,1,1,0,1,0,no,1,0,0,2,0,,0,0,0,0,2,diabetes,27.5,3,never,0,,3,1,2,0,,1,,1,0
25,1,5,6,8,5,3,0,2,0,no,2,0,0,2,0,,0,0,0,0,2,no,20.829999923706055,2,never,0,,3,1,1,5,24,2,6,2,0
48,2,1,5,5,1,1,0,10,1,no,2,0,0,2,0,,0,0,0,0,2,no,34.330001831054688,4,former,1,3,3,1,2,0,,1,,1,0
69,2,1,6,,1,1,0,3,0,yes,2,0,0,2,1,,0,0,0,0,1,no,29.760000228881836,3,never,0,,,1,2,0,,1,,1,0
70,2,1,4,6,1,1,0,3,0,yes,2,0,0,2,0,,0,0,0,1,2,no,29.180000305175781,3,never,0,,3,1,1,1,1,1,1,1,0
65,1,1,5,9,1,1,0,3,0,yes,1,0,0,2,0,,0,0,0,0,2,no,33,4,never,0,,3,1,1,8.5714282989501953,3,1,4,1,0
20,1,1,4,,5,2,0,5,0,yes,,0,0,2,0,,0,0,0,0,2,no,28,3,never,0,,3,1,1,1,1,1,1,1,0
80,1,1,5,5,3,1,0,,0,no,2,0,0,2,0,,1,1,0,0,2,no,18.559999465942383,2,never,0,,3,1,2,0,,1,,1,0
31,2,1,4,,5,1,4,1,0,no,,0,0,2,1,2,0,0,0,0,2,no,,,,,,,,,,,,,,1
80,2,1,6,3,1,2,0,3,0,no,2,0,0,2,0,,1,0,0,0,1,no,25.389999389648438,3,never,0,,3,1,2,0,,1,,1,0
75,2,1,4,7,5,1,0,3,0,no,1,0,0,2,0,,1,1,0,0,1,diabetes,33.840000152587891,4,former,1,3,3,1,2,0,,1,,1,0
68,2,1,6,9,1,1,3,3,0,yes,1,0,0,2,0,,0,0,0,0,1,no,33.279998779296875,4,never,0,,3,1,2,0,,1,,1,0
35,2,1,6,7,5,2,1,2,0,no,2,0,0,2,0,,0,0,0,0,2,no,20.010000228881836,2,never,0,,3,1,1,5,4,2,6,1,0
20,1,2,4,1,5,2,0,5,1,no,2,0,0,2,1,1,0,0,0,0,2,no,40.819999694824219,4,never,0,,3,1,2,0,,1,,1,0
36,2,1,5,9,1,1,1,1,0,no,2,0,0,2,1,1,0,0,0,0,2,no,20.979999542236328,2,former,1,3,3,4,2,0,,1,,1,0
69,2,1,6,6,1,1,0,3,0,yes,2,0,0,2,0,,0,0,0,0,2,no,,,former,1,3,3,1,,,,,,,1
18,1,1,4,6,5,3,0,5,0,no,,0,0,2,1,1,0,0,1,0,1,no,21.829999923706055,2,current_every_day,1,1,3,4,1,12.857142448425293,6,2,8,2,0
67,2,1,6,,3,1,0,3,0,no,2,0,0,2,0,,0,0,0,0,2,no,,,never,0,,3,1,1,1,1,1,1,1,1
29,2,1,6,6,5,1,0,1,1,no,2,0,0,2,0,,0,0,0,0,2,no,27.440000534057617,3,never,0,,3,1,1,1,2,1,2,1,0
63,1,6,6,7,1,1,1,5,0,yes,2,0,0,2,0,,0,0,0,0,2,no,30.670000076293945,4,never,0,,3,1,1,30,2,1,3,1,0
65,2,1,6,,1,,0,3,0,yes,1,0,0,2,0,,0,1,0,0,2,no,,,never,0,,3,1,1,2,1,1,1,1,1
65,2,2,4,3,1,1,0,3,0,yes,1,0,0,2,0,,0,0,0,0,1,no,27.440000534057617,3,never,0,,1,1,1,4,3,1,3,1,0
37,2,1,6,7,1,1,2,3,0,yes,1,1,0,1,0,,0,0,0,0,1,diabetes,28.290000915527344,3,never,0,,3,1,2,0,,1,,1,0
80,2,1,5,,3,1,0,3,0,yes,1,1,1,1,0,,0,0,1,0,1,diabetes,19.639999389648438,2,never,0,,3,1,2,0,,1,,1,0
36,2,1,6,11,1,1,2,10,0,no,1,0,0,2,0,,0,0,0,0,1,no,37.119998931884766,4,never,0,,3,1,1,4.2857141494750977,1,1,2,1,0
32,2,1,4,5,2,1,3,3,0,no,,0,0,2,1,1,0,0,0,0,2,no,25.75,3,former,1,3,3,1,2,0,,1,,1,0
78,1,1,5,,1,1,0,3,0,no,1,1,0,1,0,,1,1,0,0,2,no,25.540000915527344,3,never,0,,3,1,2,0,,1,,1,0
74,2,1,5,7,3,1,0,3,0,no,1,0,0,2,0,,0,0,0,0,1,diabetes,24.209999084472656,2,never,0,,3,1,2,0,,1,,1,0
53,2,5,5,8,1,1,1,1,0,no,2,0,0,2,0,,0,0,0,0,2,no,24.209999084472656,2,never,0,,3,1,2,0,,1,,1,0
61,2,1,5,9,1,1,0,1,0,yes,1,0,0,2,0,,0,0,0,0,2,no,32.770000457763672,4,never,0,,3,1,1,4,2,1,2,1,0
80,1,1,4,5,3,1,0,3,0,yes,2,0,0,2,0,,0,0,0,0,1,no,24.680000305175781,2,former,1,3,3,1,1,30,1,1,1,1,0
75,2,1,6,7,6,1,0,3,0,no,2,0,0,2,0,,0,0,0,0,2,no,24.030000686645508,2,former,1,3,3,1,2,0,,1,,1,0
67,2,5,6,6,5,2,2,3,0,yes,2,0,0,2,0,,0,0,0,0,1,no,35.060001373291016,4,former,1,3,3,1,2,0,,1,,1,0
61,2,1,5,9,1,1,0,1,0,yes,1,0,0,2,1,1,0,0,0,0,2,diabetes,28.319999694824219,3,never,0,,3,1,2,0,,1,,1,0
45,1,1,6,9,2,1,4,1,0,yes,2,0,0,2,1,1,0,0,0,1,1,no,23.569999694824219,2,current_some_days,1,2,1,4,1,3,2,1,3,1,0
51,2,1,4,9,1,1,0,1,0,yes,2,0,0,2,1,1,0,0,0,0,1,no,,,former,1,3,3,1,,,,,,,1
69,1,1,5,6,3,1,0,3,0,yes,1,0,0,2,0,,0,0,1,0,1,no,31.969999313354492,4,former,1,3,3,1,1,1,1,1,1,1,0
36,1,1,5,9,1,1,3,7,0,no,2,0,0,2,0,,0,0,0,0,2,no,31.469999313354492,4,former,1,3,3,3,2,0,,1,,1,0
55,1,5,6,8,1,1,1,2,1,yes,,0,0,2,0,,0,0,0,0,2,no,26.670000076293945,3,never,0,,3,1,2,0,,1,,1,0
79,2,1,5,3,3,1,0,3,0,yes,1,0,0,2,0,,1,0,0,0,1,no,32.810001373291016,4,former,1,3,3,1,2,0,,1,,1,0
56,2,1,2,,5,1,0,5,0,no,2,0,0,2,1,1,0,0,0,0,2,no,19.489999771118164,2,former,1,3,3,4,1,30,4,,6,2,0
69,2,1,6,5,5,1,0,3,0,yes,1,0,0,2,1,1,0,0,1,0,1,diabetes,30.829999923706055,4,never,0,,3,1,2,0,,1,,1,0
56,2,1,4,8,1,1,0,1,0,no,2,0,0,2,0,,0,0,0,0,2,no,33.279998779296875,4,former,1,3,3,1,2,0,,1,,1,0
22,1,1,4,,6,2,0,3,0,no,2,0,0,2,0,,0,0,0,0,2,no,42.040000915527344,4,never,0,,3,3,1,21.428571701049805,6,1,6,2,0
42,2,4,4,1,5,1,4,5,0,no,2,0,0,2,0,,0,0,0,0,2,no,25.819999694824219,3,current_every_day,1,1,3,1,1,4,6,2,12,1,0
60,1,6,6,7,1,1,0,1,0,no,2,0,0,2,0,,0,1,0,0,1,no,28.350000381469727,3,never,0,,3,1,2,0,,1,,1,0
80,2,1,5,7,1,1,0,3,0,yes,1,0,1,1,0,,0,0,0,0,1,no,31.889999389648438,4,never,0,,3,1,2,0,,1,,1,0
40,1,1,6,9,1,1,2,1,0,no,2,0,0,2,0,,0,0,0,0,2,no,19.819999694824219,2,never,0,,3,1,1,1,2,1,2,1,0
61,1,1,5,,2,1,0,3,1,yes,2,1,,1,1,2,0,0,1,0,2,no,34.439998626708984,4,former,1,3,3,4,2,0,,1,,1,0
62,2,1,3,7,3,1,0,1,0,no,2,0,0,2,0,,0,1,0,0,2,no,31.889999389648438,4,never,0,,3,1,1,12.857142448425293,2,1,3,1,0
19,2,2,4,,5,2,0,,0,no,,0,0,2,0,,0,0,0,0,2,no,24.610000610351562,2,never,0,,3,1,2,0,,1,,1,0
37,2,5,4,4,6,2,1,5,1,no,2,0,0,2,0,,0,0,0,1,2,prediabetes,28.329999923706055,3,never,0,,3,1,2,0,,1,,1,0
62,2,1,5,9,1,1,0,1,0,no,2,0,0,2,0,,0,0,0,0,1,gestational_only,31.930000305175781,4,never,0,,3,1,2,0,,1,,1,0
60,2,1,4,,1,1,,1,0,pregnancy_only,2,0,0,2,0,,0,0,0,0,2,no,,,,,,,,,,,,,,1
61,2,1,4,,1,1,0,3,1,no,1,0,1,1,1,1,1,0,1,1,1,no,45.349998474121094,4,former,1,3,3,1,2,0,,1,,1,0
28,2,6,5,8,6,2,4,5,0,no,2,0,0,2,1,1,0,0,0,0,2,no,,,former,1,3,3,4,2,0,,1,,1,1
53,1,1,5,10,1,1,1,1,0,yes,1,0,0,2,0,,0,0,0,0,2,no,30.850000381469727,4,never,0,,3,1,2,0,,1,,1,0
76,1,1,4,9,5,1,0,3,0,no,2,0,0,2,0,,1,0,0,0,2,no,22.049999237060547,2,never,0,,3,1,2,0,,1,,1,0
79,1,1,5,5,2,1,0,3,0,no,2,0,0,2,0,,0,0,0,0,1,no,28.75,3,never,0,,3,1,2,0,,1,,1,0
52,2,1,6,,1,1,0,1,0,no,2,0,0,2,0,,0,1,0,0,2,no,18.659999847412109,2,,,,,,,,,,,,0
18,2,3,4,7,5,1,0,2,0,no,,0,0,2,0,,0,0,0,0,2,no,20.780000686645508,2,never,0,,3,1,2,0,,1,,1,0
54,1,1,5,,1,1,0,1,0,yes,1,0,0,2,0,,0,0,0,0,2,no,23.489999771118164,2,former,1,3,3,1,1,1,1,1,1,1,0
78,2,1,6,,1,1,,3,0,yes,1,0,0,2,0,,1,,0,0,1,no,,,,,,,,,,,,,,1
18,1,1,4,,5,1,1,,0,yes,2,0,0,2,0,,0,0,0,0,2,no,38.520000457763672,4,,1,,1,1,2,0,,1,,1,0
72,1,1,5,,1,1,0,3,0,no,1,0,0,2,0,,1,0,0,0,2,no,23.110000610351562,2,current_every_day,1,1,3,1,1,15,2,1,3,1,0
64,2,1,5,,2,2,3,,1,yes,1,0,0,2,1,1,,1,0,0,1,diabetes,34.139999389648438,4,former,1,3,3,1,2,0,,1,,1,0
54,1,1,3,4,1,1,0,3,0,yes,1,0,0,2,0,,0,0,0,0,1,no,19.940000534057617,2,current_every_day,1,1,3,4,1,30,2,2,,1,0
39,1,1,6,8,1,1,1,7,0,no,2,0,0,2,0,,0,0,0,0,2,no,29.860000610351562,3,never,0,,3,1,1,1,1,1,1,1,0
24,2,1,6,6,5,1,1,1,0,pregnancy_only,,0,0,2,0,,0,0,0,0,2,no,26.940000534057617,3,former,1,3,3,2,1,12.857142448425293,1,2,5,1,0
47,2,1,5,,1,1,0,1,0,no,,0,0,2,0,,0,0,0,0,2,no,,,,,,,,,,,,,,1
80,1,3,4,5,3,1,0,3,0,no,2,0,0,2,0,,0,0,0,0,1,no,25.239999771118164,3,never,0,,3,1,2,0,,1,,1,0
63,1,1,6,9,1,1,0,2,0,yes,1,0,0,2,0,,1,1,0,0,2,diabetes,33.720001220703125,4,former,1,3,3,1,2,0,,1,,1,0
35,2,5,6,9,2,1,3,1,0,no,2,0,0,2,0,,0,0,0,0,2,no,20.360000610351562,2,former,1,3,3,4,2,0,,1,,1,0
26,2,1,4,,5,,0,10,0,yes,,0,0,2,1,2,0,0,0,0,2,no,23.170000076293945,2,never,0,,3,1,2,0,,1,,1,0
44,2,6,6,10,1,1,2,1,0,no,2,0,0,2,0,,0,0,0,0,2,no,20.530000686645508,2,never,0,,3,1,1,17.142856597900391,1,1,1,1,0
33,1,1,6,8,1,2,0,1,0,no,2,0,0,2,0,,0,0,0,0,2,no,24.370000839233398,2,never,0,,3,1,1,17.142856597900391,2,1,3,1,0
39,1,1,6,3,2,2,4,88,1,no,2,0,0,2,1,1,0,0,0,0,2,no,25.399999618530273,3,never,0,,3,1,1,1,2,1,2,1,0
80,2,1,3,5,3,1,0,3,0,yes,1,0,0,2,0,,0,1,0,1,2,no,35.020000457763672,4,never,0,,3,1,2,0,,1,,1,0
69,2,1,5,5,1,1,0,3,0,yes,1,0,0,2,0,,0,0,0,1,1,no,35.430000305175781,4,never,0,,3,1,2,0,,1,,1,0
53,1,1,4,8,2,1,0,1,0,yes,2,0,0,2,0,,0,0,0,0,2,no,28.889999389648438,3,current_every_day,1,1,3,4,1,4.2857141494750977,4,2,7,1,0
19,2,5,3,1,5,2,0,9,1,no,1,0,0,2,,,0,0,0,0,2,no,34.869998931884766,4,former,1,3,3,2,1,2,2,1,3,1,0
63,1,5,4,4,2,1,0,10,0,yes,1,0,0,2,0,,0,0,0,0,2,no,33.720001220703125,4,former,1,3,3,4,1,2,2,1,2,1,0
40,1,1,6,11,1,1,1,1,0,yes,2,0,0,2,1,2,0,0,0,0,2,no,27.200000762939453,3,never,0,,3,1,1,12.857142448425293,2,1,3,1,0
69,1,1,5,8,1,1,0,1,0,no,1,1,1,1,0,,0,0,0,0,2,no,21.930000305175781,2,former,1,3,3,1,1,12.857142448425293,1,1,1,1,0
80,1,1,6,11,1,1,0,3,0,no,1,0,0,2,0,,1,1,0,0,1,no,21.409999847412109,2,former,1,3,3,1,1,20,1,1,2,1,0
25,1,1,4,1,5,2,0,5,0,no,2,0,0,2,0,,0,0,0,0,2,no,29.530000686645508,3,never,0,,3,1,1,2,1,1,3,1,0
75,2,2,6,7,5,2,0,3,0,no,2,0,1,1,0,,0,0,0,0,1,no,19.420000076293945,2,never,0,,3,1,2,0,,1,,1,0
40,1,1,6,10,1,1,1,1,0,no,,0,0,2,1,1,0,0,0,0,2,no,23.059999465942383,2,never,0,,3,1,1,8,4,2,8,1,0
70,1,1,6,7,1,1,0,3,0,yes,1,0,0,2,0,,0,0,0,0,2,no,27.260000228881836,3,former,1,3,3,1,2,0,,1,,1,0
70,2,1,4,2,2,1,0,3,0,yes,1,0,0,2,0,,0,0,0,0,1,no,24.209999084472656,2,current_every_day,1,1,3,1,2,0,,1,,1,0
70,2,5,5,1,3,1,0,3,0,yes,1,0,0,2,0,,0,0,0,0,1,diabetes,21.940000534057617,2,never,0,,3,1,2,0,,1,,1,0
47,1,2,3,4,5,2,0,88,0,no,2,0,0,2,0,,0,0,0,0,2,no,35.439998626708984,4,never,0,,1,1,1,12,5,2,8,1,0
56,2,1,4,9,1,1,0,1,0,no,2,0,0,2,0,,0,0,0,0,1,no,29.120000839233398,3,former,1,3,3,1,1,8,2,1,2,1,0
80,2,1,4,,3,1,0,3,0,no,1,0,0,2,0,,0,1,0,0,1,no,26.129999160766602,3,never,0,,3,1,2,0,,1,,1,0
69,1,1,6,9,3,2,0,1,0,yes,2,0,0,2,0,,0,0,0,0,1,no,26.290000915527344,3,never,0,,3,1,1,12,2,1,2,1,0
47,1,5,2,7,4,2,3,1,1,yes,,0,0,2,0,,0,0,0,0,2,diabetes,33.909999847412109,4,never,0,,3,1,2,0,,1,,1,0
80,1,6,6,,3,1,0,3,0,no,1,0,0,2,1,1,0,0,0,0,1,no,35.439998626708984,4,former,1,3,3,1,2,0,,1,,1,0
50,1,1,6,11,1,1,0,1,0,yes,2,0,0,2,0,,1,1,0,0,2,no,27.979999542236328,3,never,0,,3,1,2,0,,1,,1,0
79,2,1,4,5,3,2,0,3,0,no,2,0,0,2,1,1,0,0,1,0,1,diabetes,25.610000610351562,3,never,0,,3,1,2,0,,1,,1,0
29,1,1,6,10,6,2,0,1,1,yes,1,0,0,2,1,1,0,0,0,0,2,no,28.190000534057617,3,never,0,,3,4,1,8.5714282989501953,1,1,1,1,0
24,2,2,5,7,5,2,0,2,0,no,2,0,0,2,1,1,0,0,0,0,2,no,25.389999389648438,3,,,,,,,,,,,,0
65,1,1,5,7,1,1,0,3,0,yes,1,0,0,2,0,,1,0,0,0,2,no,29.760000228881836,3,former,1,3,3,1,1,4.2857141494750977,8,2,10,1,0
24,2,1,6,,6,2,0,1,0,no,2,0,0,2,0,,0,0,0,0,2,no,28.700000762939453,3,former,1,3,3,4,1,1,1,1,2,1,0
56,1,5,6,10,1,1,0,1,0,yes,1,0,0,2,0,,0,0,0,0,1,no,24.659999847412109,2,never,0,,3,1,2,0,,1,,1,0
69,2,1,6,9,1,1,0,3,0,no,2,0,0,2,0,,0,0,0,0,1,no,20.600000381469727,2,former,1,3,3,1,1,20,1,1,2,1,0
78,2,1,4,,3,,0,,0,yes,2,0,0,2,0,,0,0,0,0,2,no,23.489999771118164,2,never,0,,3,1,2,0,,1,,1,0
52,2,5,4,,1,1,0,2,0,yes,1,0,0,2,0,,0,0,0,0,2,no,27.520000457763672,3,never,0,,3,1,2,0,,1,,1,0
55,1,1,4,10,1,1,0,1,0,yes,1,0,0,2,0,,0,0,0,0,2,no,33.720001220703125,4,former,1,3,3,1,1,3,5,2,12,1,0
57,2,2,6,8,1,1,0,9,0,yes,1,0,0,2,0,,0,0,0,1,1,diabetes,37.939998626708984,4,never,0,,3,1,2,0,,1,,1,0
60,2,1,5,,5,1,0,3,0,yes,2,0,0,2,1,1,0,0,0,0,1,diabetes,54.680000305175781,4,never,0,,3,1,2,0,,1,,1,0
57,2,1,6,6,2,1,0,10,0,no,2,0,0,2,0,,0,0,0,0,1,no,30.379999160766602,4,never,0,,3,1,1,30,1,1,3,1,0
44,2,1,5,11,1,1,2,1,0,yes,2,0,0,2,1,1,0,0,0,0,2,gestational_only,30.610000610351562,4,former,1,3,3,1,1,4.2857141494750977,5,2,6,1,0
63,2,1,4,8,1,1,0,10,0,yes,2,0,0,2,0,,0,0,0,1,1,no,27.440000534057617,3,never,0,,3,1,2,0,,1,,1,0
76,2,1,6,9,1,1,0,3,0,no,1,0,0,2,0,,0,0,0,0,2,no,24.409999847412109,2,never,0,,3,1,2,0,,1,,1,0
59,2,1,5,7,1,1,0,1,0,no,2,0,0,2,0,,0,0,0,0,1,no,27.209999084472656,3,former,1,3,3,1,2,0,,1,,1,0
32,2,1,5,8,1,1,2,1,0,no,2,0,0,2,0,,0,0,0,0,2,no,29.850000381469727,3,never,0,,3,4,1,2,2,2,4,1,0
80,2,1,6,,3,1,0,3,0,yes,2,0,0,2,0,,0,0,0,0,1,no,29.260000228881836,3,former,1,3,3,1,1,21,1,1,2,1,0
63,1,1,6,11,1,1,0,1,0,no,1,0,0,2,0,,0,0,0,0,2,no,28.799999237060547,3,never,0,,3,1,1,5,3,1,4,1,0
74,2,1,5,,1,1,0,,1,no,,0,0,2,0,,0,0,0,0,2,no,,,never,0,,3,1,2,0,,1,,1,1
68,1,1,4,6,1,1,0,3,0,yes,1,1,1,1,0,,0,0,0,0,2,no,25.090000152587891,3,former,1,3,3,1,2,0,,1,,1,0
53,2,1,,,1,1,0,,0,yes,1,0,0,2,0,,0,0,0,0,1,no,,,never,0,,3,1,1,1,1,1,1,1,1
77,2,1,2,,2,1,0,,0,,2,0,0,2,1,1,0,0,1,1,1,no,20.120000839233398,2,never,0,,3,1,2,0,,1,,1,0
21,1,5,5,,5,1,1,,0,no,,0,0,2,0,,0,0,0,0,2,no,22.5,2,never,0,,3,1,2,0,,1,,1,0
76,2,1,6,,4,2,0,3,0,no,1,0,0,2,0,,0,1,0,0,1,no,23.399999618530273,2,former,1,3,3,1,1,30,2,1,2,2,0
56,2,1,5,,1,1,0,3,0,yes,1,0,0,2,0,,0,0,0,0,1,no,32.610000610351562,4,never,0,,3,3,2,0,,1,,1,0
80,1,1,4,7,1,1,0,3,0,yes,,1,1,1,0,,0,1,0,0,2,diabetes,20.670000076293945,2,never,0,,3,1,1,21.428571701049805,1,1,1,1,0
57,2,1,6,9,2,1,0,1,0,no,2,0,0,2,0,,0,0,0,0,2,no,26.370000839233398,3,current_every_day,1,1,3,1,2,0,,1,,1,0
41,2,1,4,6,1,2,0,1,0,no,2,0,0,2,0,,0,0,1,0,1,no,24.030000686645508,2,current_every_day,1,1,2,1,2,0,,1,,1,0
62,2,2,6,9,5,1,0,9,0,yes,2,0,0,2,0,,0,0,0,0,1,no,26.149999618530273,3,never,0,,3,1,1,5,1,1,2,1,0
68,1,1,6,11,2,2,0,3,0,no,1,0,0,2,0,,1,0,0,0,1,no,24.409999847412109,2,former,1,3,3,4,2,0,,1,,1,0
79,2,1,6,3,3,1,0,3,0,yes,1,0,0,2,0,,0,0,0,0,2,no,25.790000915527344,3,never,0,,3,1,2,0,,1,,1,0
63,1,1,6,4,5,1,0,10,0,no,2,0,0,2,0,,0,0,0,0,2,no,27.120000839233398,3,never,0,,3,1,1,21.428571701049805,3,1,3,2,0
54,2,1,5,3,2,2,0,3,0,yes,1,0,0,2,0,,0,1,0,0,1,prediabetes,38.009998321533203,4,former,1,3,3,4,2,0,,1,,1,0
23,1,6,4,6,1,2,4,3,0,no,,0,0,2,1,1,0,0,0,0,2,no,26.450000762939453,3,never,0,,3,1,2,0,,1,,1,0
80,2,1,5,5,3,1,0,3,0,no,2,0,0,2,0,,0,0,0,0,1,no,23.030000686645508,2,never,0,,3,1,1,7,1,1,2,1,0
42,2,5,6,9,1,1,3,2,0,pregnancy_only,2,0,0,2,0,,0,0,0,0,2,no,29.760000228881836,3,never,0,,3,1,1,1,1,1,1,1,0
78,2,1,6,7,5,1,0,1,0,yes,1,1,1,1,0,,1,1,0,0,2,diabetes,35.430000305175781,4,never,0,,3,1,2,0,,1,,1,0
70,2,1,5,8,1,1,2,3,0,no,1,1,1,1,0,,0,0,0,0,2,no,35.150001525878906,4,current_every_day,1,1,3,4,2,0,,1,,1,0
30,2,1,6,8,5,2,0,1,0,no,2,0,0,2,1,1,0,0,0,0,1,no,22.860000610351562,2,never,0,,3,1,2,0,,1,,1,0
27,1,1,6,8,5,1,1,88,0,no,2,0,0,2,0,,0,0,0,0,2,no,33.799999237060547,4,never,0,,3,1,2,0,,1,,1,0
23,1,1,4,,6,2,0,2,1,yes,2,0,0,2,0,,0,0,1,0,1,no,24.409999847412109,2,current_every_day,1,1,2,2,1,4.2857141494750977,2,1,1,1,0
27,1,1,4,5,5,2,0,1,1,yes,,0,0,2,0,,0,0,0,0,2,no,22.959999084472656,2,current_every_day,1,1,3,4,2,0,,1,,1,0
49,1,1,3,5,2,1,0,2,0,no,1,0,0,2,0,,0,0,0,0,2,no,25.110000610351562,3,former,1,3,3,1,1,5,1,1,1,1,0
66,2,1,3,3,3,2,0,2,0,yes,1,0,0,2,0,,0,0,0,0,2,diabetes,18.790000915527344,2,never,0,,3,1,1,2,2,1,2,1,0
55,1,1,5,6,1,1,1,1,0,no,2,0,0,2,0,,0,0,0,0,2,no,26.760000228881836,3,never,0,,3,1,2,0,,1,,1,0
80,2,1,6,,1,1,0,3,0,no,1,0,0,2,0,,1,1,0,0,1,no,21.579999923706055,2,never,0,,3,1,1,16,1,1,2,1,0
75,1,1,6,7,1,1,0,3,0,yes,2,,0,,0,,0,1,0,0,2,no,29.649999618530273,3,never,0,,3,1,1,2,1,1,1,1,0
72,2,4,2,4,3,2,0,5,1,yes,1,0,0,2,0,,0,1,1,0,1,prediabetes,22.510000228881836,2,former,1,3,1,1,2,0,,1,,1,0
52,2,1,6,9,1,1,0,1,0,no,2,0,0,2,0,,0,0,0,0,2,no,23.909999847412109,2,never,0,,3,1,1,4.2857141494750977,1,1,2,1,0
65,1,2,4,3,2,2,0,3,0,no,2,0,0,2,0,,0,0,0,0,2,no,27.120000839233398,3,current_every_day,1,1,3,1,,,,,,,0
80,2,1,4,,1,1,0,3,0,yes,1,0,0,2,0,,0,0,0,0,1,no,24.979999542236328,2,,,,,,,,,,,,0
50,2,1,6,9,1,1,3,1,0,yes,2,0,0,2,0,,0,0,0,0,1,no,43.270000457763672,4,former,1,3,3,1,1,4.2857141494750977,1,1,1,1,0
69,1,1,6,,1,1,0,3,0,no,1,0,0,2,0,,1,1,0,0,1,diabetes,23.75,2,never,0,,3,1,2,0,,1,,1,0
74,2,1,6,,3,1,0,2,0,yes,1,1,1,1,0,,0,1,0,0,1,diabetes,23.209999084472656,2,former,1,3,3,1,2,0,,1,,1,0
41,1,5,6,,5,,0,1,0,no,2,0,0,2,0,,0,0,0,0,2,no,23.129999160766602,2,never,0,,3,3,1,8,3,2,12,1,0
80,1,1,5,,3,1,0,3,0,yes,2,0,0,2,0,,0,1,1,0,1,no,27.600000381469727,3,former,1,3,3,1,1,4.2857141494750977,1,1,1,1,0
32,1,1,5,,5,3,0,88,1,no,2,0,0,2,0,,0,0,0,0,2,no,39.580001831054688,4,never,0,,3,1,1,4,3,2,,1,0
69,1,1,4,9,1,1,0,,0,yes,2,0,0,2,1,1,0,0,0,0,1,prediabetes,36.020000457763672,4,former,1,3,3,1,1,30,1,2,5,1,0
80,2,1,6,9,1,1,0,3,0,yes,2,0,0,2,0,,0,0,0,0,1,no,27.979999542236328,3,never,0,,3,1,1,25,1,1,1,1,0
41,2,1,6,9,1,1,1,1,0,no,2,0,0,2,0,,0,0,0,0,2,no,30.180000305175781,4,former,1,3,3,1,2,0,,1,,1,0
41,2,5,3,4,1,2,4,88,1,yes,2,0,0,2,0,,0,0,0,0,2,no,26.75,3,never,0,,3,1,2,0,,1,,1,0
33,1,1,6,6,6,1,0,2,0,yes,,0,0,2,1,2,0,0,0,0,2,no,37.970001220703125,4,current_every_day,1,1,3,4,1,12.857142448425293,8,2,15,2,0
57,1,1,6,7,1,1,0,1,1,yes,1,0,0,2,0,,0,1,0,0,1,no,24.389999389648438,2,never,0,,3,1,1,20,2,1,4,1,0
80,1,1,4,,3,1,0,3,0,yes,1,0,0,2,0,,1,0,0,0,2,prediabetes,34.330001831054688,4,former,1,3,3,1,1,1,1,1,1,1,0
51,2,5,6,4,2,2,0,1,0,yes,1,0,0,2,0,,0,0,0,0,2,diabetes,20.370000839233398,2,never,0,,3,1,2,0,,1,,1,0
21,2,2,4,6,5,2,0,1,0,no,2,0,0,2,1,1,0,0,0,0,2,no,42.909999847412109,4,never,0,,3,1,2,0,,1,,1,0
57,2,2,5,6,2,2,0,5,1,yes,2,0,0,2,0,,0,0,0,0,1,diabetes,37.439998626708984,4,never,0,,3,4,1,1,1,1,1,1,0
44,1,5,5,3,2,2,0,88,0,no,2,0,0,2,0,,0,0,0,0,2,no,35.150001525878906,4,former,1,3,3,4,1,4.2857141494750977,6,2,8,1,0
80,2,1,6,10,1,1,0,3,0,yes,2,0,0,2,0,,0,0,0,0,2,no,20.5,2,never,0,,3,1,2,0,,1,,1,0
35,2,1,5,6,1,2,5,1,0,no,2,0,0,2,0,,0,0,0,0,2,no,,,never,0,,3,1,2,0,,1,,1,1
71,2,1,4,7,1,1,0,3,0,yes,2,0,0,2,0,,0,1,0,0,2,no,20.979999542236328,2,never,0,,3,1,2,0,,1,,1,0
21,1,5,6,6,5,2,3,1,0,no,2,0,0,2,1,1,0,0,0,0,2,no,25.850000381469727,3,never,0,,3,1,2,0,,1,,1,0
68,2,5,5,7,3,3,1,3,0,yes,2,0,0,2,1,1,0,1,1,0,1,no,31.889999389648438,4,never,0,,3,4,2,0,,1,,1,0
62,1,1,5,,1,1,4,1,0,yes,1,0,0,2,0,,0,0,0,0,2,no,,,former,1,3,3,1,2,0,,1,,1,1
65,2,1,6,5,1,1,1,3,0,no,1,0,0,2,0,,0,0,0,0,1,no,31.319999694824219,4,never,0,,3,4,2,0,,1,,1,0
40,2,5,5,11,2,1,1,1,0,no,2,0,0,2,0,,0,0,0,0,2,no,32.770000457763672,4,never,0,,3,1,2,0,,1,,1,0
58,2,1,6,7,3,1,0,1,0,no,2,0,0,2,0,,0,0,0,0,2,no,25.229999542236328,3,former,1,3,3,1,2,0,,1,,1,0
58,1,1,4,9,1,1,0,1,0,no,,0,0,2,0,,0,0,0,0,2,no,26.579999923706055,3,never,0,,3,1,,,,,,,0
21,1,2,5,5,5,2,0,10,0,no,2,0,0,2,0,,0,0,0,0,2,no,24.139999389648438,2,never,0,,3,1,1,8.5714282989501953,1,1,1,1,0
63,2,1,6,8,1,1,0,9,0,yes,1,0,0,2,1,2,0,0,0,0,2,no,27.440000534057617,3,never,0,,3,1,1,17.142856597900391,1,1,2,1,0
30,2,1,6,9,6,1,0,1,0,no,2,0,0,2,0,,0,0,0,0,2,no,23.620000839233398,2,never,0,,3,1,1,3,1,1,2,1,0
72,1,6,5,3,1,1,0,3,0,yes,1,1,1,1,1,1,0,0,1,0,1,no,22.959999084472656,2,current_every_day,1,1,3,1,2,0,,1,,1,0
80,1,1,5,,3,1,0,1,0,no,,0,0,2,0,,0,0,0,0,2,no,16.5,1,current_every_day,1,1,3,4,1,30,1,1,1,1,0
24,2,5,2,,6,2,1,88,1,no,,0,0,2,0,,0,0,0,0,2,no,,,never,0,,3,1,2,0,,1,,1,1
32,1,5,4,5,5,2,1,88,1,no,2,0,0,2,0,,0,0,0,0,2,no,31.620000839233398,4,current_every_day,1,1,3,4,1,4.2857141494750977,5,2,10,1,0
78,1,1,6,5,1,1,0,3,0,no,2,0,0,2,0,,0,0,0,0,2,no,19.010000228881836,2,never,0,,3,1,2,0,,1,,1,0
80,2,1,4,,1,1,0,3,0,yes,1,0,1,1,1,1,0,0,0,1,1,no,32.610000610351562,4,former,1,3,3,1,2,0,,1,,1,0
40,2,5,5,,1,1,1,1,0,no,2,0,0,2,0,,0,0,0,0,2,no,,,never,0,,3,4,2,0,,1,,1,1
51,1,1,6,9,1,1,0,2,0,no,2,0,0,2,1,2,0,0,0,0,2,no,32.639999389648438,4,never,0,,1,1,1,30,3,2,10,2,0
71,1,1,4,5,3,1,0,3,0,yes,1,1,0,1,0,,0,0,0,0,1,no,29.409999847412109,3,former,1,3,3,1,1,12.857142448425293,3,2,5,1,0
69,2,1,6,7,3,1,0,7,0,yes,1,0,0,2,0,,1,0,0,0,1,no,42.069999694824219,4,never,0,,3,1,2,0,,1,,1,0
74,2,1,6,,2,3,0,3,0,yes,2,0,0,2,1,2,0,0,0,1,1,no,26.219999313354492,3,former,1,3,3,1,2,0,,1,,1,0
42,2,4,5,6,5,1,0,1,0,no,2,0,0,2,0,,0,0,0,0,2,no,34.459999084472656,4,former,1,3,3,1,2,0,,1,,1,0
52,1,1,6,,2,1,0,1,0,yes,1,0,0,2,0,,1,0,0,0,1,no,29.530000686645508,3,former,1,3,3,3,1,12.857142448425293,2,2,5,1,0
80,1,1,4,6,1,1,0,3,0,yes,,1,0,1,0,,1,0,0,0,1,diabetes,26.790000915527344,3,former,1,3,3,4,2,0,,1,,1,0
36,1,5,4,1,5,,4,,1,no,2,1,,1,0,,0,0,0,0,2,no,33.639999389648438,4,current_every_day,1,1,3,2,,,,,,,0
23,2,1,6,6,5,2,0,1,0,no,,0,0,2,1,2,0,0,0,0,2,no,27.459999084472656,3,never,0,,3,1,1,4,1,1,1,1,0
43,2,1,6,11,1,1,0,1,0,no,1,0,0,2,1,1,0,0,1,0,2,no,24.979999542236328,2,former,1,3,3,4,2,0,,1,,1,0
58,1,1,6,9,1,1,1,2,0,no,2,0,0,2,0,,0,0,0,0,2,no,27.459999084472656,3,never,0,,3,1,2,0,,1,,1,0
20,1,1,4,5,5,,0,,0,no,2,0,0,2,0,,0,0,0,0,2,no,23.059999465942383,2,never,0,,3,4,2,0,,1,,1,0
28,2,1,4,5,5,2,0,88,0,no,,0,0,2,0,,0,0,0,0,2,no,36.310001373291016,4,never,0,,3,4,,,,,,,0
77,1,1,3,5,1,2,0,2,0,no,2,1,1,1,0,,0,0,1,0,2,no,27.260000228881836,3,current_some_days,1,2,3,4,2,0,,1,,1,0
44,1,1,6,9,5,2,0,2,0,yes,1,0,0,2,1,1,0,0,0,0,2,no,24.280000686645508,2,never,0,,3,1,1,15,3,2,9,1,0
31,1,1,6,7,1,2,2,7,0,no,2,0,0,2,0,,0,0,0,0,2,no,26.540000915527344,3,never,0,,3,1,2,0,,1,,1,0
72,2,1,6,2,5,1,0,3,0,no,,0,0,2,0,,0,0,0,0,1,no,22.809999465942383,2,former,1,3,1,2,2,0,,1,,1,0
37,2,1,6,7,5,3,0,2,0,no,2,0,0,2,0,,0,0,0,0,2,no,20.299999237060547,2,former,1,3,3,1,2,0,,1,,1,0
48,2,1,4,7,1,1,1,2,0,yes,1,0,0,2,0,,0,0,0,0,2,diabetes,29.379999160766602,3,former,1,3,3,1,1,1,2,1,2,1,0
46,2,1,5,9,1,1,1,2,0,no,2,0,0,2,0,,0,0,0,0,2,no,35.069999694824219,4,never,0,,3,1,2,0,,1,,1,0
56,1,5,3,4,1,2,0,1,0,no,2,0,0,2,0,,0,0,0,0,2,no,30.670000076293945,4,never,0,,3,1,2,0,,1,,1,0
33,2,3,6,11,1,1,0,1,0,no,1,0,0,2,0,,0,0,0,0,2,no,25.149999618530273,3,never,0,,3,1,1,1,1,1,1,1,0
80,1,1,4,5,3,1,0,7,0,yes,2,0,0,2,0,,1,0,0,0,1,no,24.629999160766602,2,never,0,,3,1,2,0,,1,,1,0
60,1,2,5,9,1,1,0,1,0,yes,1,0,0,2,0,,0,1,0,1,1,no,22.379999160766602,2,never,0,,3,4,2,0,,1,,1,0
72,1,2,3,7,1,2,0,3,0,yes,1,0,0,2,0,,0,0,0,0,1,diabetes,,,never,0,,3,1,2,0,,1,,1,1
52,2,1,5,5,6,1,0,10,1,no,,0,0,2,1,2,0,0,1,0,1,no,23.489999771118164,2,current_every_day,1,1,3,4,2,0,,1,,1,0
65,1,1,6,7,4,1,0,2,0,no,1,0,0,2,0,,1,1,0,0,1,no,23.110000610351562,2,former,1,3,3,1,2,0,,1,,1,0
49,1,1,4,5,6,1,2,3,0,yes,1,0,0,2,1,1,0,0,1,0,1,diabetes,38.279998779296875,4,former,1,3,3,4,2,0,,1,,1,0
44,2,1,5,,4,2,0,1,0,no,2,0,0,2,0,,0,0,0,0,2,no,34.330001831054688,4,former,1,3,3,1,1,20,2,2,6,2,0
80,2,1,5,4,3,2,0,1,0,yes,1,1,0,1,0,,0,0,0,0,2,no,23.209999084472656,2,never,0,,3,1,2,0,,1,,1,0
48,1,1,6,11,1,1,1,1,0,yes,2,0,0,2,0,,0,0,0,0,2,no,26.319999694824219,3,never,0,,3,1,2,0,,1,,1,0
59,2,1,5,,1,1,0,3,0,yes,1,1,0,1,1,1,0,0,1,0,2,diabetes,25.610000610351562,3,current_every_day,1,1,3,4,2,0,,1,,1,0
64,1,5,6,8,1,1,0,1,0,yes,1,0,0,2,0,,0,0,1,0,2,no,30.129999160766602,4,never,0,,3,1,1,8.5714282989501953,2,2,5,1,0
41,2,1,5,7,2,2,1,1,0,no,2,0,0,2,0,,0,0,0,0,2,no,38.090000152587891,4,never,0,,3,1,1,4.2857141494750977,1,1,2,1,0
34,1,3,6,9,4,2,0,1,0,no,,0,0,2,0,,0,0,0,0,2,no,27.120000839233398,3,former,1,3,3,1,1,4,4,2,6,1,0
26,2,2,6,9,5,1,0,1,0,no,2,0,0,2,0,,0,0,0,0,2,no,21.520000457763672,2,never,0,,3,1,2,0,,1,,1,0
80,1,1,6,11,1,1,0,3,0,no,1,1,0,1,0,,0,0,0,0,2,no,32.990001678466797,4,never,0,,3,1,1,5,1,1,1,1,0
68,1,1,4,7,1,1,0,3,0,yes,1,0,0,2,0,,1,0,0,0,2,no,24.389999389648438,2,current_some_days,1,2,2,4,2,0,,1,,1,0
56,1,5,2,4,1,3,0,88,0,no,2,0,0,2,0,,0,0,0,0,2,no,27.879999160766602,3,current_every_day,1,1,3,1,2,0,,1,,1,0
80,1,1,6,9,3,1,0,2,0,no,2,0,0,2,1,1,0,0,1,1,2,diabetes,32.779998779296875,4,former,1,3,3,1,1,8.5714282989501953,1,1,2,1,0
36,2,4,6,6,5,2,3,1,0,no,,0,0,2,0,,0,0,0,0,2,no,34.869998931884766,4,never,0,,3,1,2,0,,1,,1,0
35,2,1,5,7,5,2,0,1,0,no,2,0,0,2,1,1,0,0,0,0,2,no,24.030000686645508,2,former,1,3,3,4,,,,,,,0
73,2,1,,5,6,,5,,1,no,2,1,0,1,0,,1,0,1,1,1,diabetes,24.969999313354492,2,former,1,3,1,1,1,1,10,2,,1,0
57,1,1,6,,1,1,0,3,0,yes,2,0,0,2,0,,0,0,0,0,2,no,31,4,never,0,,3,1,2,0,,1,,1,0
57,2,1,4,6,1,1,0,5,0,no,2,0,0,2,0,,0,0,0,0,1,diabetes,34.009998321533203,4,never,0,,3,1,2,0,,1,,1,0
80,1,2,3,,1,1,0,1,0,,2,0,0,2,0,,0,0,0,0,1,no,25.540000915527344,3,never,0,,3,1,2,0,,1,,1,0
49,1,1,4,7,6,1,0,5,0,no,2,0,0,2,1,1,0,0,0,0,1,no,25.770000457763672,3,former,1,3,3,1,1,30,2,2,6,1,0
23,1,1,6,4,5,3,1,1,0,no,,0,0,2,0,,0,0,0,0,2,no,20.670000076293945,2,never,0,,3,4,1,30,4,2,10,2,0
65,2,1,4,6,1,1,0,1,0,yes,1,0,0,2,0,,0,0,0,1,1,no,41.630001068115234,4,former,1,3,3,1,2,0,,1,,1,0
74,1,1,4,,2,1,,3,1,no,,0,0,2,0,,0,0,0,0,1,no,,,,,,,,,,,,,,1
21,1,1,5,5,5,2,0,,0,no,,0,0,2,0,,0,0,0,0,2,no,31.959999084472656,4,never,0,,3,2,1,12.857142448425293,2,2,8,1,0
80,2,2,6,9,5,1,0,2,0,no,1,0,0,2,0,,0,0,0,0,2,no,29.229999542236328,3,never,0,,3,1,2,0,,1,,1,0
67,2,1,5,,1,2,2,3,0,no,1,0,0,2,1,1,0,0,0,0,2,no,20.600000381469727,2,never,0,,3,1,2,0,,1,,1,0
80,1,1,5,8,3,1,0,3,0,no,2,1,0,1,0,,0,0,0,0,1,diabetes,25.100000381469727,3,former,1,3,3,1,2,0,,1,,1,0
51,2,1,6,11,1,1,0,1,0,yes,1,0,0,2,0,,0,0,0,0,2,no,28.190000534057617,3,former,1,3,3,1,2,0,,1,,1,0
46,2,5,6,9,1,1,1,1,0,no,2,0,0,2,0,,0,0,0,0,2,no,33.319999694824219,4,never,0,,3,1,1,4.2857141494750977,5,2,4,1,0
29,2,1,4,,4,2,1,9,0,no,,0,0,2,1,,0,0,0,0,2,no,23.030000686645508,2,never,0,,3,1,2,0,,1,,1,0
54,2,1,4,7,2,1,0,1,0,no,1,0,0,2,0,,,0,0,0,2,no,25.610000610351562,3,current_every_day,1,1,3,1,,,,,,,0
31,2,5,4,4,5,1,0,5,0,no,2,0,0,2,0,,0,0,0,0,2,no,29.620000839233398,3,never,0,,3,1,2,0,,1,,1,0
80,2,1,5,6,3,1,0,3,0,no,1,0,0,2,0,,0,0,0,0,1,no,28.350000381469727,3,never,0,,3,1,2,0,,1,,1,0
70,2,1,4,7,1,1,0,3,0,no,2,0,0,2,0,,0,0,0,0,1,no,25.389999389648438,3,never,0,,3,1,2,0,,1,,1,0
63,1,1,4,6,5,2,0,7,0,no,1,0,0,2,0,,0,0,0,0,2,no,41.200000762939453,4,never,0,,3,1,2,0,,1,,1,0
27,1,1,6,11,6,2,0,1,0,no,2,0,0,2,0,,0,0,0,0,2,no,24.909999847412109,2,never,0,,3,4,1,10,1,1,3,1,0
76,2,2,2,6,3,1,1,3,0,yes,2,0,0,2,0,,0,0,0,0,1,diabetes,31.020000457763672,4,never,0,,3,1,2,0,,1,,1,0
80,2,1,6,6,3,2,0,3,0,yes,2,0,0,2,0,,0,1,0,1,1,diabetes,17.139999389648438,1,former,1,3,3,1,1,4.2857141494750977,1,1,1,1,0
80,1,1,3,5,2,1,0,3,0,yes,1,0,0,2,0,,0,0,0,0,1,no,25.829999923706055,3,former,1,3,3,4,,,,,,,0
39,2,5,6,10,1,1,2,7,0,no,2,0,0,2,1,1,0,0,0,1,2,diabetes,35.430000305175781,4,never,0,,3,1,1,3,1,1,1,1,0
50,2,2,6,9,5,2,0,1,0,yes,1,0,0,2,1,2,0,0,1,0,1,no,28.190000534057617,3,never,0,,3,1,1,6,2,1,3,1,0
80,2,1,6,8,3,1,0,3,0,yes,2,0,0,2,0,,1,1,0,0,1,diabetes,24.959999084472656,2,never,0,,3,1,2,0,,1,,1,0
18,2,2,4,10,5,,0,,0,no,2,0,0,2,0,,0,0,0,0,2,no,21.290000915527344,2,never,0,,3,1,2,0,,1,,1,0
80,2,1,6,7,1,1,0,3,0,no,2,0,0,2,0,,0,1,0,0,2,no,19.739999771118164,2,never,0,,3,1,1,4.2857141494750977,1,1,1,1,0
75,1,1,3,6,1,1,0,3,0,yes,1,0,0,2,0,,0,0,0,0,1,no,28.700000762939453,3,former,1,3,3,1,1,1,1,1,3,1,0
53,2,1,6,3,3,1,0,3,0,yes,2,0,0,2,1,1,1,0,0,0,1,no,34.950000762939453,4,never,0,,3,4,1,3,2,1,3,1,0
23,2,5,4,7,1,2,2,1,1,no,,0,0,2,0,,0,0,0,0,2,no,23.909999847412109,2,never,0,,3,4,2,0,,1,,1,0
52,2,1,6,11,2,1,0,2,0,no,1,0,0,2,0,,0,0,0,0,1,no,32.009998321533203,4,former,1,3,3,1,1,15,2,2,4,1,0
29,2,5,6,,1,1,2,2,0,no,2,0,0,2,0,,0,0,0,0,2,no,26.260000228881836,3,never,0,,3,4,1,12.857142448425293,1,1,2,1,0
49,2,1,5,10,1,1,0,1,0,no,2,0,0,2,0,,0,0,0,0,2,no,28.190000534057617,3,former,1,3,3,1,1,20,1,1,3,1,0
47,1,1,4,7,1,1,0,,0,yes,,0,0,2,0,,0,0,0,0,2,no,35.939998626708984,4,former,1,3,3,,1,8.5714282989501953,2,2,6,1,0
65,1,1,5,6,1,1,0,1,0,yes,1,0,0,2,0,,0,0,0,0,2,no,40.689998626708984,4,former,1,3,3,1,1,2,1,1,2,1,0
75,2,1,5,3,2,1,0,3,0,yes,1,0,0,2,0,,0,0,0,0,1,no,24.329999923706055,2,former,1,3,3,1,1,3,1,1,1,1,0
79,2,1,6,7,1,1,0,3,0,no,2,0,0,2,0,,0,0,0,0,2,no,22.309999465942383,2,never,0,,3,1,2,0,,1,,1,0
47,2,1,6,7,5,1,0,1,0,no,2,0,0,2,0,,0,0,0,0,1,no,,,,,,,,,,,,,,1
60,2,1,6,5,2,3,0,10,0,yes,2,0,0,2,0,,0,0,0,0,1,diabetes,28.739999771118164,3,never,0,,3,1,2,0,,1,,1,0
25,2,5,6,10,5,3,0,1,0,no,2,0,0,2,0,,0,0,0,0,2,no,24.559999465942383,2,never,0,,3,4,2,0,,1,,1,0
38,2,1,6,7,2,2,0,1,0,no,1,0,0,2,1,1,0,0,0,1,1,no,,,former,1,3,3,4,2,0,,1,,1,1
78,1,1,6,8,1,1,0,3,0,yes,1,0,0,2,0,,0,0,0,0,1,diabetes,30.270000457763672,4,never,0,,3,1,1,8.5714282989501953,1,1,1,1,0
75,2,1,6,5,3,1,0,3,0,yes,2,0,1,1,0,,0,1,0,0,2,diabetes,,,former,1,3,3,4,2,0,,1,,1,1
52,1,1,6,9,5,1,0,,0,no,2,0,0,2,0,,0,0,0,0,2,no,34.209999084472656,4,never,0,,3,1,2,0,,1,,1,0
66,2,1,6,8,5,1,0,3,0,yes,2,0,0,2,0,,0,0,0,0,1,no,23.299999237060547,2,,,,,,,,,,,,0
55,2,1,4,,1,1,0,1,0,no,2,0,0,2,0,,0,0,0,0,2,no,21.260000228881836,2,never,0,,3,1,2,0,,1,,1,0
56,2,5,4,,1,1,0,5,0,yes,1,0,0,2,1,1,0,1,0,0,1,diabetes,34.389999389648438,4,never,0,,3,1,2,0,,1,,1,0
44,1,6,6,11,1,3,0,88,0,yes,2,0,0,2,0,,0,0,0,0,2,no,28.479999542236328,3,never,0,,3,1,2,0,,1,,1,0
24,1,1,6,7,5,2,0,,0,no,,0,0,2,0,,0,0,0,0,2,no,27.260000228881836,3,,,,2,2,1,8.5714282989501953,6,2,,1,0
67,1,1,5,9,1,1,0,3,0,no,2,0,0,2,1,1,0,0,1,0,2,diabetes,21.110000610351562,2,former,1,3,3,1,1,2,2,1,2,1,0
78,1,4,5,6,3,1,0,3,0,yes,1,0,0,2,0,,0,0,1,0,1,no,23.059999465942383,2,former,1,3,2,1,1,17.142856597900391,2,2,1,1,0
49,2,3,4,1,5,2,0,5,0,yes,1,0,0,2,0,,0,0,0,0,2,no,18.879999160766602,2,former,1,3,3,1,2,0,,1,,1,0
74,1,2,3,,2,2,0,3,0,yes,1,1,0,1,0,,0,0,1,0,2,no,25.629999160766602,3,current_some_days,1,2,3,1,1,3,,,,,0
64,1,1,5,7,1,1,0,2,0,no,2,0,0,2,0,,0,0,0,0,1,no,39.049999237060547,4,former,1,3,3,4,2,0,,1,,1,0
56,1,1,6,8,1,1,0,1,0,no,2,0,0,2,0,,0,0,0,0,1,no,24.340000152587891,2,never,0,,3,1,1,12.857142448425293,1,1,2,1,0
69,1,1,5,,1,1,0,3,0,yes,1,0,,,0,,0,0,1,1,2,diabetes,32.729999542236328,4,former,1,3,3,2,2,0,,1,,1,0
61,2,1,6,,1,1,0,3,0,,2,0,0,2,0,,0,,0,0,1,diabetes,,,current_some_days,1,2,3,1,1,1,1,1,2,1,1
61,2,1,4,6,5,1,0,9,1,yes,1,0,0,2,1,2,0,0,0,0,1,diabetes,37.590000152587891,4,former,1,3,3,4,2,0,,1,,1,0
60,2,4,4,10,5,1,2,8,0,yes,,0,0,2,0,,0,0,0,0,2,no,,,never,0,,3,1,2,0,,1,,1,1
45,2,1,4,10,5,1,1,1,0,no,2,0,0,2,0,,0,0,0,0,2,no,,,,,,,,,,,,,,1
46,1,2,4,7,1,1,3,1,0,no,2,0,0,2,0,,0,0,0,0,2,no,25.829999923706055,3,never,0,,3,1,2,0,,1,,1,0
54,2,1,6,7,3,1,0,1,1,yes,1,0,0,2,0,,0,0,0,0,1,diabetes,,,former,1,3,3,1,1,1,1,1,1,1,1
49,2,5,6,6,5,2,0,1,0,yes,1,0,0,2,1,1,0,0,0,0,1,no,36.580001831054688,4,never,0,,3,1,2,0,,1,,1,0
80,1,1,4,,3,1,0,3,0,no,2,0,0,2,0,,0,0,0,0,2,no,27.860000610351562,3,,,,,,,,,,,,0
77,1,6,5,6,2,1,0,3,0,yes,1,0,0,2,0,,0,0,0,0,1,no,27.260000228881836,3,former,1,3,3,1,2,0,,1,,1,0
67,1,1,6,8,1,1,0,3,0,yes,1,0,0,2,0,,0,0,0,0,1,no,32.549999237060547,4,former,1,3,3,1,1,30,1,1,3,1,0
51,1,1,5,8,1,1,0,1,0,no,2,0,0,2,0,,0,0,0,0,2,no,29.049999237060547,3,former,1,3,3,1,1,20,7,2,12,2,0
33,2,2,6,7,1,2,2,1,1,no,2,0,0,2,0,,0,0,0,0,2,no,42.770000457763672,4,never,0,,3,1,2,0,,1,,1,0
70,2,1,5,7,1,1,0,3,0,yes,1,0,0,2,0,,0,0,0,0,2,no,29.180000305175781,3,former,1,3,3,1,2,0,,1,,1,0
54,1,6,4,1,5,1,0,88,1,yes,1,1,0,1,0,,0,0,0,0,1,diabetes,19.790000915527344,2,former,1,3,3,4,2,0,,1,,1,0
70,2,1,6,6,3,1,0,3,0,no,2,0,0,2,1,1,0,0,0,0,2,no,24.690000534057617,2,never,0,,3,1,2,0,,1,,1,0
47,2,1,6,11,1,1,2,1,0,no,2,0,0,2,0,,0,0,0,0,2,no,25.829999923706055,3,never,0,,3,1,1,12.857142448425293,1,1,2,1,0
43,1,1,6,11,1,1,2,2,0,yes,2,0,0,2,0,,0,0,0,0,2,no,33.380001068115234,4,former,1,3,3,1,1,12.857142448425293,3,2,6,1,0
24,2,6,4,8,5,2,0,5,1,no,2,0,0,2,1,1,0,0,0,0,2,no,24.959999084472656,2,never,0,,3,1,1,3,3,1,3,1,0
50,2,1,5,,1,1,,2,0,yes,2,0,0,2,0,,0,0,0,0,1,no,,,,,,,,,,,,,,1
27,1,1,4,8,5,2,0,1,1,no,2,0,0,2,0,,0,0,0,0,2,no,28.969999313354492,3,never,0,,3,1,2,0,,1,,1,0
60,1,1,6,10,1,1,0,1,0,no,1,0,0,2,0,,0,0,0,0,2,no,25.770000457763672,3,never,0,,3,1,1,21.428571701049805,2,1,4,1,0
32,2,2,4,7,5,2,2,1,0,no,2,0,0,2,1,1,0,0,0,0,1,no,29.120000839233398,3,never,0,,3,1,1,4.2857141494750977,2,1,2,1,0
46,2,6,6,9,1,1,2,1,0,no,,0,0,2,0,,0,0,0,0,2,no,29.180000305175781,3,never,0,,3,1,1,4.2857141494750977,1,1,1,1,0
77,2,1,6,10,1,1,0,3,0,yes,1,0,1,1,0,,1,0,0,0,2,no,28.340000152587891,3,former,1,3,3,4,1,30,2,1,2,2,0
42,2,1,6,9,1,1,4,1,0,no,2,0,0,2,0,,0,0,0,0,2,no,24.690000534057617,2,never,0,,3,1,1,2,2,1,2,1,0
75,2,1,6,7,1,1,0,1,0,no,1,1,0,1,0,,1,1,0,0,1,diabetes,29.700000762939453,3,former,1,3,3,1,1,1,2,1,2,1,0
80,1,1,4,3,3,1,0,2,0,yes,1,1,0,1,0,,0,0,0,0,1,no,26.629999160766602,3,never,0,,3,4,2,0,,1,,1,0
77,2,1,6,8,1,1,0,3,0,no,2,0,0,2,0,,0,0,0,0,2,no,,,never,0,,3,1,2,0,,1,,1,1
48,1,1,5,8,6,2,0,1,0,yes,2,0,0,2,0,,0,0,0,0,1,no,31.930000305175781,4,current_every_day,1,1,3,4,1,30,5,2,30,2,0
32,1,1,4,11,1,1,1,1,0,no,,0,0,2,0,,0,0,0,0,2,no,24.409999847412109,2,never,0,,3,1,1,3,2,1,2,1,0
45,1,1,6,10,1,1,2,1,0,no,2,0,0,2,0,,0,0,0,0,2,no,21.940000534057617,2,never,0,,3,1,1,10,1,1,3,1,0
60,1,1,6,10,1,1,0,1,0,yes,1,0,1,1,1,1,1,1,0,0,2,no,28.700000762939453,3,former,1,3,3,4,1,8.5714282989501953,2,1,2,1,0
29,2,1,5,4,5,2,0,3,0,no,,0,0,2,0,,0,0,0,0,2,no,20.25,2,never,0,,3,1,1,17.142856597900391,2,2,5,2,0
32,1,5,2,6,6,2,1,88,0,no,2,0,0,2,0,,0,0,0,0,2,no,24.559999465942383,2,never,0,,3,1,1,4.2857141494750977,,,,,0
78,1,1,4,9,1,1,0,1,0,no,,0,0,2,0,,0,0,0,0,2,no,28.700000762939453,3,current_some_days,1,2,3,1,1,30,2,1,3,1,0
70,1,1,6,10,1,1,0,1,0,no,1,0,0,2,1,1,1,0,0,0,2,diabetes,27.059999465942383,3,never,0,,3,1,1,20,2,1,4,1,0
67,1,1,6,9,1,1,0,3,0,yes,2,0,0,2,0,,0,0,1,0,2,no,23.75,2,former,1,3,3,4,1,10,1,1,2,1,0
59,2,6,5,8,2,1,0,1,0,yes,2,0,0,2,0,,0,0,0,0,1,no,28.190000534057617,3,current_every_day,1,1,3,1,2,0,,1,,1,0
28,1,6,4,6,2,1,0,1,0,no,2,0,0,2,0,,0,0,0,0,2,no,20.979999542236328,2,current_every_day,1,1,3,4,1,1,4,1,4,1,0
62,2,1,6,5,2,2,2,3,0,yes,1,0,0,2,0,,0,0,0,0,1,no,37.119998931884766,4,former,1,3,3,1,2,0,,1,,1,0
26,1,1,6,9,5,1,0,1,0,no,2,0,0,2,0,,0,0,0,0,2,no,29.010000228881836,3,never,0,,3,1,1,5,8,2,8,1,0
48,2,1,5,8,1,1,0,1,0,yes,2,0,0,2,0,,0,0,0,0,2,diabetes,30.409999847412109,4,never,0,,3,1,1,2,1,1,1,1,0
35,2,1,4,5,2,2,1,9,1,no,,0,0,2,0,,0,1,1,0,2,no,22.860000610351562,2,former,1,3,3,4,1,10,2,1,2,1,0
48,2,1,4,4,2,3,0,88,1,yes,,0,0,2,1,1,0,1,1,0,2,no,21.790000915527344,2,,1,,,,,,,,,,0
74,2,1,5,6,2,1,0,3,0,no,2,0,0,2,0,,0,0,0,0,1,no,29.860000610351562,3,never,0,,3,1,2,0,,1,,1,0
23,2,1,6,7,5,2,0,1,0,no,2,0,0,2,0,,0,0,0,0,2,no,46.110000610351562,4,never,0,,3,1,2,0,,1,,1,0
59,2,1,4,8,1,1,0,1,0,no,2,0,0,2,0,,0,0,0,0,1,no,26.559999465942383,3,never,0,,3,1,1,1,1,1,1,1,0
50,1,1,5,7,1,1,1,1,0,yes,2,0,0,2,0,,0,0,0,0,2,no,22.959999084472656,2,never,0,,3,1,1,4.2857141494750977,1,1,1,1,0
39,1,1,6,11,1,1,0,1,0,no,2,0,0,2,1,1,0,0,0,0,2,no,22.040000915527344,2,never,0,,3,1,1,8.5714282989501953,2,1,2,1,0
68,2,1,6,7,1,1,0,3,0,no,1,0,0,2,1,1,1,1,1,0,1,no,28.25,3,never,0,,3,1,1,2,1,1,1,1,0
64,2,1,5,7,1,1,0,1,0,yes,1,0,0,2,0,,1,0,0,1,1,no,35.779998779296875,4,never,0,,3,1,1,4.2857141494750977,1,1,1,1,0
58,1,6,6,8,1,1,2,7,0,yes,1,0,0,2,0,,0,0,0,1,1,diabetes,28.889999389648438,3,former,1,3,3,1,2,0,,1,,1,0
55,1,1,6,11,1,1,0,2,0,no,2,0,0,2,0,,0,0,0,0,2,no,27.979999542236328,3,former,1,3,3,1,1,1,2,1,2,1,0
38,2,2,6,8,5,1,0,1,0,no,1,0,0,2,0,,0,0,0,0,2,no,26.299999237060547,3,never,0,,3,1,1,1,1,1,1,1,0
66,2,1,6,,1,1,0,1,0,no,1,0,1,1,1,1,1,0,0,0,1,no,29.229999542236328,3,former,1,3,3,1,1,12.857142448425293,1,1,2,1,0
18,1,5,3,,5,1,2,,0,no,2,0,0,2,0,,0,0,0,0,2,no,27.840000152587891,3,never,0,,3,4,2,0,,1,,1,0
76,1,1,5,7,1,1,0,3,0,yes,1,1,1,1,0,,0,0,0,0,1,no,25.100000381469727,3,former,1,3,3,1,1,30,3,1,5,2,0
22,2,1,4,6,6,2,4,3,0,no,2,0,0,2,0,,0,0,0,0,2,no,27.799999237060547,3,current_every_day,1,1,3,1,2,0,,1,,1,0
48,2,1,5,1,4,2,2,5,0,no,2,0,0,2,0,,0,0,0,0,1,no,35.779998779296875,4,never,0,,3,1,2,0,,1,,1,0
59,2,1,5,8,1,1,0,1,0,no,2,0,0,2,0,,0,0,0,0,2,no,21.469999313354492,2,never,0,,3,4,1,6,1,1,2,1,0
80,2,1,4,,1,1,0,3,0,yes,1,0,0,2,0,,1,0,0,0,1,no,28.120000839233398,3,never,0,,3,1,2,0,,1,,1,0
80,2,1,4,5,3,2,0,3,0,yes,2,1,,1,0,,0,0,1,0,1,no,22.799999237060547,2,never,0,,3,1,2,0,,1,,1,0
51,1,6,4,3,5,2,0,88,1,no,2,0,0,2,0,,0,0,0,0,2,no,36.610000610351562,4,never,0,,3,1,1,2,2,1,4,1,0
45,2,1,6,7,1,1,0,1,0,yes,,0,0,2,0,,0,0,0,0,2,no,21.629999160766602,2,never,0,,3,1,1,10,1,1,2,1,0
50,2,4,5,7,6,1,0,5,0,no,2,0,0,2,1,1,0,0,0,0,1,no,26.610000610351562,3,former,1,3,3,1,2,0,,1,,1,0
38,2,1,6,,5,2,0,1,0,no,2,0,0,2,0,,0,0,0,0,2,no,,,never,0,,3,1,1,8.5714282989501953,1,1,3,1,1
72,2,1,5,6,1,1,0,3,0,yes,2,0,0,2,0,,0,0,0,0,1,no,34.330001831054688,4,former,1,3,3,1,1,2,2,1,2,1,0
23,2,1,5,,5,3,1,1,1,no,2,0,,,1,1,0,0,1,,2,no,23.459999084472656,2,never,0,,3,1,1,2,1,1,1,1,0
78,2,1,5,,1,1,0,3,0,yes,2,0,0,2,0,,0,1,0,0,1,no,29.290000915527344,3,never,0,,3,1,2,0,,1,,1,0
66,1,1,6,9,1,1,0,1,0,yes,1,0,0,2,0,,0,0,0,0,2,no,27.979999542236328,3,never,0,,3,1,1,5,1,1,2,1,0
76,2,1,6,8,1,1,0,3,0,yes,1,0,0,2,1,2,0,1,0,0,1,no,21.809999465942383,2,never,0,,3,1,2,0,,1,,1,0
53,2,1,6,10,2,1,0,1,0,no,2,0,0,2,0,,0,0,0,0,2,no,36.049999237060547,4,never,0,,3,1,1,10,2,2,4,1,0
66,2,1,4,5,1,1,1,3,0,no,2,0,0,2,0,,,1,1,0,2,diabetes,25.690000534057617,3,,,,,,,,,,,,0
62,1,1,5,7,1,1,2,7,0,yes,2,0,0,2,0,,0,0,0,0,1,no,29.290000915527344,3,never,0,,3,1,1,21.428571701049805,1,1,2,1,0
47,2,1,6,9,1,1,0,1,0,no,2,0,0,2,0,,0,0,0,0,2,no,28.319999694824219,3,never,0,,3,1,1,8.5714282989501953,2,1,2,1,0
50,1,1,6,11,2,1,1,1,0,yes,2,0,0,2,0,,0,0,0,0,2,no,25.829999923706055,3,never,0,,3,4,1,8.5714282989501953,2,1,4,1,0
57,1,1,5,9,1,1,0,1,0,no,2,0,0,2,0,,0,0,0,0,2,diabetes,24.809999465942383,2,never,0,,3,1,2,0,,1,,1,0
33,1,1,6,7,5,1,4,,0,yes,2,0,0,2,0,,0,0,0,0,2,no,22.469999313354492,2,former,1,3,3,3,2,0,,1,,1,0
27,1,1,6,11,1,1,0,1,0,no,,0,0,2,0,,0,0,0,0,2,no,25.100000381469727,3,never,0,,3,1,1,2,4,2,6,1,0
77,1,1,4,8,1,1,0,3,0,yes,1,0,0,2,0,,0,0,0,0,2,no,25.829999923706055,3,former,1,3,3,1,1,15,1,1,3,1,0
58,2,1,5,8,1,1,0,3,0,no,1,0,0,2,0,,0,0,0,0,2,no,25.610000610351562,3,never,0,,3,4,1,8.5714282989501953,2,1,3,1,0
31,1,1,5,9,1,1,1,1,0,no,1,0,0,2,0,,0,0,0,0,2,no,31.930000305175781,4,never,0,,3,1,1,5,2,1,3,1,0
58,2,1,6,8,5,1,0,9,0,borderline,1,0,0,2,0,,0,0,0,0,1,diabetes,35.869998931884766,4,current_some_days,1,2,3,1,2,0,,1,,1,0
56,2,5,6,9,1,2,0,1,0,yes,1,0,0,2,1,1,0,0,1,0,1,prediabetes,27.979999542236328,3,never,0,,3,1,1,2,2,1,2,1,0
68,2,1,4,6,1,1,0,3,0,yes,2,0,0,2,0,,0,0,0,0,2,diabetes,29.760000228881836,3,never,0,,3,1,2,0,,1,,1,0
45,2,1,4,5,1,1,1,1,0,no,2,0,0,2,0,,0,0,0,0,2,no,29.649999618530273,3,current_every_day,1,1,3,4,2,0,,1,,1,0
51,2,1,5,6,1,1,0,1,0,yes,1,0,0,2,1,2,0,0,0,0,1,prediabetes,30.899999618530273,4,never,0,,3,1,2,0,,1,,1,0
69,2,1,6,5,2,2,0,3,0,yes,1,0,0,2,0,,0,0,0,0,1,no,23.239999771118164,2,never,0,,3,1,2,0,,1,,1,0
54,2,1,5,2,2,2,0,5,0,yes,1,0,0,2,1,1,0,0,0,1,1,prediabetes,36.319999694824219,4,current_every_day,1,1,3,4,2,0,,1,,1,0
57,2,1,6,8,2,2,0,1,0,pregnancy_only,,0,0,2,0,,0,0,0,0,1,no,34.970001220703125,4,former,1,3,3,1,2,0,,1,,1,0
32,1,1,5,6,1,1,2,2,0,no,2,0,0,2,0,,0,0,0,0,2,no,23.180000305175781,2,never,0,,3,1,1,1,1,1,1,1,0
57,1,1,5,7,1,1,0,10,0,no,2,0,0,2,0,,0,0,0,0,2,no,26.389999389648438,3,never,0,,2,1,1,12.857142448425293,3,2,5,1,0
61,2,1,5,7,3,1,0,1,0,yes,2,0,0,2,0,,0,0,0,0,2,no,,,never,0,,3,1,,,,,,,1
45,2,1,6,,1,1,3,2,0,no,,0,0,2,0,,0,0,0,0,2,no,22.809999465942383,2,former,1,3,3,1,1,3,2,1,3,1,0
64,1,1,6,10,1,1,0,7,0,no,1,0,0,2,0,,0,0,0,0,1,no,26.870000839233398,3,never,0,,3,1,1,1,1,1,1,1,0
52,1,1,4,,5,3,0,5,0,no,1,0,0,2,0,,0,0,0,0,2,no,40.75,4,never,0,,3,4,1,20,3,2,6,1,0
57,2,1,4,2,2,1,1,3,0,yes,1,0,0,2,1,1,0,0,1,0,1,no,31.25,4,,,,3,1,2,0,,1,,1,0
50,1,1,6,8,1,1,3,1,0,no,2,0,0,2,0,,0,0,0,0,2,no,27.260000228881836,3,never,0,,3,1,1,8.5714282989501953,1,2,5,1,0
28,2,4,6,6,5,2,0,1,0,yes,2,0,0,2,1,1,0,0,0,0,2,no,47.470001220703125,4,never,0,,3,4,1,6,3,2,6,1,0
80,2,1,4,7,1,2,0,1,0,no,2,0,0,2,0,,0,1,0,1,2,no,25.340000152587891,3,never,0,,3,1,,,,,,,0
37,2,1,4,,3,1,2,7,0,no,2,0,0,2,0,,0,0,0,0,1,gestational_only,24.239999771118164,2,never,0,,3,1,1,1,2,1,2,1,0
61,1,1,6,,5,1,0,1,0,no,2,0,0,2,0,,0,0,0,0,2,no,25.090000152587891,3,never,0,,3,1,1,25.714284896850586,1,1,2,1,0
80,1,1,6,,1,1,0,3,0,yes,1,0,0,2,0,,1,1,0,0,1,no,24.329999923706055,2,never,0,,3,1,1,1,1,1,1,1,0
72,1,1,5,8,1,1,0,3,0,yes,2,1,1,1,0,,0,1,0,0,1,no,28.969999313354492,3,former,1,3,3,4,1,4,2,1,2,1,0
52,1,1,4,5,1,1,0,3,0,no,2,1,0,1,1,1,0,1,0,1,2,no,54.389999389648438,4,never,0,,3,1,1,4.2857141494750977,2,1,2,1,0
69,2,1,5,8,1,1,0,3,0,no,1,0,0,2,0,,0,0,0,0,1,no,26.569999694824219,3,former,1,3,3,1,,,1,1,1,,0
70,2,1,4,4,3,2,0,3,0,yes,1,0,0,2,0,,0,1,0,0,1,no,25.329999923706055,3,current_every_day,1,1,3,1,2,0,,1,,1,0
23,1,1,4,7,5,2,0,2,0,no,2,0,0,2,0,,0,0,0,0,1,no,23.059999465942383,2,never,0,,3,2,1,7,21,2,12,2,0
78,1,1,4,5,3,1,0,3,0,yes,1,0,0,2,0,,0,0,1,0,1,no,16.139999389648438,1,former,1,3,3,1,2,0,,1,,1,0
61,1,1,4,8,1,1,0,1,0,yes,1,0,0,2,0,,0,0,0,0,1,diabetes,30.850000381469727,4,never,0,,1,1,1,6,1,1,2,1,0
71,1,1,6,10,1,1,0,3,0,no,2,0,0,2,0,,0,0,0,0,1,no,25.700000762939453,3,never,0,,3,1,1,12.857142448425293,1,1,3,1,0
72,1,1,6,8,1,1,0,3,0,no,1,0,0,2,0,,0,0,0,0,1,no,33.229999542236328,4,never,0,,3,1,1,2,1,1,1,1,0
65,2,1,6,7,1,1,0,3,0,yes,2,0,0,2,0,,1,0,1,0,1,no,,,former,1,3,3,1,1,1,2,1,2,1,1
64,1,5,2,1,4,1,0,88,1,no,2,0,0,2,0,,0,0,0,0,2,no,35.900001525878906,4,never,0,,3,1,1,30,10,,20,2,0
67,2,1,6,9,1,1,0,1,0,no,2,0,0,2,0,,1,0,0,0,2,no,28.319999694824219,3,former,1,3,3,4,1,8.5714282989501953,2,1,2,1,0
48,2,1,5,6,1,2,0,3,0,yes,1,1,0,1,1,1,0,0,1,0,1,prediabetes,27.469999313354492,3,current_every_day,1,1,3,1,1,12.857142448425293,4,2,5,2,0
65,1,1,6,,1,1,0,3,0,yes,2,0,0,2,0,,0,0,0,0,2,no,35.619998931884766,4,former,1,3,3,1,2,0,,1,,1,0
27,2,5,4,3,6,2,2,3,0,no,2,0,0,2,0,,0,0,0,0,2,no,25.319999694824219,3,never,0,,3,1,2,0,,1,,1,0
43,2,1,6,,1,1,2,1,0,no,,0,0,2,0,,0,0,1,0,2,gestational_only,,,never,0,,3,1,2,0,,1,,1,1
61,1,1,4,5,2,1,0,3,1,yes,1,0,0,2,0,,1,0,1,0,2,diabetes,34.299999237060547,4,current_every_day,1,1,3,4,1,2,2,1,2,1,0
65,1,5,2,6,1,1,1,88,0,yes,1,0,0,2,0,,0,0,0,0,2,diabetes,38.270000457763672,4,former,1,3,3,1,2,0,,1,,1,0
35,2,1,5,7,1,1,3,1,0,no,,0,0,2,,,0,0,0,0,2,no,29.290000915527344,3,never,0,,3,1,1,1,1,1,1,1,0
53,2,1,5,9,1,1,0,1,0,no,2,0,0,2,0,,1,0,0,0,2,no,30.409999847412109,4,former,1,3,3,1,1,2,1,1,1,1,0
50,1,5,4,1,5,2,0,88,0,no,2,0,0,2,0,,0,0,0,0,2,no,21.659999847412109,2,never,0,,3,1,1,1,3,1,,1,0
64,1,1,5,,1,1,0,,0,yes,1,0,0,2,0,,1,0,0,0,2,no,32.979999542236328,4,never,0,,3,1,1,14,1,1,3,1,0
64,2,5,5,9,1,1,0,2,0,yes,1,0,0,2,1,1,0,0,1,0,1,no,30.790000915527344,4,former,1,3,3,1,2,0,,1,,1,0
34,2,6,4,6,1,1,2,1,0,no,2,0,0,2,0,,0,0,0,0,2,no,30.270000457763672,4,current_some_days,1,2,3,2,1,8.5714282989501953,2,2,6,1,0
49,1,2,6,4,2,1,1,5,0,no,2,0,0,2,1,1,0,0,0,0,2,no,26.629999160766602,3,former,1,3,3,1,1,4.2857141494750977,2,1,5,1,0
18,1,1,3,,5,3,2,7,0,no,2,0,0,2,0,,0,0,0,0,2,no,22.379999160766602,2,never,0,,3,2,1,1,1,1,1,1,0
35,2,1,5,4,1,2,3,5,0,no,1,0,0,2,0,,0,0,0,0,2,gestational_only,23.780000686645508,2,,,,3,4,1,2,1,1,2,1,0
51,2,1,6,6,1,1,1,5,0,no,2,0,0,2,0,,0,0,0,0,1,no,20.979999542236328,2,former,1,3,3,4,1,28,2,2,4,2,0
71,2,1,4,6,1,1,0,3,0,no,1,0,0,2,0,,0,0,0,0,2,no,22.459999084472656,2,never,0,,3,1,2,0,,1,,1,0
57,2,6,6,9,1,1,0,1,0,no,2,0,0,2,1,,0,0,0,0,2,no,22.139999389648438,2,former,1,3,3,1,1,12.857142448425293,1,1,2,1,0
71,2,1,6,5,2,1,0,3,0,yes,1,0,0,2,0,,0,0,0,0,2,no,32.009998321533203,4,former,1,3,3,1,1,4.2857141494750977,1,1,1,1,0
55,1,1,2,7,5,2,0,3,1,yes,,0,0,2,1,1,0,1,0,0,1,no,30,4,never,0,,1,1,2,0,,1,,1,0
31,1,1,6,7,5,1,0,,0,borderline,,0,0,2,0,,0,0,0,0,2,no,23.629999160766602,2,current_some_days,1,2,3,3,1,17.142856597900391,2,2,12,1,0
60,1,1,6,5,2,1,0,7,0,no,,0,0,2,0,,0,0,0,0,2,no,24.209999084472656,2,current_every_day,1,1,3,4,2,0,,1,,1,0
74,2,1,6,,1,1,0,3,0,no,2,0,0,2,0,,0,0,0,0,2,no,20.120000839233398,2,never,0,,3,1,1,10,1,1,1,1,0
59,2,1,4,9,2,1,0,1,0,yes,2,1,0,1,0,,0,0,0,0,1,no,46.689998626708984,4,former,1,3,3,1,2,0,,1,,1,0
28,1,3,6,11,5,2,0,1,0,no,2,0,0,2,0,,0,0,0,0,2,no,22.709999084472656,2,never,0,,3,1,2,0,,1,,1,0
50,2,1,6,9,2,1,2,1,0,yes,1,0,0,2,1,1,0,0,0,0,1,no,33.279998779296875,4,former,1,3,3,3,1,12.857142448425293,3,2,4,2,0
61,2,2,5,,2,2,0,,0,yes,2,0,0,2,0,,0,0,0,1,1,diabetes,,,,,,,,,,,,,,1
80,2,1,6,7,2,1,0,3,0,yes,,0,0,2,0,,1,0,0,0,1,no,21.870000839233398,2,never,0,,3,1,2,0,,1,,1,0
69,2,1,4,,5,1,0,10,0,yes,2,0,0,2,0,,0,0,0,0,2,no,28.340000152587891,3,never,0,,3,1,2,0,,1,,1,0
32,2,2,5,8,1,1,1,7,0,no,2,0,0,2,0,,0,0,0,0,2,no,27.459999084472656,3,never,0,,3,1,1,3,1,1,2,1,0
71,2,5,5,5,3,2,0,3,0,yes,1,0,0,2,1,1,0,0,0,0,1,no,30.469999313354492,4,never,0,,3,1,1,2,1,1,1,1,0
31,1,1,6,6,5,2,0,1,0,no,,0,0,2,0,,0,0,0,0,2,no,25.090000152587891,3,current_some_days,1,2,3,4,1,3,6,2,6,1,0
22,1,6,5,7,5,3,0,2,0,no,2,0,0,2,0,,0,0,0,0,2,no,28.479999542236328,3,never,0,,3,3,1,4.2857141494750977,3,1,3,1,0
78,1,1,5,9,1,1,0,3,0,no,1,0,0,2,0,,0,0,0,0,2,diabetes,21.700000762939453,2,former,1,3,3,1,2,0,,1,,1,0
64,2,1,6,7,1,1,0,2,0,no,2,0,0,2,0,,0,0,0,0,1,no,25.190000534057617,3,former,1,3,3,1,2,0,,1,,1,0
71,2,1,,,,,,88,1,yes,,0,0,2,0,,0,0,0,0,2,no,,,,,,,,,,,,,,1
48,2,2,5,1,5,2,0,3,0,yes,2,0,0,2,0,,0,0,0,0,2,no,30.379999160766602,4,never,0,,3,1,2,0,,1,,1,0
39,1,1,5,8,6,1,0,1,0,yes,2,0,0,2,0,,0,0,0,0,2,no,32.5,4,never,0,,3,1,1,8.5714282989501953,7,2,12,1,0
39,2,1,5,5,1,2,1,5,0,no,2,0,0,2,1,1,0,0,0,1,2,no,27.440000534057617,3,never,0,,3,1,1,2,1,1,1,1,0
76,1,1,6,8,3,1,0,3,0,no,1,1,1,1,0,,0,0,0,0,2,no,25.819999694824219,3,never,0,,3,1,1,12.857142448425293,3,2,5,1,0
71,1,1,4,9,1,1,0,5,0,yes,2,1,,1,0,,0,0,0,0,2,no,30.719999313354492,4,never,0,,3,1,1,10,2,1,2,1,0
78,1,1,5,7,3,1,0,1,0,yes,1,0,0,2,1,2,0,0,0,0,1,no,32.450000762939453,4,never,0,,3,1,2,0,,1,,1,0
75,1,1,6,8,1,1,0,3,0,no,1,0,1,1,0,,0,0,0,0,2,diabetes,28.450000762939453,3,never,0,,3,1,1,3,1,1,1,1,0
61,2,4,4,8,1,1,1,8,0,no,2,0,0,2,0,,0,1,0,0,1,no,27.459999084472656,3,former,1,3,3,4,2,0,,1,,1,0
51,1,2,6,10,1,1,2,1,0,yes,1,0,0,2,0,,0,0,0,0,2,no,50.909999847412109,4,never,0,,3,1,2,0,,1,,1,0
58,1,1,4,,1,1,0,2,0,no,1,0,0,2,0,,0,0,0,0,2,no,25.340000152587891,3,former,1,3,3,1,1,12.857142448425293,4,2,,1,0
70,1,3,6,11,1,1,0,3,0,no,1,0,0,2,0,,0,0,0,0,2,diabetes,20.979999542236328,2,never,0,,3,1,1,4,1,1,1,1,0
66,1,1,5,7,1,1,0,3,0,no,1,0,0,2,0,,1,0,0,0,2,no,32.490001678466797,4,never,0,,3,1,2,0,,1,,1,0
78,1,1,6,,3,1,0,3,0,yes,1,0,0,2,0,,0,0,0,0,1,no,25.799999237060547,3,former,1,3,3,1,,,,,,,0
20,2,5,5,8,5,2,0,1,0,no,2,0,0,2,0,,0,0,0,0,2,no,18.520000457763672,2,never,0,,3,1,2,0,,1,,1,0
32,2,1,6,11,1,1,0,1,0,no,2,0,0,2,0,,0,0,0,0,2,no,22.459999084472656,2,never,0,,3,1,2,0,,1,,1,0
26,2,5,4,8,2,2,0,1,0,no,2,0,0,2,1,1,0,0,0,0,2,no,22.309999465942383,2,never,0,,3,1,2,0,,1,,1,0
27,2,5,3,6,1,2,1,5,0,no,2,0,0,2,0,,0,0,0,0,2,no,29.440000534057617,3,never,0,,3,4,1,10,2,2,4,1,0
65,2,3,5,8,2,1,0,3,0,,1,0,0,2,0,,0,0,0,0,2,no,19.139999389648438,2,current_some_days,1,2,3,1,1,4.2857141494750977,1,1,1,1,0
74,1,6,4,4,4,2,0,3,0,yes,1,0,0,2,0,,0,0,1,0,1,diabetes,23.399999618530273,2,never,0,,3,1,2,0,,1,,1,0
68,2,1,5,6,1,1,0,3,0,yes,1,0,0,2,0,,0,1,0,0,1,no,37.790000915527344,4,former,1,3,3,1,2,0,,1,,1,0
74,2,1,5,8,1,1,0,3,0,yes,1,0,0,2,0,,1,1,0,0,1,no,22.459999084472656,2,never,0,,3,1,1,2,1,1,1,1,0
61,1,1,6,9,6,1,0,1,0,no,2,0,0,2,0,,0,0,0,0,2,no,24.389999389648438,2,never,0,,3,1,1,25,1,1,2,1,0
31,1,1,5,5,1,2,0,88,0,no,,0,0,2,0,,0,0,0,0,2,no,26.389999389648438,3,never,0,,3,1,1,2,1,1,2,1,0
57,2,1,6,6,2,2,0,2,0,yes,2,0,0,2,0,,0,1,0,0,1,no,49.919998168945312,4,former,1,3,3,1,2,0,,1,,1,0
66,1,2,6,5,5,2,1,3,0,no,2,0,0,2,0,,0,0,0,0,2,no,22.780000686645508,2,former,1,3,3,1,2,0,,1,,1,0
80,1,1,4,4,4,1,0,7,0,yes,1,1,,1,0,,0,0,0,0,1,diabetes,26.959999084472656,3,never,0,,3,4,2,0,,1,,1,0
63,2,1,5,7,1,1,0,1,0,no,2,0,0,2,0,,0,0,0,0,1,no,,,,,,,,,,,,,,1
27,2,1,4,8,1,1,2,88,0,no,,0,0,2,0,,0,0,0,0,2,no,18.840000152587891,2,never,0,,3,1,2,0,,1,,1,0
35,2,2,6,,1,3,3,88,1,no,2,0,0,2,0,,0,0,0,0,2,gestational_only,,,never,0,,3,1,2,0,,1,,1,1
66,1,4,5,6,1,1,0,7,0,yes,1,0,0,2,0,,0,0,0,0,1,no,30.430000305175781,4,never,0,,3,4,2,0,,1,,1,0
80,2,1,4,,3,1,0,3,0,no,1,0,0,2,0,,0,0,0,0,2,no,21.950000762939453,2,,,,3,1,2,0,,1,,1,0
35,1,5,1,3,1,2,0,88,1,no,,0,0,2,0,,0,0,0,0,2,no,26.729999542236328,3,never,0,,3,1,2,0,,1,,1,0
33,2,5,4,5,1,2,3,88,1,no,2,0,0,2,0,,0,0,0,0,2,no,22.950000762939453,2,never,0,,3,1,2,0,,1,,1,0
67,2,1,5,7,1,1,0,3,0,yes,1,0,0,2,0,,0,0,0,0,1,diabetes,32.119998931884766,4,never,0,,3,1,1,1,1,1,1,1,0
44,2,2,6,,2,2,0,2,0,no,2,0,0,2,0,,0,0,0,0,2,no,,,never,0,,3,1,1,1,1,1,1,1,1
69,1,1,5,10,1,1,0,3,0,yes,2,0,0,2,0,,0,0,0,0,2,no,24.389999389648438,2,former,1,3,3,1,1,16,3,1,3,1,0
38,1,3,6,9,1,2,2,1,0,no,2,0,0,2,0,,0,0,0,0,2,no,26.579999923706055,3,never,0,,3,1,2,0,,1,,1,0
66,1,1,2,2,2,1,0,7,0,yes,1,1,1,1,0,,0,0,1,0,1,prediabetes,28.889999389648438,3,former,1,3,3,1,2,0,,1,,1,0
54,2,2,6,2,2,3,0,88,1,yes,2,0,0,2,0,,0,0,0,0,1,no,26.040000915527344,3,never,0,,3,1,1,8.5714282989501953,2,1,2,1,0
53,1,1,5,,5,3,,1,0,no,2,0,0,2,0,,0,0,0,0,2,no,,,,,,,,,,,,,,1
53,1,1,4,,5,2,,9,0,yes,1,0,0,2,0,,0,0,0,0,1,diabetes,,,,,,,,,,,,,,1
29,2,1,6,9,5,2,0,1,0,no,2,0,0,2,0,,0,0,0,0,2,no,33.889999389648438,4,never,0,,3,1,1,8.5714282989501953,1,1,2,1,0
64,1,1,5,9,1,1,0,1,0,borderline,2,0,0,2,0,,1,0,0,0,1,no,27.979999542236328,3,former,1,3,3,1,1,3,2,1,3,1,0
74,1,1,6,9,1,1,0,3,0,yes,1,0,0,2,0,,0,0,0,0,2,no,30.850000381469727,4,never,0,,3,1,1,25,1,1,1,1,0
25,2,3,4,,1,1,1,9,0,no,2,0,0,2,0,,0,0,0,0,2,no,22.139999389648438,2,never,0,,3,1,2,0,,1,,1,0
47,1,1,3,5,5,2,0,5,0,no,1,0,0,2,0,,0,0,0,0,1,no,26.090000152587891,3,former,1,3,3,3,2,0,,1,,1,0
79,2,1,6,7,5,1,0,3,0,no,2,0,0,2,0,,0,0,0,0,2,no,28.340000152587891,3,never,0,,3,4,2,0,,1,,1,0
41,1,3,6,5,5,2,0,1,0,no,2,0,0,2,0,,0,0,0,0,2,no,,,never,0,,3,1,2,0,,1,,1,1
51,2,5,6,8,2,1,0,1,0,yes,2,0,0,2,0,,1,1,0,0,1,no,43.430000305175781,4,former,1,3,3,1,2,0,,1,,1,0
61,2,2,3,1,1,2,0,5,0,yes,1,0,0,2,1,1,0,0,0,0,1,diabetes,29.290000915527344,3,current_every_day,1,1,3,1,2,0,,1,,1,0
52,1,5,3,,6,2,0,88,1,no,1,0,0,2,0,,0,0,0,0,2,diabetes,25.920000076293945,3,never,0,,3,1,1,30,20,,10,2,0
80,1,1,2,1,2,1,0,3,1,no,1,0,0,2,1,1,0,0,0,0,1,diabetes,19.969999313354492,2,never,0,,3,1,1,1,1,,1,1,0
55,2,1,,,3,2,0,3,0,yes,1,0,0,2,0,,0,0,0,0,1,no,25.610000610351562,3,current_some_days,1,2,3,,1,1,1,1,1,1,0
71,2,1,5,8,1,1,1,3,0,no,2,0,0,2,0,,0,1,0,0,2,no,26.629999160766602,3,never,0,,3,1,1,4.2857141494750977,1,1,2,1,0
80,2,1,4,,3,1,0,3,0,yes,1,1,1,1,0,,0,0,0,0,2,no,,,,,,,,,,,,,,1
62,1,1,4,,1,1,1,1,0,yes,2,0,0,2,0,,0,0,0,0,2,diabetes,,,,,,,,,,,,,,1
80,2,1,5,,1,1,0,3,0,yes,2,0,0,2,0,,1,0,0,0,2,no,20.940000534057617,2,never,0,,3,1,1,15,1,1,2,1,0
52,2,1,6,,1,1,0,1,0,yes,1,0,0,2,0,,0,0,0,0,2,no,32.009998321533203,4,never,0,,3,1,1,3,2,1,2,1,0
33,2,1,6,9,1,1,2,1,0,no,2,0,0,2,0,,0,0,0,0,2,no,20.180000305175781,2,never,0,,3,1,1,1,1,1,1,1,0
69,2,1,6,,5,1,0,1,0,no,1,0,0,2,0,,0,0,0,0,1,no,34.330001831054688,4,former,1,3,3,1,1,4,1,1,2,1,0
18,2,1,4,6,5,2,1,1,0,no,1,0,0,2,1,1,0,0,0,0,2,no,,,never,0,,3,4,2,0,,1,,1,1
74,2,1,4,4,3,1,0,3,0,no,2,0,0,2,0,,0,0,0,0,1,diabetes,24.559999465942383,2,never,0,,3,1,2,0,,1,,1,0
34,2,6,4,11,5,3,0,1,0,no,2,0,0,2,0,,0,0,0,0,2,no,60.080001831054688,4,never,0,,3,1,2,0,,1,,1,0
19,1,1,5,9,1,1,0,2,0,yes,,0,0,2,0,,0,0,0,0,2,no,21.620000839233398,2,current_every_day,1,1,3,4,1,5,1,1,2,1,0
54,2,1,4,3,2,2,0,,0,yes,1,0,,,1,1,0,0,1,1,1,no,27.459999084472656,3,current_every_day,1,1,3,1,2,0,,1,,1,0
48,2,1,5,,1,2,0,1,0,no,2,0,0,2,0,,0,0,0,0,1,no,25.290000915527344,3,current_every_day,1,1,3,4,2,0,,1,,1,0
43,1,1,4,9,1,2,3,2,0,no,,,0,,0,,0,0,0,0,2,no,27.600000381469727,3,never,0,,3,1,2,0,,1,,1,0
80,2,1,5,4,2,1,0,3,0,yes,2,0,0,2,1,1,0,0,0,0,1,no,46.590000152587891,4,former,1,3,3,1,2,0,,1,,1,0
80,2,1,6,4,3,2,0,3,0,pregnancy_only,1,0,0,2,1,2,1,0,0,0,1,no,22.129999160766602,2,never,0,,3,1,2,0,,1,,1,0
72,1,1,4,7,6,1,0,3,0,yes,1,0,0,2,0,,0,0,0,0,2,no,25.940000534057617,3,former,1,3,3,1,1,3,3,2,5,1,0
74,2,1,5,6,3,1,0,3,0,yes,1,0,0,2,1,1,0,0,0,1,1,diabetes,33.200000762939453,4,never,0,,3,4,2,0,,1,,1,0
63,2,1,4,7,1,1,0,7,0,no,2,0,0,2,0,,0,0,0,0,1,no,36.610000610351562,4,never,0,,3,1,2,0,,1,,1,0
51,1,1,6,,1,1,0,1,1,no,2,0,0,2,0,,0,0,0,0,2,no,26.389999389648438,3,never,0,,3,1,1,12.857142448425293,1,1,2,1,0
59,2,1,6,8,1,1,0,1,0,no,1,0,0,2,1,1,0,0,0,0,2,no,29.530000686645508,3,never,0,,3,1,1,17.142856597900391,1,1,2,1,0
73,2,1,4,9,2,3,0,3,0,no,1,0,0,2,0,,0,0,0,0,1,diabetes,26.309999465942383,3,never,0,,3,1,1,2,1,1,1,1,0
80,1,1,5,6,3,1,0,1,0,yes,2,0,0,2,0,,,0,0,0,1,diabetes,26.629999160766602,3,former,1,3,3,1,2,0,,1,,1,0
29,1,5,6,3,6,2,0,5,0,no,2,0,0,2,0,,0,0,0,0,2,no,28.409999847412109,3,current_some_days,1,2,3,4,1,2,1,1,1,1,0
80,2,1,6,1,2,1,0,3,0,no,2,1,0,1,0,,0,1,0,0,1,no,21.920000076293945,2,never,0,,3,1,1,17.142856597900391,1,1,1,1,0
40,1,5,6,6,5,1,0,1,0,no,2,0,0,2,0,,0,0,0,0,2,no,42.569999694824219,4,never,0,,3,1,1,2,3,1,3,1,0
53,2,1,5,6,1,1,0,1,0,no,1,0,0,2,1,1,0,0,0,0,1,no,46.590000152587891,4,never,0,,3,1,2,0,,1,,1,0
47,1,1,5,10,2,1,1,5,0,no,2,0,0,2,0,,0,0,0,0,2,no,24.370000839233398,2,never,0,,3,1,1,2,2,1,2,1,0
63,1,1,6,11,1,1,0,1,0,no,1,0,0,2,0,,0,0,0,0,2,diabetes,22.920000076293945,2,never,0,,3,1,2,0,,1,,1,0
80,1,2,4,,1,1,0,3,0,yes,1,0,0,2,0,,0,1,1,0,2,diabetes,25.770000457763672,3,former,1,3,3,1,2,0,,1,,1,0
62,1,1,5,8,1,1,0,10,0,yes,1,1,,1,0,,0,0,0,0,2,diabetes,32.319999694824219,4,former,1,3,3,4,2,0,,1,,1,0
60,2,6,6,9,1,1,0,1,0,yes,1,1,0,1,1,1,0,0,0,0,2,no,35.069999694824219,4,never,0,,3,1,2,0,,1,,1,0
76,2,1,6,9,3,1,0,2,0,no,2,0,0,2,0,,0,0,0,0,2,no,13.399999618530273,1,never,0,,3,1,1,30,1,1,2,1,0
21,1,1,6,7,5,2,0,,0,no,,0,0,2,0,,0,0,0,0,2,no,25.090000152587891,3,former,1,3,3,4,1,12,10,2,5,2,0
44,1,1,4,10,1,1,1,1,0,yes,1,0,0,2,0,,0,0,0,0,2,no,25.799999237060547,3,former,1,3,3,4,1,20,10,2,20,2,0
59,1,5,6,9,1,1,0,1,0,yes,1,0,0,2,0,,0,0,0,0,2,prediabetes,31.639999389648438,4,,,,,,,,,,,,0
27,1,5,4,6,6,2,4,88,0,no,,0,0,2,1,2,0,0,0,0,2,no,24.889999389648438,2,current_some_days,1,2,3,3,1,15,2,1,4,1,0
23,1,3,5,6,6,2,0,9,0,yes,2,0,0,2,0,,0,0,0,0,2,no,35.509998321533203,4,never,0,,3,1,2,0,,1,,1,0
33,2,3,6,9,1,2,0,1,0,no,2,0,0,2,0,,0,0,0,0,2,no,22.459999084472656,2,never,0,,3,1,1,17.142856597900391,1,2,5,1,0
78,2,1,6,8,1,1,0,3,0,no,1,0,0,2,0,,0,0,0,0,2,no,24.799999237060547,2,never,0,,3,1,1,4.2857141494750977,2,1,3,1,0
73,2,2,4,2,5,1,0,3,0,yes,1,0,0,2,0,,0,0,0,0,1,diabetes,24.959999084472656,2,never,0,,3,1,2,0,,1,,1,0
48,2,6,4,9,1,1,1,1,0,no,1,0,0,2,1,1,0,0,0,0,2,no,30.420000076293945,4,never,0,,3,1,1,2,1,1,1,1,0
40,2,1,6,10,1,1,2,1,0,no,2,0,0,2,0,,0,0,0,0,2,gestational_only,24.129999160766602,2,never,0,,3,1,1,2,1,1,1,1,0
62,2,5,6,5,2,2,2,5,0,yes,1,0,0,2,0,,0,0,0,0,2,no,39.270000457763672,4,former,1,3,3,1,2,0,,1,,1,0
68,1,1,5,5,1,1,0,3,0,yes,1,0,0,2,0,,0,0,0,0,1,diabetes,29.139999389648438,3,current_every_day,1,1,3,4,2,0,,1,,1,0
80,2,1,6,6,3,1,0,2,0,yes,2,0,0,2,0,,0,0,0,0,2,no,22.860000610351562,2,never,0,,3,1,1,2,1,1,1,1,0
46,1,6,3,5,2,2,1,3,1,yes,1,0,0,2,1,1,0,0,0,0,1,prediabetes,30.129999160766602,4,current_every_day,1,1,3,1,1,30,1,2,1,1,0
70,1,1,6,5,1,1,0,3,0,yes,1,0,0,2,0,,0,0,0,0,1,no,21.809999465942383,2,never,0,,3,1,2,0,,1,,1,0
55,2,1,6,10,1,1,0,1,0,no,1,0,0,2,1,1,0,1,0,0,2,no,29.379999160766602,3,never,0,,3,1,1,4.2857141494750977,1,1,2,1,0
44,1,5,6,7,1,1,0,88,0,no,2,0,0,2,0,,0,0,0,0,2,no,25.020000457763672,3,never,0,,3,1,1,4.2857141494750977,2,1,3,1,0
80,2,1,6,6,3,1,0,2,0,yes,2,0,0,2,0,,0,0,0,0,2,no,20.899999618530273,2,former,1,3,3,1,2,0,,1,,1,0
80,2,1,4,3,3,1,0,3,0,no,2,0,0,2,0,,0,1,0,0,1,no,20.979999542236328,2,never,0,,3,1,1,30,1,1,1,1,0
21,1,1,4,,5,2,0,1,0,no,2,0,0,2,0,,0,0,0,0,2,no,23.75,2,never,0,,3,1,2,0,,1,,1,0
60,2,1,4,5,1,1,0,9,1,no,1,0,0,2,0,,0,1,0,0,1,no,25.389999389648438,3,never,0,,3,1,2,0,,1,,1,0
48,1,1,5,8,1,1,1,1,0,no,2,0,0,2,0,,0,0,0,0,1,no,27.979999542236328,3,former,1,3,1,4,1,4,3,1,3,1,0
35,2,4,6,7,1,1,2,1,0,yes,1,0,0,2,0,,0,0,0,0,2,no,31.170000076293945,4,never,0,,3,1,2,0,,1,,1,0
66,2,1,6,,1,1,0,1,0,yes,1,0,0,2,0,,0,0,0,0,1,no,22.670000076293945,2,never,0,,3,1,1,5,1,1,1,1,0
80,2,1,3,,3,1,0,3,0,,,1,0,1,0,,1,0,0,0,2,no,,,former,1,3,3,1,2,0,,1,,1,1
38,1,5,6,11,1,1,1,1,0,no,2,0,0,2,0,,0,0,0,0,2,no,27.049999237060547,3,never,0,,3,1,1,12.857142448425293,2,1,4,1,0
71,2,1,6,6,1,1,0,1,0,no,2,0,0,2,0,,0,0,0,0,2,no,34.939998626708984,4,never,0,,3,1,2,0,,1,,1,0
59,2,6,6,10,1,1,0,1,0,yes,2,0,0,2,0,,0,0,0,0,2,no,26.610000610351562,3,never,0,,3,1,1,20,2,1,3,2,0
64,2,1,4,4,3,1,0,7,0,no,1,0,0,2,0,,0,0,,0,1,no,22.219999313354492,2,never,0,,3,1,2,0,,1,,1,0
58,2,1,4,,1,1,0,1,0,no,2,0,0,2,0,,0,0,0,0,2,no,24.799999237060547,2,never,0,,3,1,2,0,,1,,1,0
72,2,1,6,8,1,1,0,5,0,no,1,0,0,2,0,,0,1,0,0,1,no,17.030000686645508,1,former,1,3,3,1,1,4,1,1,1,1,0
66,1,1,6,6,1,1,0,3,0,yes,1,0,0,2,0,,0,0,0,0,1,diabetes,36.810001373291016,4,former,1,3,3,1,1,2,3,1,5,1,0
31,1,1,6,,,,,1,0,no,2,0,0,2,0,,0,0,0,0,1,no,,,never,0,,3,4,2,0,,1,,1,1
79,2,1,4,4,3,1,0,2,0,no,1,0,0,2,1,,0,0,1,1,1,diabetes,15.659999847412109,1,current_every_day,1,1,3,4,1,28,1,1,1,1,0
80,1,5,5,5,3,1,2,7,0,yes,1,0,0,2,0,,0,0,0,0,1,no,31.319999694824219,4,former,1,3,3,1,2,0,,1,,1,0
75,2,1,4,7,3,1,0,3,0,yes,2,0,0,2,0,,0,0,0,0,2,no,23.629999160766602,2,former,1,3,3,1,1,4.2857141494750977,1,1,1,1,0
80,2,2,5,3,3,2,0,3,0,yes,1,0,0,2,0,,0,0,0,0,1,diabetes,32.5,4,never,0,,3,1,2,0,,1,,1,0
64,1,1,6,10,1,1,0,,0,no,2,0,0,2,0,,1,1,0,0,2,no,23.059999465942383,2,never,0,,3,1,1,3,2,1,2,1,0
47,2,5,4,2,2,2,1,88,0,no,2,0,0,2,1,1,0,0,0,0,2,no,24.190000534057617,2,never,0,,3,1,2,0,,1,,1,0
63,2,1,5,,5,3,0,88,0,no,2,0,0,2,0,,0,0,0,0,2,no,29.520000457763672,3,never,0,,3,1,2,0,,1,,1,0
43,2,6,6,10,1,2,1,1,0,no,2,0,0,2,0,,0,0,0,0,1,no,33.889999389648438,4,never,0,,3,1,1,2,1,1,1,1,0
34,1,1,6,9,1,1,0,1,0,no,2,0,0,2,1,1,0,0,1,0,2,no,26.319999694824219,3,never,0,,3,4,1,4.2857141494750977,2,1,4,1,0
33,1,1,6,7,5,1,0,9,0,no,2,0,0,2,0,,0,0,0,0,2,no,34.860000610351562,4,former,1,3,3,1,2,0,,1,,1,0
59,1,1,5,9,1,2,1,1,1,no,1,0,0,2,0,,0,0,0,0,2,no,24.409999847412109,2,never,0,,3,1,1,2,2,1,2,1,0
65,2,1,6,7,1,1,0,3,0,no,2,0,0,2,0,,0,0,0,0,2,no,21.930000305175781,2,former,1,3,3,4,2,0,,1,,1,0
21,1,1,5,,5,3,0,2,0,no,,0,0,2,0,,0,0,0,0,2,no,21.299999237060547,2,never,0,,3,4,1,8.5714282989501953,6,2,8,1,0
37,1,1,6,11,1,1,3,1,0,yes,1,0,0,2,0,,0,0,0,0,2,no,25.100000381469727,3,never,0,,3,4,1,21.428571701049805,2,2,6,1,0
55,2,2,4,,1,1,0,,0,yes,,0,0,2,1,,0,1,0,0,2,diabetes,35.939998626708984,4,never,0,,3,1,2,0,,1,,1,0
69,2,1,5,9,1,1,0,3,0,no,1,0,0,2,0,,0,1,0,0,2,no,37.119998931884766,4,never,0,,3,1,1,4.2857141494750977,4,1,1,1,0
62,2,5,2,1,3,1,0,,0,yes,2,0,0,2,0,,0,0,0,0,1,no,31.090000152587891,4,never,0,,3,1,2,0,,1,,1,0
80,1,1,4,3,2,1,0,3,0,no,1,1,0,1,0,,,0,0,0,1,no,24.370000839233398,2,current_every_day,1,1,3,2,1,15,2,1,2,1,0
52,2,1,6,9,2,2,0,1,0,no,2,0,0,2,0,,0,0,0,0,2,no,23.520000457763672,2,never,0,,3,1,2,0,,1,,1,0
22,2,1,5,7,5,2,1,1,1,yes,2,0,0,2,0,,0,0,0,0,2,no,30.899999618530273,4,never,0,,3,1,2,0,,1,,1,0
65,1,1,6,7,1,1,0,3,0,no,2,0,0,2,0,,0,1,0,0,2,no,,,,,,,,,,,,,,1
77,2,1,4,5,1,1,0,3,0,yes,1,0,0,2,0,,1,0,0,0,2,no,24.799999237060547,2,never,0,,3,1,1,4,1,1,1,1,0
22,1,1,4,4,5,2,0,1,0,no,2,0,0,2,0,,0,0,0,0,2,no,22.319999694824219,2,never,0,,3,1,2,0,,1,,1,0
62,1,1,4,7,1,1,0,1,0,yes,2,0,0,2,0,,0,0,0,0,1,no,39.159999847412109,4,never,0,,3,1,1,4,1,1,2,1,0
70,2,1,4,2,2,1,0,3,0,no,2,0,0,2,0,,0,0,0,0,1,no,26.629999160766602,3,never,0,,3,1,2,0,,1,,1,0
45,1,3,6,9,1,1,2,1,0,no,2,0,0,2,0,,0,0,0,0,2,no,25.090000152587891,3,never,0,,3,1,1,2,2,1,3,1,0
72,2,2,4,1,2,1,0,3,1,yes,1,0,1,1,0,,0,0,0,0,2,diabetes,26.959999084472656,3,never,0,,3,1,1,1,1,1,1,1,0
60,2,2,6,,1,1,0,1,0,no,1,0,0,2,0,,0,0,0,0,2,no,,,,,,,,,,,,,,1
79,2,4,5,,2,1,0,8,0,yes,2,0,0,2,1,2,0,0,0,0,2,no,23.299999237060547,2,never,0,,3,1,1,1,1,1,1,1,0
80,1,1,2,6,3,1,0,3,0,yes,1,0,0,2,0,,0,0,0,0,2,no,27.409999847412109,3,never,0,,3,1,1,8.5714282989501953,2,2,5,1,0
66,2,1,3,3,2,2,0,5,0,no,1,0,0,2,1,1,0,0,1,0,2,no,51.490001678466797,4,former,1,3,3,1,2,0,,1,,1,0
63,2,1,6,7,5,1,0,2,0,yes,1,0,0,2,0,,0,0,0,0,2,no,32.009998321533203,4,never,0,,3,4,1,12.857142448425293,1,1,1,1,0
69,1,4,5,,6,1,0,8,0,yes,2,1,0,1,0,,0,1,0,0,1,no,25.110000610351562,3,current_every_day,1,1,3,1,2,0,,1,,1,0
32,2,2,6,8,1,1,2,1,0,no,2,0,0,2,0,,0,0,0,0,2,no,31.790000915527344,4,never,0,,3,1,2,0,,1,,1,0
48,2,5,6,11,1,1,0,1,0,no,2,0,0,2,0,,0,0,0,0,2,no,22.989999771118164,2,never,0,,3,1,2,0,,1,,1,0
73,2,5,4,6,1,1,0,3,0,yes,1,0,0,2,1,1,0,0,0,0,1,no,33.009998321533203,4,never,0,,3,1,2,0,,1,,1,0
44,2,5,5,7,5,1,0,7,0,no,2,0,0,2,1,2,0,0,0,0,1,no,29.180000305175781,3,former,1,3,3,1,1,2,2,1,2,1,0
75,2,1,5,7,3,1,0,10,0,yes,1,0,0,2,0,,0,0,1,1,1,diabetes,38.369998931884766,4,never,0,,3,1,2,0,,1,,1,0
66,1,1,4,,1,2,0,1,0,yes,1,0,1,1,1,1,0,0,1,1,2,diabetes,27.319999694824219,3,former,1,3,3,1,2,0,,1,,1,0
52,1,5,4,7,1,1,2,,0,yes,1,0,0,2,0,,0,0,0,0,2,no,30.040000915527344,4,never,0,,3,1,2,0,,1,,1,0
66,2,1,6,7,1,1,0,1,0,no,,0,0,2,0,,0,0,0,0,2,diabetes,18.290000915527344,1,never,0,,3,1,2,0,,1,,1,0
34,1,2,6,8,1,2,2,1,0,no,,0,0,2,0,,0,0,0,0,2,no,26.629999160766602,3,never,0,,3,1,2,0,,1,,1,0
47,2,1,5,8,1,1,2,1,0,no,2,0,0,2,1,1,0,0,0,0,2,no,25.649999618530273,3,never,0,,3,1,2,0,,1,,1,0
71,2,5,6,7,2,1,0,1,0,no,2,0,0,2,0,,0,0,0,0,1,prediabetes,33.200000762939453,4,,,,3,1,1,1,1,1,1,1,0
79,2,1,6,6,5,1,0,3,0,no,1,0,0,2,1,2,0,0,0,0,1,no,24.030000686645508,2,never,0,,3,1,2,0,,1,,1,0
28,2,2,4,5,5,2,0,1,0,no,2,0,0,2,0,,0,0,0,0,2,no,29.950000762939453,3,never,0,,3,1,2,0,,1,,1,0
23,2,5,6,8,5,2,0,1,1,no,,0,0,2,0,,0,0,0,0,2,no,24.590000152587891,2,never,0,,3,2,1,10,2,2,4,1,0
79,1,1,5,,1,1,0,3,0,yes,2,0,0,2,0,,1,0,0,0,2,no,28.190000534057617,3,former,1,3,3,1,2,0,,1,,1,0
28,1,1,6,8,5,1,0,1,0,no,,0,0,2,0,,0,0,0,0,2,no,24.809999465942383,2,never,0,,3,1,1,3,4,1,4,1,0
61,2,2,4,3,3,2,0,9,1,yes,1,0,0,2,0,,0,0,0,0,1,prediabetes,22.850000381469727,2,never,0,,3,1,2,0,,1,,1,0
53,2,2,6,7,5,2,0,1,0,yes,2,0,0,2,0,,0,0,0,0,2,no,39.540000915527344,4,never,0,,3,1,1,8.5714282989501953,2,1,2,1,0
56,2,2,5,6,1,1,0,1,0,no,2,0,0,2,0,,0,0,0,0,1,no,31.889999389648438,4,never,0,,3,1,2,0,,1,,1,0
58,1,5,5,11,1,1,1,1,0,no,1,0,0,2,0,,0,0,0,0,2,no,26.629999160766602,3,never,0,,3,1,1,8.5714282989501953,5,2,5,1,0
30,2,1,4,2,5,2,3,5,0,no,2,0,0,2,0,,0,0,0,0,2,no,25.389999389648438,3,current_every_day,1,1,3,1,2,0,,1,,1,0
32,1,1,5,6,6,1,2,2,0,no,2,0,0,2,0,,0,0,0,0,2,no,27.200000762939453,3,never,0,,2,3,2,0,,1,,1,0
69,1,1,2,7,1,1,0,3,0,no,2,0,0,2,0,,0,0,0,0,2,no,25.110000610351562,3,never,0,,1,1,2,0,,1,,1,0
43,2,1,6,8,1,1,2,1,0,no,,0,0,2,1,2,0,0,0,0,2,no,23.569999694824219,2,never,0,,3,1,1,8,1,1,2,1,0
80,2,1,6,2,3,1,0,,0,yes,1,0,0,2,0,,0,0,0,0,2,no,22.309999465942383,2,never,0,,3,1,1,4.2857141494750977,1,1,1,1,0
19,2,1,5,,5,2,1,,0,no,2,0,0,2,0,,0,0,0,0,2,no,21.520000457763672,2,never,0,,2,4,1,2,3,1,3,1,0
80,1,1,6,,1,2,2,10,0,no,2,0,0,2,0,,0,0,0,0,2,no,,,never,0,,3,4,,,,,,,1
76,2,1,5,5,1,1,0,3,0,yes,2,0,0,2,0,,0,0,0,0,2,no,26.629999160766602,3,never,0,,3,1,1,4.2857141494750977,2,1,3,1,0
80,2,1,4,,3,3,0,3,0,yes,1,0,0,2,0,,0,0,1,0,1,no,28.129999160766602,3,never,0,,3,1,2,0,,1,,1,0
33,2,1,5,,5,2,2,3,0,no,2,0,0,2,0,,0,0,1,0,2,no,19.309999465942383,2,current_every_day,1,1,3,1,2,0,,1,,1,0
60,2,1,6,11,1,1,0,1,0,no,1,0,0,2,0,,0,0,0,0,2,no,34.020000457763672,4,never,0,,3,1,2,0,,1,,1,0
65,2,1,4,9,1,1,0,3,0,yes,1,0,0,2,0,,0,0,0,0,2,no,24.959999084472656,2,current_every_day,1,1,3,2,1,15,1,1,1,1,0
62,2,1,6,9,3,1,0,9,0,no,2,0,0,2,0,,0,0,0,0,2,no,33.889999389648438,4,former,1,3,3,1,2,0,,1,,1,0
37,1,1,6,9,2,1,3,1,0,no,2,0,0,2,0,,0,0,0,0,2,no,26.059999465942383,3,current_every_day,1,1,3,3,1,7,5,2,6,1,0
70,2,6,6,7,3,1,0,3,0,no,2,0,0,2,0,,0,1,0,0,1,no,25.25,3,never,0,,3,1,2,0,,1,,1,0
25,2,3,6,5,5,2,0,2,0,no,2,0,0,2,0,,0,0,0,0,2,no,19.739999771118164,2,never,0,,3,4,2,0,,1,,1,0
52,2,1,6,10,1,1,0,1,0,no,2,0,0,2,0,,0,0,0,0,2,no,22.459999084472656,2,former,1,3,3,1,1,17.142856597900391,1,1,2,1,0
54,1,1,6,7,1,1,0,1,0,no,2,0,0,2,0,,0,0,0,0,2,no,27.120000839233398,3,never,0,,3,1,1,12.857142448425293,2,1,4,1,0
68,1,1,4,,2,1,0,3,0,no,1,0,0,2,0,,,,0,0,2,no,25.110000610351562,3,former,1,3,3,4,1,12.857142448425293,3,1,4,1,0
52,2,6,6,2,2,2,0,3,0,no,1,0,0,2,1,1,0,0,0,0,1,no,33.099998474121094,4,former,1,3,3,1,2,0,,1,,1,0
43,1,1,6,9,1,1,1,1,0,yes,1,0,0,2,0,,0,0,0,0,2,no,27.120000839233398,3,former,1,3,3,2,2,0,,1,,1,0
61,2,1,4,,3,3,0,1,0,yes,2,0,0,2,0,,0,0,0,0,2,no,25.819999694824219,3,current_every_day,1,1,3,1,2,0,,1,,1,0
75,2,1,6,9,2,1,0,3,0,no,1,0,0,2,0,,0,0,0,0,2,no,,,,,,,,,,,,,,1
24,1,1,6,8,1,2,0,1,0,no,,0,0,2,0,,0,0,0,0,2,no,22.149999618530273,2,never,0,,3,4,1,13,2,2,6,1,0
80,2,1,4,,3,1,0,3,0,yes,,0,0,2,0,,0,0,0,1,1,no,21.629999160766602,2,never,0,,3,1,2,0,,1,,1,0
34,1,1,5,10,1,1,4,7,0,no,2,0,0,2,0,,0,0,0,0,1,no,29.110000610351562,3,former,1,3,2,1,1,1,4,1,4,1,0
71,2,1,5,,2,2,0,9,0,yes,1,0,0,2,0,,1,0,0,0,1,diabetes,23.299999237060547,2,never,0,,3,4,2,0,,1,,1,0
49,2,5,6,9,1,2,0,1,0,no,1,0,0,2,0,,0,0,0,0,2,no,22.459999084472656,2,never,0,,3,1,1,1,1,1,1,1,0
46,1,1,4,10,1,1,3,1,0,no,1,0,0,2,0,,0,0,0,0,2,diabetes,30.620000839233398,4,former,1,3,3,4,1,5,6,2,9,1,0
68,1,1,6,9,1,1,0,3,0,no,2,0,0,2,0,,0,1,0,0,2,no,24.110000610351562,2,former,1,3,3,1,1,1,1,1,2,1,0
33,2,3,4,6,5,2,2,9,0,no,2,0,0,2,0,,0,0,0,0,2,no,,,never,0,,3,1,2,0,,1,,1,1
38,2,1,6,10,1,1,3,1,0,no,2,0,0,2,0,,0,0,0,0,2,no,22.239999771118164,2,never,0,,3,1,1,10,1,1,3,1,0
79,1,1,5,7,1,1,0,3,0,no,2,0,0,2,0,,0,0,0,0,1,no,25.799999237060547,3,former,1,3,3,4,1,1,1,1,1,1,0
29,1,5,6,9,1,3,1,,0,no,2,0,0,2,0,,0,0,0,0,2,no,30.409999847412109,4,never,0,,3,1,2,0,,1,,1,0
29,1,1,6,8,5,2,0,1,1,no,,0,0,2,0,,0,0,0,0,2,no,25.680000305175781,3,never,0,,3,2,1,2,5,2,6,1,0
53,1,2,4,10,1,1,0,,1,yes,1,0,0,2,0,,,,,0,1,no,38.389999389648438,4,never,0,,3,1,1,30,6,2,12,2,0
56,2,1,6,5,1,2,0,5,1,no,2,0,0,2,0,,0,0,0,0,2,no,24.959999084472656,2,former,1,3,3,4,1,1,2,2,2,1,0
60,1,1,4,,3,1,0,9,0,yes,1,1,1,1,0,,0,0,0,0,2,no,,,never,0,,1,1,,,,,,,1
69,2,1,6,,1,1,0,3,0,no,1,0,0,2,0,,0,0,0,0,2,no,17.850000381469727,1,never,0,,3,1,1,5,1,1,1,1,0
64,1,1,5,9,1,1,0,1,0,no,2,0,0,2,0,,1,0,0,0,2,no,32.279998779296875,4,former,1,3,3,1,1,30,2,2,6,1,0
78,2,1,4,,1,1,0,3,0,no,2,0,0,2,0,,0,0,0,0,2,no,20.680000305175781,2,never,0,,3,1,2,0,,1,,1,0
72,2,1,6,8,1,1,0,3,0,yes,2,0,0,2,0,,0,0,0,0,2,no,25.079999923706055,3,never,0,,3,1,1,1,1,1,1,1,0
44,2,2,5,6,5,2,4,5,1,no,2,0,0,2,0,,0,0,0,0,2,no,43.599998474121094,4,former,1,3,,,,,,,,,0
56,2,3,4,1,2,3,0,2,1,yes,2,0,0,2,0,,0,0,0,0,2,no,,,,,,,,,,,,,,1
31,1,1,5,,5,3,0,2,0,no,,0,0,2,0,,0,0,0,0,2,no,30.409999847412109,4,never,0,,3,1,1,30,1,2,,1,0
65,2,1,6,7,5,1,0,3,0,yes,2,0,0,2,0,,0,0,0,1,2,no,,,never,0,,3,1,2,0,,1,,1,1
43,1,1,6,,1,,1,1,0,no,2,0,0,2,0,,0,0,0,0,2,no,30.850000381469727,4,never,0,,3,1,1,4.2857141494750977,1,1,1,1,0
35,2,1,6,10,1,1,3,1,0,no,2,0,0,2,0,,0,0,0,0,2,no,27.260000228881836,3,never,0,,3,1,1,4.2857141494750977,2,1,2,1,0
36,1,1,4,9,1,1,3,1,0,no,2,0,0,2,0,,,,0,0,2,no,32.490001678466797,4,never,0,,3,4,1,5,2,2,6,1,0
33,2,1,4,6,1,2,2,5,0,pregnancy_only,,0,0,2,0,,0,0,0,0,2,no,34.110000610351562,4,former,1,3,3,4,1,5,4,2,6,1,0
56,1,4,6,8,2,1,0,1,0,no,2,0,0,2,0,,0,0,0,0,2,no,24.370000839233398,2,never,0,,2,1,1,8.5714282989501953,3,1,4,1,0
20,2,1,5,7,6,2,0,1,0,no,,0,0,2,1,1,0,0,0,0,1,no,20.979999542236328,2,never,0,,3,1,1,1,2,1,2,1,0
31,1,1,6,9,1,2,,1,0,no,2,0,0,2,0,,0,0,0,0,2,no,34.080001831054688,4,never,0,,3,4,1,1,10,2,10,1,0
47,1,2,3,1,4,2,0,3,0,no,2,0,0,2,0,,0,0,0,0,2,no,30.110000610351562,4,former,1,3,3,1,2,0,,1,,1,0
68,1,1,6,7,3,1,0,88,0,no,,0,0,2,0,,0,0,0,0,2,no,26.969999313354492,3,former,1,3,3,1,2,0,,1,,1,0
26,1,1,6,11,5,2,0,1,0,no,2,0,0,2,0,,0,0,0,0,2,no,23.489999771118164,2,never,0,,3,4,1,8.5714282989501953,2,1,3,1,0
60,2,1,6,7,5,1,0,1,0,no,1,0,0,2,0,,0,0,0,0,2,no,35.020000457763672,4,never,0,,3,1,1,1,1,1,1,1,0
44,1,1,6,11,1,1,0,1,0,no,2,0,0,2,0,,0,0,0,0,1,no,27.319999694824219,3,former,1,3,3,1,1,30,2,2,6,1,0
42,2,5,6,7,2,2,1,5,1,no,2,0,0,2,0,,0,0,0,0,2,no,26.450000762939453,3,never,0,,3,1,2,0,,1,,1,0
60,2,1,4,,1,1,,1,0,no,2,1,0,1,0,,0,0,0,0,1,no,,,,,,,,,,,,,,1
66,2,1,6,,1,1,2,3,0,yes,1,0,0,2,0,,0,0,0,0,2,no,,,,,,,,,,,,,,1
28,2,1,1,5,1,2,0,10,0,no,1,0,0,2,0,,0,0,0,0,2,no,20.340000152587891,2,current_every_day,1,1,1,1,1,30,5,2,15,2,0
55,2,2,6,7,1,1,1,10,0,no,1,0,0,2,0,,0,1,0,0,1,no,25.579999923706055,3,never,0,,3,1,2,0,,1,,1,0
80,2,1,6,3,3,3,0,10,0,yes,,0,0,2,0,,0,0,0,1,1,no,32.009998321533203,4,,,,,,,,,,,,0
45,2,1,5,8,1,1,1,1,0,no,2,0,0,2,0,,0,0,0,0,1,no,25.540000915527344,3,never,0,,3,1,1,1,3,1,3,1,0
80,2,1,4,8,1,1,0,3,0,yes,2,0,0,2,0,,0,0,0,0,1,no,,,never,0,,3,1,2,0,,1,,1,1
54,1,1,4,8,1,1,0,1,0,no,2,0,0,2,0,,0,0,0,0,2,no,24.829999923706055,2,former,1,3,3,4,1,12,1,1,1,1,0
80,1,1,4,8,1,1,0,3,0,yes,1,0,0,2,0,,0,0,0,0,1,no,30.129999160766602,4,former,1,3,3,1,2,0,,1,,1,0
30,1,2,5,11,5,3,0,1,0,no,2,0,0,2,0,,0,0,0,0,2,no,25.829999923706055,3,never,0,,3,1,2,0,,1,,1,0
59,1,1,5,11,2,1,0,1,0,no,2,0,0,2,0,,0,0,0,0,2,no,24.409999847412109,2,never,0,,1,1,1,30,3,2,5,2,0
71,1,1,5,3,4,1,0,3,0,yes,1,0,0,2,0,,0,0,0,0,1,prediabetes,36.619998931884766,4,former,1,3,3,1,1,15,2,2,6,1,0
29,1,1,6,7,5,2,0,1,0,no,,0,0,2,0,,0,0,0,0,2,no,27.370000839233398,3,never,0,,3,1,1,4.2857141494750977,3,2,5,1,0
42,1,1,5,8,1,1,2,7,0,yes,2,0,0,2,1,1,0,0,1,0,2,no,29.129999160766602,3,never,0,,3,1,1,17.142856597900391,6,2,7,2,0
30,2,3,6,9,2,1,1,1,0,yes,1,0,0,2,0,,0,0,0,0,2,gestational_only,,,,,,,,,,,,,,1
76,1,1,6,,1,1,0,3,0,yes,2,0,0,2,0,,1,0,0,0,2,no,29.649999618530273,3,former,1,3,3,1,1,8.5714282989501953,1,1,3,1,0
73,2,1,4,6,3,2,0,3,0,no,2,0,0,2,0,,1,0,0,0,1,no,,,,,,,,,,,,,,1
32,1,5,4,5,6,2,2,1,1,yes,,0,0,2,0,,0,0,0,0,2,no,20.040000915527344,2,never,0,,3,1,2,0,,1,,1,0
62,1,1,5,9,1,1,0,1,0,yes,2,0,0,2,0,,0,0,0,0,2,no,42.599998474121094,4,former,1,3,3,1,1,3,1,1,1,1,0
80,2,1,5,7,1,1,0,3,0,no,2,1,0,1,0,,1,0,0,0,1,prediabetes,28.709999084472656,3,never,0,,3,1,2,0,,1,,1,0
80,2,1,5,6,3,1,0,3,0,no,2,0,0,2,0,,0,0,0,0,1,no,26.75,3,former,1,3,3,1,2,0,,1,,1,0
70,1,1,5,6,1,1,0,3,0,yes,2,0,0,2,0,,0,0,0,0,1,no,22.239999771118164,2,never,0,,3,1,2,0,,1,,1,0
38,2,1,5,5,5,2,0,7,0,yes,1,0,0,2,0,,0,0,0,0,2,no,,,never,0,,3,3,1,8.5714282989501953,2,1,2,1,1
80,2,1,6,3,3,2,0,3,0,yes,2,1,0,1,0,,0,0,0,1,1,no,24.659999847412109,2,never,0,,3,4,2,0,,1,,1,0
45,2,1,5,4,1,1,0,5,0,no,2,0,0,2,0,,0,0,0,0,2,no,23.780000686645508,2,,,,,,,,,,,,0
63,2,1,6,,2,1,0,10,1,yes,1,,1,1,0,,0,1,0,0,1,diabetes,34.720001220703125,4,never,0,,3,1,2,0,,1,,1,0
50,1,5,5,6,1,1,4,9,1,yes,1,0,0,2,0,,0,0,0,1,1,diabetes,27.920000076293945,3,former,1,3,3,1,2,0,,1,,1,0
70,1,6,5,6,1,1,0,3,1,yes,2,0,0,2,0,,1,0,0,0,1,no,26.579999923706055,3,never,0,,3,1,1,17.142856597900391,1,1,2,1,0
46,1,1,5,,1,1,2,1,0,no,2,0,0,2,0,,0,0,0,0,2,no,28.059999465942383,3,never,0,,3,1,1,5,1,1,2,1,0
53,2,1,5,8,1,1,0,1,0,yes,1,0,0,2,0,,0,0,0,0,2,no,,,former,1,3,3,3,2,0,,1,,1,1
64,2,5,4,,1,1,0,3,0,yes,2,0,0,2,0,,0,0,0,0,1,diabetes,39.689998626708984,4,never,0,,3,1,2,0,,1,,1,0
73,1,1,4,7,1,1,0,3,0,no,2,0,0,2,0,,1,1,0,0,2,no,24.409999847412109,2,never,0,,3,1,2,0,,1,,1,0
67,2,1,4,,5,1,0,1,0,no,2,0,0,2,1,1,0,0,0,0,2,no,,,,,,,,,,,,,,1
48,2,6,4,5,1,2,1,1,1,no,1,,0,,0,,0,0,0,0,1,diabetes,34.439998626708984,4,never,0,,3,1,2,0,,1,,1,0
36,2,1,5,,1,1,2,1,1,no,2,0,0,2,1,1,0,0,1,0,2,no,27.409999847412109,3,current_every_day,1,1,3,4,1,4,3,2,7,1,0
29,1,1,5,2,5,2,0,9,0,no,2,0,0,2,0,,0,0,0,0,2,no,42.369998931884766,4,former,1,3,3,2,2,0,,1,,1,0
44,1,5,6,9,5,1,0,1,0,yes,1,0,0,2,0,,0,0,0,0,2,no,25.819999694824219,3,former,1,3,3,4,1,5,1,1,2,1,0
77,1,1,6,5,5,1,0,3,0,yes,1,0,1,1,0,,1,1,0,0,1,diabetes,32.779998779296875,4,never,0,,3,4,1,1,1,1,2,1,0
42,2,1,4,4,5,2,0,5,0,no,,0,0,2,0,,0,0,0,0,2,no,35.430000305175781,4,never,0,,3,1,2,0,,1,,1,0
57,1,1,4,,1,1,0,1,0,no,1,0,0,2,0,,0,0,0,0,2,no,25.680000305175781,3,former,1,3,3,1,1,21.428571701049805,1,1,2,1,0
72,2,1,6,6,2,2,0,3,0,yes,2,0,0,2,1,1,0,0,0,0,1,no,36.610000610351562,4,never,0,,3,4,1,30,2,1,3,2,0
65,1,1,4,4,2,2,0,3,0,yes,1,0,0,2,1,1,0,0,1,0,2,diabetes,33.470001220703125,4,former,1,3,1,1,1,20,6,2,9,2,0
68,2,1,6,9,1,1,0,3,0,no,2,0,0,2,0,,1,0,0,0,1,no,22.139999389648438,2,former,1,3,3,1,2,0,,1,,1,0
79,1,1,6,9,1,2,0,3,0,yes,1,0,0,2,0,,1,1,0,1,1,diabetes,27.319999694824219,3,former,1,3,3,1,2,0,,1,,1,0
77,2,1,4,6,1,1,1,3,0,yes,1,0,0,2,0,,0,0,0,0,1,diabetes,36.130001068115234,4,never,0,,3,1,2,0,,1,,1,0
73,2,1,6,8,3,1,3,7,0,yes,1,0,0,2,1,1,0,0,0,0,1,no,29.260000228881836,3,former,1,3,3,1,1,12.857142448425293,1,1,1,1,0
60,1,1,5,6,1,1,0,1,0,yes,2,0,0,2,0,,0,0,0,0,2,no,30.409999847412109,4,never,0,,3,1,2,0,,1,,1,0
80,2,1,4,,1,1,0,3,0,yes,2,0,0,2,0,,0,0,1,0,2,no,24.209999084472656,2,never,0,,3,1,2,0,,1,,1,0
35,1,5,5,,2,2,0,1,0,no,2,0,0,2,0,,0,0,0,0,2,no,30.040000915527344,4,never,0,,3,1,2,0,,1,,1,0
32,1,1,6,11,1,1,2,1,0,no,2,0,0,2,0,,0,0,0,0,2,no,25.680000305175781,3,never,0,,3,1,1,1,1,1,1,1,0
61,2,1,5,9,1,1,0,1,0,no,2,0,0,2,0,,0,0,0,0,1,no,27.780000686645508,3,never,0,,3,1,1,17.142856597900391,4,2,4,2,0
50,2,2,6,9,2,1,1,1,0,no,2,0,0,2,0,,0,0,0,0,2,no,30.670000076293945,4,never,0,,3,1,2,0,,1,,1,0
54,1,1,4,7,5,2,0,5,0,no,,0,0,2,0,,0,1,0,0,2,no,26.610000610351562,3,current_every_day,1,1,3,4,1,28,4,2,7,2,0
32,1,1,6,9,1,1,2,1,1,no,2,0,0,2,0,,0,0,0,0,2,no,29.819999694824219,3,never,0,,3,1,1,8,3,2,6,1,0
61,2,1,4,,2,3,3,5,1,no,2,0,0,2,1,1,0,0,1,0,1,diabetes,62.479999542236328,4,current_some_days,1,2,3,4,2,0,,1,,1,0
65,2,1,3,,1,2,0,3,0,yes,1,,,,0,,0,0,1,0,1,diabetes,27.459999084472656,3,current_every_day,1,1,3,4,2,0,,1,,1,0
42,1,1,6,11,5,1,0,1,0,yes,2,0,0,2,0,,0,0,0,0,2,no,23.670000076293945,2,never,0,,3,1,1,2,1,1,2,1,0
24,1,5,6,6,5,2,0,1,0,no,,0,0,2,1,2,0,0,0,0,2,no,26.579999923706055,3,never,0,,3,1,2,0,,1,,1,0
79,2,1,4,,3,1,0,3,0,yes,1,0,0,2,0,,0,0,0,0,2,no,26.450000762939453,3,never,0,,3,1,2,0,,1,,1,0
45,2,2,6,7,1,2,2,1,0,no,2,0,0,2,0,,0,0,0,0,2,no,25.690000534057617,3,never,0,,3,1,1,1,1,1,1,1,0
37,1,1,6,7,5,1,0,1,0,no,2,0,0,2,0,,0,0,0,0,2,no,28.889999389648438,3,never,0,,3,1,2,0,,1,,1,0
75,1,1,5,6,1,1,0,10,0,yes,1,0,0,2,0,,0,0,0,0,2,diabetes,28.489999771118164,3,never,0,,3,1,2,0,,1,,1,0
73,2,1,5,8,1,1,0,2,0,yes,1,0,0,2,0,,1,1,0,0,1,diabetes,31.959999084472656,4,never,0,,3,1,2,0,,1,,1,0
36,2,3,5,9,1,1,2,1,1,no,2,0,0,2,0,,0,0,0,0,2,no,,,never,0,,3,1,2,0,,1,,1,1
26,2,5,6,,5,1,0,88,0,no,2,0,0,2,1,2,0,0,0,0,2,no,26.569999694824219,3,,,,,,,,,,,,0
60,2,1,4,,2,1,0,1,0,yes,2,0,0,2,0,,0,0,0,0,2,no,22.629999160766602,2,current_every_day,1,1,3,4,2,0,,1,,1,0
54,2,1,6,11,1,1,0,1,0,yes,2,0,0,2,0,,0,0,0,0,2,diabetes,28.319999694824219,3,never,0,,3,1,1,1,1,1,1,1,0
40,1,1,5,,5,1,0,88,1,no,2,0,0,2,1,2,0,0,0,0,1,no,50.130001068115234,4,never,0,,3,1,1,6,2,1,2,1,0
29,2,2,6,9,5,2,0,1,0,no,2,0,0,2,0,,0,0,0,0,2,no,29.120000839233398,3,never,0,,3,1,1,7,3,1,3,1,0
35,1,5,4,5,1,2,2,88,1,no,2,0,0,2,0,,0,0,0,0,2,no,25.200000762939453,3,former,1,3,3,4,1,1,,2,,,0
80,2,1,4,4,3,1,0,3,0,yes,2,0,,,0,,0,0,0,0,1,no,35.430000305175781,4,never,0,,3,1,2,0,,1,,1,0
52,2,1,6,,1,1,1,2,1,no,2,0,0,2,0,,0,1,0,0,2,no,22.149999618530273,2,never,0,,3,1,1,1,1,1,1,1,0
54,2,1,6,7,1,1,1,1,0,no,2,0,0,2,0,,0,0,0,0,1,no,,,never,0,,3,1,2,0,,1,,1,1
60,2,5,5,,2,2,0,1,0,yes,2,0,0,2,1,1,0,0,0,0,1,no,32.889999389648438,4,never,0,,3,1,2,0,,1,,1,0
64,2,4,5,4,1,1,0,9,0,borderline,2,0,0,2,0,,0,0,0,0,2,no,26.450000762939453,3,former,1,3,3,1,1,3,2,1,2,1,0
57,2,1,6,10,1,1,0,10,0,no,2,1,0,1,0,,0,0,0,0,2,no,26.260000228881836,3,former,1,3,3,1,1,1,6,2,6,1,0
72,2,1,4,8,2,1,0,3,0,no,2,0,0,2,0,,0,0,0,0,2,no,22.309999465942383,2,former,1,3,3,1,2,0,,1,,1,0
62,2,1,5,10,1,1,0,10,0,yes,1,0,0,2,0,,0,0,0,0,1,no,32.619998931884766,4,never,0,,3,1,1,2,1,1,1,1,0
38,2,1,4,1,6,2,6,5,0,no,2,0,0,2,0,,0,0,0,0,2,no,23.030000686645508,2,current_some_days,1,2,3,2,1,8.5714282989501953,3,2,8,1,0
37,2,4,4,1,5,1,0,88,0,yes,1,0,0,2,1,1,0,0,0,0,2,diabetes,32.279998779296875,4,never,0,,3,1,2,0,,1,,1,0
23,1,3,6,9,6,2,0,1,0,no,2,0,0,2,1,1,0,0,0,0,2,no,24.370000839233398,2,never,0,,3,1,1,1,5,2,5,1,0
58,2,5,4,,1,1,0,2,0,yes,1,0,0,2,0,,0,0,0,0,2,no,21.260000228881836,2,never,0,,3,1,2,0,,1,,1,0
76,1,1,6,9,1,1,0,3,0,yes,1,0,0,2,0,,1,0,0,1,2,no,26.389999389648438,3,never,0,,3,1,2,0,,1,,1,0
80,2,1,,6,3,1,0,,0,yes,,0,0,2,0,,0,0,0,0,1,no,22.860000610351562,2,former,1,3,3,4,2,0,,1,,1,0
50,1,5,4,6,4,2,0,9,0,no,2,0,0,2,0,,0,0,0,0,2,no,29.120000839233398,3,current_some_days,1,2,3,1,1,2,5,2,12,1,0
55,1,1,4,4,5,1,0,3,1,no,2,0,0,2,1,1,0,1,0,0,2,diabetes,28.549999237060547,3,never,0,,3,1,2,0,,1,,1,0
77,2,1,4,5,3,1,0,3,1,yes,2,0,0,2,0,,0,0,0,0,1,no,20.049999237060547,2,former,1,3,3,1,2,0,,1,,1,0
23,2,5,4,4,5,2,1,1,0,no,2,0,0,2,0,,0,0,0,0,2,no,28.340000152587891,3,never,0,,3,4,2,0,,1,,1,0
29,2,2,4,1,5,2,2,88,0,no,2,0,0,2,0,,0,0,0,0,2,no,46.590000152587891,4,never,0,,3,1,2,0,,1,,1,0
76,1,1,6,6,1,2,0,3,0,no,1,0,0,2,0,,0,0,0,0,2,no,27.799999237060547,3,never,0,,3,1,2,0,,1,,1,0
76,2,1,6,9,1,1,0,3,0,yes,1,0,0,2,0,,1,0,0,0,1,no,25.420000076293945,3,never,0,,3,1,1,4.2857141494750977,1,1,2,1,0
61,2,3,5,8,1,1,0,2,0,no,2,0,0,2,0,,0,0,0,0,1,diabetes,31,4,never,0,,3,1,2,0,,1,,1,0
80,1,1,6,8,1,3,0,3,0,no,2,0,0,2,0,,0,1,0,0,1,no,33.720001220703125,4,former,1,3,3,1,1,15,1,1,1,1,0
74,2,1,5,,2,1,0,3,0,yes,1,0,0,2,0,,0,0,0,0,1,no,23.909999847412109,2,former,1,3,3,1,1,4.2857141494750977,3,,,1,0
32,1,5,6,3,1,2,2,9,0,yes,1,0,0,2,0,,0,0,0,0,2,no,25.610000610351562,3,,,,,,,,,,,,0
55,1,1,6,9,5,1,0,1,0,no,2,0,0,2,0,,0,0,0,0,2,no,23.670000076293945,2,never,0,,3,1,1,2,1,1,2,1,0
80,2,1,6,9,3,1,0,3,0,no,1,0,0,2,0,,1,1,0,0,1,no,23.489999771118164,2,former,1,3,3,4,1,17.142856597900391,1,1,2,1,0
80,2,2,6,,3,1,0,3,0,yes,2,0,0,2,0,,0,0,0,0,2,diabetes,34.009998321533203,4,never,0,,3,1,2,0,,1,,1,0
24,1,1,5,9,5,2,0,1,0,yes,,0,0,2,1,2,0,0,0,0,2,no,23.670000076293945,2,never,0,,3,2,1,17.142856597900391,2,2,7,1,0
72,2,1,6,6,1,1,0,3,0,yes,1,0,0,2,0,,0,1,0,0,2,no,23.170000076293945,2,never,0,,3,1,1,30,2,1,2,2,0
29,2,1,6,8,1,1,0,1,0,no,2,0,0,2,0,,0,0,0,0,2,no,23.909999847412109,2,never,0,,3,4,2,0,,1,,1,0
56,2,1,4,,1,1,,1,0,no,1,0,0,2,1,2,0,0,0,0,2,diabetes,,,,,,,,,,,,,,1
65,1,1,4,8,3,1,0,3,0,no,1,0,0,2,0,,0,0,0,0,2,no,33.470001220703125,4,former,1,3,3,1,2,0,,1,,1,0
58,2,5,4,5,1,1,0,5,0,no,2,0,0,2,0,,0,0,0,0,2,no,23.440000534057617,2,never,0,,3,1,2,0,,1,,1,0
77,2,1,6,4,1,1,0,3,0,no,1,0,0,2,0,,0,0,0,0,1,no,21.950000762939453,2,current_every_day,1,1,3,1,2,0,,1,,1,0
72,2,1,6,,2,1,0,3,0,,2,0,0,2,1,1,0,0,0,0,1,no,28.319999694824219,3,former,1,3,3,1,1,30,1,1,1,1,0
33,2,1,6,8,5,1,0,1,0,no,2,0,0,2,0,,0,0,0,0,1,no,22.049999237060547,2,former,1,3,3,4,1,12,2,2,7,1,0
44,2,5,2,1,1,2,1,88,1,no,2,0,0,2,1,1,0,0,1,0,2,no,30.209999084472656,4,never,0,,3,1,1,1,1,1,1,1,0
68,2,1,4,6,1,1,0,3,0,no,2,0,0,2,0,,1,0,0,0,1,no,24.870000839233398,2,never,0,,3,1,2,0,,1,,1,0
80,2,5,1,,5,2,0,3,0,yes,2,0,0,2,0,,0,0,0,0,1,no,36.580001831054688,4,never,0,,3,1,2,0,,1,,1,0
74,1,1,5,5,3,1,0,3,0,yes,2,0,0,2,0,,0,0,0,1,1,diabetes,39.529998779296875,4,never,0,,3,1,1,2,2,1,2,1,0
75,2,1,6,7,3,1,0,3,0,no,1,0,0,2,1,1,0,0,0,0,2,no,23.909999847412109,2,never,0,,3,1,1,2,1,1,1,1,0
68,1,2,5,8,1,1,0,2,0,yes,1,0,0,2,0,,0,0,0,0,2,diabetes,30.790000915527344,4,never,0,,3,4,1,1,2,1,2,1,0
73,2,1,4,6,3,1,0,3,0,yes,1,0,0,2,1,1,0,0,0,0,1,no,27.989999771118164,3,never,0,,3,1,2,0,,1,,1,0
80,1,1,5,,1,1,0,3,0,yes,2,0,0,2,0,,1,0,0,1,1,no,32.709999084472656,4,former,1,3,3,1,2,0,,1,,1,0
67,1,6,4,3,3,2,0,10,0,yes,1,0,0,2,1,2,0,1,1,0,2,diabetes,25.899999618530273,3,former,1,3,3,1,1,30,8,,,2,0
26,1,1,4,10,1,1,,,0,borderline,2,0,0,2,,,0,0,0,0,2,no,26.540000915527344,3,never,0,,3,4,2,0,,1,,1,0
60,2,2,5,3,2,1,0,3,0,yes,1,0,0,2,0,,0,0,0,1,1,diabetes,40.720001220703125,4,never,0,,3,1,2,0,,1,,1,0
72,1,1,5,7,1,1,0,3,0,yes,2,0,0,2,0,,0,0,0,0,2,no,16.979999542236328,1,former,1,3,3,1,1,6,2,1,2,1,0
39,1,5,5,8,6,1,0,1,0,no,2,0,0,2,0,,0,0,0,0,2,no,28.059999465942383,3,never,0,,3,1,1,10,2,2,5,1,0
20,2,5,4,4,6,2,0,5,0,no,,0,0,2,0,,0,0,0,0,2,no,22.670000076293945,2,never,0,,3,3,2,0,,1,,1,0
29,1,1,5,7,1,1,3,9,1,no,1,0,0,2,1,2,0,0,0,0,2,no,32.779998779296875,4,former,1,3,3,4,1,4,2,2,5,1,0
80,2,5,2,,2,2,0,3,0,yes,1,1,1,1,1,1,0,0,1,0,1,no,23.690000534057617,2,former,1,3,3,1,2,0,,1,,1,0
80,2,1,6,,2,1,0,3,0,yes,1,0,0,2,0,,1,1,0,0,1,no,,,former,1,3,3,1,1,4.2857141494750977,1,1,2,1,1
56,2,1,6,7,2,1,1,1,0,yes,2,0,0,2,0,,0,0,0,0,1,no,36.610000610351562,4,never,0,,3,1,2,0,,1,,1,0
55,2,1,4,1,2,2,0,9,0,no,1,0,0,2,0,,0,0,0,0,2,no,23.129999160766602,2,current_some_days,1,2,3,4,2,0,,1,,1,0
66,2,1,5,8,1,1,0,3,0,no,1,0,0,2,0,,0,0,0,0,2,no,29.270000457763672,3,never,0,,3,1,1,2,2,1,2,1,0
65,2,1,3,2,3,2,0,,0,yes,1,1,1,1,1,1,0,0,1,0,1,,33.520000457763672,4,former,1,3,3,1,2,0,,1,,1,0
52,1,1,6,10,1,1,0,1,0,yes,1,0,0,2,0,,0,0,0,0,1,diabetes,43.759998321533203,4,never,0,,3,1,1,3,2,1,3,1,0
72,2,1,3,,3,2,0,3,0,yes,1,0,0,2,1,1,0,0,1,0,2,no,,,never,0,,3,1,2,0,,1,,1,1
34,1,1,6,7,1,1,1,1,0,no,1,0,0,2,0,,0,0,0,0,2,no,28.799999237060547,3,never,0,,3,1,1,8,3,1,4,1,0
51,2,1,6,11,1,1,0,1,0,no,1,0,0,2,0,,0,0,0,0,1,no,23.909999847412109,2,never,0,,3,1,1,4.2857141494750977,,1,1,,0
63,1,1,5,10,1,1,0,1,0,yes,1,0,0,2,0,,0,0,0,0,1,diabetes,31.459999084472656,4,never,0,,3,1,2,0,,1,,1,0
59,2,1,5,9,1,1,0,7,0,no,2,0,0,2,0,,0,0,0,0,2,no,23.739999771118164,2,former,1,3,3,1,1,4.2857141494750977,2,1,3,1,0
65,2,1,6,9,1,1,0,3,0,no,2,0,0,2,0,,0,0,0,0,2,no,22.809999465942383,2,never,0,,3,1,1,4,1,1,2,1,0
55,2,1,6,,2,1,2,1,0,yes,1,0,0,2,0,,0,0,0,0,2,no,29.690000534057617,3,never,0,,3,1,2,0,,1,,1,0
51,2,1,6,9,1,1,0,1,0,yes,1,0,0,2,0,,0,0,0,0,2,no,35.189998626708984,4,never,0,,3,1,1,5,2,1,3,1,0
78,2,1,4,,1,1,0,3,0,yes,1,0,1,1,0,,0,0,0,0,1,diabetes,23.739999771118164,2,never,0,,3,4,2,0,,1,,1,0
74,1,1,6,11,1,1,0,3,0,yes,1,1,1,1,0,,1,1,0,0,2,diabetes,25.520000457763672,3,never,0,,3,1,1,5,3,1,4,1,0
53,1,1,6,9,1,1,1,1,0,yes,1,0,0,2,1,1,0,1,0,0,2,no,34.439998626708984,4,never,0,,3,1,1,5,1,1,2,1,0
72,1,1,4,8,3,1,0,3,0,borderline,1,0,0,2,0,,1,1,0,0,1,no,33.119998931884766,4,former,1,3,3,1,1,4.2857141494750977,1,1,1,1,0
75,2,1,3,,2,2,0,3,0,no,1,1,0,1,,,0,0,1,0,1,no,26.780000686645508,3,former,1,3,3,1,2,0,,1,,1,0
80,2,1,5,5,2,1,0,3,0,no,2,0,0,2,0,,0,0,0,0,1,no,19.790000915527344,2,never,0,,3,1,2,0,,1,,1,0
59,2,1,6,7,1,1,0,2,0,no,2,0,0,2,0,,0,0,0,0,2,no,19.770000457763672,2,never,0,,3,1,1,25,1,1,1,1,0
49,2,2,6,9,1,1,0,1,0,yes,1,0,0,2,0,,0,0,0,0,2,no,29.450000762939453,3,never,0,,3,1,2,0,,1,,1,0
23,2,1,6,2,5,2,0,,0,no,2,0,0,2,0,,0,0,0,0,1,no,23.709999084472656,2,never,0,,3,1,2,0,,1,,1,0
22,2,1,5,5,5,2,0,1,0,no,2,0,0,2,0,,0,0,0,0,2,no,38.349998474121094,4,former,1,3,3,4,1,1,1,1,1,1,0
29,2,3,6,11,1,1,2,1,0,no,2,0,0,2,1,2,0,0,0,0,2,no,25.399999618530273,3,never,0,,3,1,2,0,,1,,1,0
79,1,1,4,6,3,1,0,3,0,yes,1,1,1,1,0,,0,1,1,1,2,diabetes,29.790000915527344,3,former,1,3,3,4,2,0,,1,,1,0
39,2,1,6,9,1,1,2,1,0,no,1,0,0,2,1,1,0,0,0,0,2,no,36.580001831054688,4,never,0,,3,1,2,0,,1,,1,0
72,1,1,5,5,1,1,0,3,0,no,2,1,0,1,0,,0,0,0,0,2,diabetes,32.889999389648438,4,former,1,3,3,1,2,0,,1,,1,0
51,2,1,6,,1,1,0,,0,no,2,0,0,2,0,,0,1,0,0,2,no,,,never,0,,3,1,2,0,,1,,1,1
80,2,1,6,7,2,1,0,3,0,yes,2,0,1,1,0,,1,0,0,0,1,no,37.119998931884766,4,never,0,,3,4,2,0,,1,,1,0
56,2,1,6,8,1,1,0,1,1,yes,1,0,0,2,0,,0,0,0,0,1,no,,,never,0,,3,1,2,0,,1,,1,1
32,2,1,6,7,1,2,0,9,1,no,2,0,0,2,0,,0,0,0,0,2,no,22.670000076293945,2,never,0,,3,1,2,0,,1,,1,0
25,1,1,4,7,6,2,1,1,1,yes,,0,0,2,0,,0,0,0,0,2,no,25.069999694824219,3,never,0,,3,1,1,1,1,1,1,1,0
65,1,1,6,10,2,1,0,3,0,yes,,0,0,2,1,2,0,0,0,0,1,no,41.419998168945312,4,never,0,,3,1,1,28,3,2,5,2,0
57,2,1,4,7,1,2,0,7,0,yes,1,0,0,2,0,,0,1,0,0,2,no,26.780000686645508,3,current_every_day,1,1,3,1,1,30,7,2,12,2,0
55,2,1,6,8,5,2,0,1,0,no,2,0,0,2,0,,0,1,0,0,2,no,21.139999389648438,2,never,0,,3,1,1,3,2,1,2,1,0
49,2,1,6,11,1,1,1,1,0,no,1,0,0,2,0,,0,0,0,0,1,no,56.490001678466797,4,never,0,,3,1,1,4.2857141494750977,2,1,2,1,0
18,1,3,4,9,5,1,1,1,0,no,1,0,0,2,0,,0,0,0,0,2,no,18.129999160766602,1,never,0,,3,1,2,0,,1,,1,0
62,1,4,3,4,5,,0,5,0,yes,1,0,0,2,0,,0,0,1,0,1,no,25.090000152587891,3,never,0,,3,4,2,0,,1,,1,0
61,2,1,5,6,1,1,0,1,0,yes,1,0,0,2,0,,0,1,0,0,2,no,29.120000839233398,3,never,0,,3,1,2,0,,1,,1,0
73,1,1,5,6,1,1,0,7,0,no,2,0,0,2,1,1,0,0,1,0,1,no,18.319999694824219,1,current_some_days,1,2,3,1,2,0,,1,,1,0
65,2,1,4,5,1,1,1,3,1,yes,1,0,0,2,0,,0,1,0,1,1,no,29.950000762939453,3,current_some_days,1,2,3,1,2,0,,1,,1,0
26,1,1,4,2,5,2,0,5,0,no,,0,0,2,0,,0,0,0,0,1,no,37.880001068115234,4,current_every_day,1,1,3,3,2,0,,1,,1,0
38,2,1,6,11,1,1,0,1,0,no,2,0,0,2,0,,0,0,0,0,2,no,19.489999771118164,2,never,0,,3,1,1,5,1,1,1,1,0
22,1,5,5,,5,2,0,9,0,no,,0,0,2,0,,0,0,0,0,2,no,25.040000915527344,3,never,0,,3,1,2,0,,1,,1,0
40,2,1,5,7,3,1,0,10,0,no,,0,0,2,0,,0,1,0,0,1,no,35.310001373291016,4,current_some_days,1,2,3,3,2,0,,1,,1,0
76,1,1,4,8,1,1,0,1,0,no,1,0,0,2,1,1,0,1,0,0,2,diabetes,26.540000915527344,3,former,1,3,3,4,1,4.2857141494750977,2,1,2,1,0
73,1,6,6,5,3,2,0,3,0,no,1,0,1,1,0,,0,1,1,0,2,diabetes,25.799999237060547,3,former,1,3,3,4,2,0,,1,,1,0
72,1,1,5,,5,1,0,2,0,yes,1,0,0,2,0,,0,0,0,0,2,diabetes,,,,,,,,,,,,,,1
53,2,2,5,7,1,1,0,1,0,yes,2,0,0,2,0,,0,1,0,0,2,no,38.860000610351562,4,never,0,,3,1,1,4,1,1,1,1,0
47,1,1,6,11,1,1,2,1,0,no,2,0,0,2,0,,0,0,0,0,1,no,28.659999847412109,3,never,0,,3,1,1,4.2857141494750977,1,1,2,1,0
67,2,1,6,8,2,1,0,3,0,yes,1,0,0,2,0,,0,0,0,0,2,no,26.450000762939453,3,former,1,3,3,1,1,8.5714282989501953,2,1,2,1,0
41,1,1,6,11,1,1,2,1,0,no,2,0,0,2,1,2,0,0,0,0,2,no,27.840000152587891,3,never,0,,3,1,1,1,1,1,1,1,0
63,2,2,4,1,1,2,0,5,0,yes,1,0,0,2,1,1,0,0,0,1,2,diabetes,36.020000457763672,4,never,0,,3,1,2,0,,1,,1,0
79,2,1,6,,1,1,0,3,0,yes,1,0,0,2,0,,1,1,0,0,1,prediabetes,32.610000610351562,4,never,0,,3,1,2,0,,1,,1,0
64,1,6,6,,1,1,0,2,0,yes,1,0,1,1,1,2,0,0,0,0,2,diabetes,28.700000762939453,3,,,,,,,,,,,,0
67,1,1,6,,,1,0,3,0,no,2,0,0,2,0,,0,0,0,0,2,no,,,former,1,3,3,1,2,0,,1,,1,1
60,1,5,4,,2,2,0,88,0,no,,0,0,2,0,,0,0,0,0,2,no,,,former,1,3,3,1,2,0,,1,,1,1
40,2,5,6,3,5,1,0,2,0,no,2,0,0,2,0,,0,0,0,0,2,no,20.510000228881836,2,never,0,,3,1,2,0,,1,,1,0
80,2,1,5,,3,1,0,3,0,borderline,2,0,0,2,0,,1,0,0,0,1,no,23.559999465942383,2,never,0,,3,1,2,0,,1,,1,0
63,2,1,5,10,2,1,0,2,0,no,1,0,0,2,0,,0,0,0,0,2,no,25.5,3,former,1,3,3,1,1,3,1,1,2,1,0
70,1,1,6,7,1,1,0,3,0,yes,1,0,1,1,0,,0,0,0,0,1,diabetes,23.819999694824219,2,current_every_day,1,1,3,4,2,0,,1,,1,0
45,1,4,5,,5,2,0,88,1,yes,2,0,0,2,0,,0,0,0,0,2,no,39.580001831054688,4,former,1,3,3,2,1,1,1,1,1,1,0
67,1,2,,7,3,1,1,1,0,yes,1,0,0,2,0,,0,0,0,1,2,no,27.549999237060547,3,never,0,,3,1,1,12.857142448425293,2,1,3,1,0
80,1,3,6,9,1,1,0,1,0,no,1,0,0,2,0,,0,0,0,0,1,no,24.889999389648438,2,never,0,,3,1,1,20,1,1,2,1,0
71,2,1,5,9,1,1,0,3,0,no,1,0,0,2,0,,0,0,0,1,2,no,30.229999542236328,4,never,0,,3,1,2,0,,1,,1,0
66,2,1,5,6,2,1,0,3,0,yes,1,0,0,2,0,,0,0,0,0,1,no,28.290000915527344,3,former,1,3,3,1,1,15,2,2,4,1,0
62,1,1,6,8,1,1,0,2,0,yes,1,1,1,1,0,,0,0,0,0,2,no,31.930000305175781,4,never,0,,3,1,1,15,2,1,3,1,0
38,2,1,4,,1,2,2,3,0,no,2,0,,,1,1,0,0,1,0,1,no,21.299999237060547,2,never,0,,3,1,2,0,,1,,1,0
51,1,1,6,,1,1,0,3,0,yes,1,0,0,2,0,,0,0,0,0,2,no,26.579999923706055,3,never,0,,3,1,1,15,1,1,3,1,0
53,2,1,5,,5,1,0,1,0,no,2,0,0,2,0,,0,0,0,0,2,no,,,never,0,,3,1,2,0,,1,,1,1
50,2,1,6,9,1,1,3,1,0,no,1,0,0,2,0,,0,0,0,0,2,diabetes,28.059999465942383,3,never,0,,3,1,2,0,,1,,1,0
80,2,1,6,7,2,,0,3,0,yes,,0,0,2,0,,,0,0,0,1,no,26.450000762939453,3,former,1,3,3,1,1,30,1,1,1,1,0
76,2,1,5,7,2,1,1,3,0,yes,1,0,0,2,1,1,0,0,0,0,1,no,29.760000228881836,3,former,1,3,3,1,2,0,,1,,1,0
59,2,1,6,10,1,1,2,1,0,no,2,0,0,2,0,,1,0,0,0,2,no,26.569999694824219,3,never,0,,3,1,2,0,,1,,1,0
69,1,1,5,6,5,1,0,3,0,yes,2,0,0,2,0,,0,0,0,0,2,no,25.069999694824219,3,current_every_day,1,1,3,1,1,1,1,1,2,1,0
80,2,1,4,,,,0,,0,no,2,0,0,2,0,,0,0,0,0,2,no,,,never,0,,3,1,2,0,,1,,1,1
23,1,1,6,7,5,2,0,10,0,no,2,0,0,2,0,,0,0,0,0,2,no,29.530000686645508,3,former,1,3,3,4,1,17.142856597900391,4,2,7,2,0
80,1,1,4,6,3,1,0,3,0,yes,1,1,1,1,0,,1,1,1,0,1,no,27.120000839233398,3,never,0,,3,4,1,4.2857141494750977,1,1,1,1,0
65,1,2,4,,2,1,0,3,0,yes,2,0,0,2,0,,0,0,0,0,2,no,27.889999389648438,3,never,0,,3,1,2,0,,1,,1,0
55,1,5,6,9,1,1,0,1,0,no,2,0,0,2,0,,0,0,0,0,2,no,22.149999618530273,2,never,0,,3,1,1,4.2857141494750977,1,1,1,1,0
30,1,5,4,4,1,2,1,10,0,no,,0,0,2,0,,0,0,0,0,2,no,27.120000839233398,3,never,0,,3,1,1,4.2857141494750977,3,,5,1,0
39,1,1,4,8,1,1,1,1,0,yes,2,0,0,2,0,,0,0,0,0,2,no,37.599998474121094,4,never,0,,3,1,1,2,2,1,2,1,0
73,2,1,6,,1,1,0,3,0,no,1,0,0,2,0,,0,0,0,0,1,no,26.629999160766602,3,former,1,3,3,1,1,30,2,1,3,2,0
78,1,1,5,5,1,1,0,3,0,yes,2,0,0,2,0,,0,0,0,0,1,diabetes,29.290000915527344,3,former,1,3,3,1,2,0,,1,,1,0
75,1,1,6,,1,1,0,3,0,yes,2,0,0,2,0,,0,0,0,0,1,no,24.969999313354492,2,never,0,,3,4,1,4.2857141494750977,1,1,1,1,0
39,1,3,6,9,5,3,1,3,0,yes,1,0,0,2,0,,0,0,0,0,1,no,29.809999465942383,3,current_every_day,1,1,3,1,2,0,,1,,1,0
80,2,1,5,5,3,1,0,3,0,yes,2,0,0,2,0,,0,0,0,0,2,no,21.469999313354492,2,never,0,,3,1,1,1,1,1,1,1,0
24,2,1,6,8,1,1,0,1,0,no,2,0,0,2,0,,0,0,0,0,2,no,,,,,,,,,,,,,,1
28,2,3,6,,5,2,0,10,0,no,2,0,0,2,0,,0,0,0,0,2,no,,,never,0,,3,1,2,0,,1,,1,1
36,2,1,5,,1,2,0,10,0,no,,0,0,2,0,,0,0,0,0,2,no,20.629999160766602,2,never,0,,3,1,2,0,,1,,1,0
67,2,1,4,6,1,1,3,3,0,no,2,0,0,2,0,,1,0,0,0,2,no,26.520000457763672,3,current_every_day,1,1,3,4,1,1,1,1,1,1,0
52,2,5,6,7,2,1,0,1,0,yes,1,0,0,2,0,,0,0,0,0,2,no,27.440000534057617,3,never,0,,3,1,2,0,,1,,1,0
40,1,1,5,8,1,2,2,1,0,yes,1,0,0,2,0,,0,0,0,0,2,no,26.959999084472656,3,never,0,,2,1,1,25.714284896850586,6,2,25,2,0
22,1,1,6,5,6,2,0,1,0,no,,0,0,2,0,,0,0,0,0,2,no,26.959999084472656,3,never,0,,3,4,1,8.5714282989501953,4,2,10,1,0
80,2,1,5,5,1,1,0,3,0,yes,,0,0,2,0,,0,0,0,0,1,no,29.260000228881836,3,never,0,,3,1,2,0,,1,,1,0
66,2,1,4,6,1,1,0,3,0,yes,1,0,0,2,0,,1,0,0,0,2,diabetes,28.350000381469727,3,never,0,,3,1,2,0,,1,,1,0
27,2,1,5,6,5,1,3,1,0,no,,0,0,2,0,,0,0,0,0,2,no,25.75,3,never,0,,3,1,2,0,,1,,1,0
65,1,1,6,8,1,1,4,1,0,yes,1,0,0,2,1,1,0,0,0,0,2,no,26.299999237060547,3,never,0,,3,1,2,0,,1,,1,0
48,2,2,6,,,,0,1,0,yes,1,0,0,2,1,1,0,0,0,1,1,diabetes,37.590000152587891,4,current_every_day,1,1,3,1,1,30,24,2,24,2,0
62,1,1,6,8,1,1,0,10,0,yes,2,0,0,2,0,,0,0,0,0,2,no,27.889999389648438,3,never,0,,3,1,1,15,2,,,1,0
47,1,1,3,8,1,2,2,1,0,no,2,0,0,2,0,,0,0,0,0,1,no,42.040000915527344,4,former,1,3,3,2,2,0,,1,,1,0
54,2,1,4,5,2,1,0,88,0,yes,2,0,0,2,0,,0,0,0,0,2,no,35.430000305175781,4,never,0,,3,1,2,0,,1,,1,0
69,2,2,4,,5,1,0,,0,yes,1,0,0,2,0,,0,0,0,0,1,diabetes,33.279998779296875,4,never,0,,3,1,2,0,,1,,1,0
80,1,1,5,7,3,1,0,3,0,no,1,0,0,2,0,,0,0,0,0,2,no,23.569999694824219,2,never,0,,3,1,1,17.142856597900391,1,1,1,1,0
65,1,1,4,5,1,1,0,3,0,no,,0,0,2,1,2,0,0,0,0,2,no,29.569999694824219,3,current_every_day,1,1,3,4,2,0,,1,,1,0
46,1,1,5,11,1,1,1,1,0,no,2,0,0,2,0,,0,0,0,0,2,no,24.969999313354492,2,former,1,3,3,1,1,20,2,1,3,1,0
80,1,1,4,8,1,1,0,3,0,yes,2,0,0,2,1,1,1,1,0,0,1,no,33.979999542236328,4,never,0,,3,1,2,0,,1,,1,0
66,2,1,6,8,3,1,0,3,0,yes,1,0,0,2,0,,1,0,0,0,2,no,27.409999847412109,3,never,0,,3,1,1,4.2857141494750977,1,1,1,1,0
39,1,1,4,6,2,1,3,7,0,no,,0,0,2,0,,0,0,0,0,1,no,27.799999237060547,3,never,0,,3,1,1,3,3,2,9,1,0
20,1,1,4,,5,2,,1,1,no,,0,0,2,0,,0,0,0,0,2,,,,,,,,,,,,,,,1
64,2,1,6,,1,1,0,1,0,yes,1,0,0,2,0,,0,0,0,0,2,no,,,never,0,,3,1,2,0,,1,,1,1
39,1,1,6,8,1,1,3,7,0,no,2,0,0,2,0,,0,0,0,0,2,no,25.819999694824219,3,former,1,3,3,1,2,0,,1,,1,0
70,2,1,5,3,2,2,0,3,0,no,2,0,0,2,,,0,0,0,0,1,no,32.610000610351562,4,never,0,,3,1,1,4,1,1,2,1,0
33,1,1,5,,6,1,0,5,0,no,1,0,0,2,0,,0,0,0,0,2,no,33.720001220703125,4,never,0,,3,1,2,0,,1,,1,0
18,1,6,4,,5,3,1,9,0,no,,0,0,2,0,,0,0,0,0,2,no,23.010000228881836,2,never,0,,3,1,2,0,,1,,1,0
43,1,1,6,7,1,1,7,1,0,no,,0,0,2,0,,0,0,0,0,2,no,35.869998931884766,4,never,0,,3,1,1,6,2,1,3,1,0
29,2,1,6,8,1,2,0,1,0,no,1,0,0,2,0,,0,0,0,0,2,no,25.020000457763672,3,never,0,,3,1,1,4.2857141494750977,1,1,1,1,0
72,1,1,5,,5,1,0,3,0,yes,1,0,0,2,0,,0,1,1,0,1,no,22.079999923706055,2,former,1,3,3,1,1,30,,,,,0
77,1,1,4,8,1,1,0,3,0,yes,2,0,0,2,0,,0,0,0,0,1,no,35.080001831054688,4,former,1,3,3,1,2,0,,1,,1,0
39,1,1,5,10,1,1,2,1,0,yes,,0,0,2,0,,0,0,0,0,2,no,22.959999084472656,2,never,0,,3,1,1,8.5714282989501953,3,2,6,1,0
57,1,3,6,,1,1,0,,0,no,2,0,0,2,0,,0,0,0,0,2,no,28.700000762939453,3,former,1,3,1,2,2,0,,1,,1,0
38,2,1,6,8,1,1,3,1,0,no,1,0,0,2,0,,1,0,0,0,2,no,20.360000610351562,2,never,0,,3,1,1,21.428571701049805,1,1,2,1,0
48,1,1,4,8,4,1,0,1,0,yes,2,0,0,2,0,,0,0,0,0,1,no,40.180000305175781,4,never,0,,3,1,1,2,1,1,1,1,0
43,1,3,6,11,1,1,1,1,0,no,1,0,0,2,0,,0,0,0,0,2,diabetes,27.969999313354492,3,never,0,,3,1,1,1,1,1,1,1,0
77,1,1,5,7,5,1,0,1,0,yes,1,0,0,2,0,,0,1,0,0,1,no,28.290000915527344,3,former,1,3,3,1,1,4.2857141494750977,2,1,2,1,0
50,2,1,6,,1,1,0,9,0,yes,2,0,0,2,1,1,0,0,0,0,2,diabetes,39.529998779296875,4,former,1,3,3,1,1,12.857142448425293,3,2,5,2,0
67,1,1,5,,2,3,0,3,0,yes,2,0,0,2,0,,0,0,0,0,1,no,28.059999465942383,3,current_some_days,1,2,3,1,1,4.2857141494750977,6,2,10,1,0
30,1,1,6,9,5,2,0,1,0,no,2,0,0,2,0,,0,0,0,0,2,no,24.370000839233398,2,never,0,,3,1,1,12.857142448425293,,,,,0
46,1,1,6,11,1,1,0,1,0,yes,2,0,0,2,0,,0,0,0,0,2,no,28.479999542236328,3,former,1,3,3,4,1,21.428571701049805,3,2,10,2,0
80,2,1,4,4,1,1,0,3,0,yes,1,0,0,2,0,,1,0,0,0,2,no,23.629999160766602,2,never,0,,3,1,2,0,,1,,1,0
38,2,1,6,,1,1,2,1,0,pregnancy_only,,0,0,2,1,1,0,0,0,0,2,no,,,,,,,,,,,,,,1
67,2,1,6,8,1,1,0,3,0,yes,2,0,0,2,1,1,0,0,0,0,2,no,25.75,3,never,0,,3,4,2,0,,1,,1,0
64,1,2,4,8,4,2,0,1,0,no,2,0,0,2,0,,0,1,0,0,2,no,23.489999771118164,2,never,0,,3,1,2,0,,1,,1,0
79,1,1,6,,1,1,0,2,0,no,2,0,0,2,0,,0,0,0,0,1,diabetes,26.989999771118164,3,former,1,3,3,4,2,0,,1,,1,0
71,1,1,3,4,3,2,0,3,1,yes,,0,0,2,0,,0,1,0,0,1,diabetes,35.779998779296875,4,never,0,,3,,2,0,,1,,1,0
26,2,1,6,10,6,2,0,1,0,no,2,0,0,2,0,,0,0,0,0,2,no,22.860000610351562,2,never,0,,3,1,1,17.142856597900391,1,1,1,1,0
54,1,6,5,9,6,1,0,1,0,no,2,0,0,2,0,,0,0,0,0,2,no,30.409999847412109,4,former,1,3,3,4,2,0,,1,,1,0
67,2,4,5,5,2,2,0,3,0,yes,1,0,0,2,1,1,0,0,0,0,2,no,27.809999465942383,3,,,,,,,,,,,,0
67,2,3,6,7,1,1,0,3,0,no,1,0,0,2,1,2,0,0,0,0,2,no,24.559999465942383,2,never,0,,3,1,2,0,,1,,1,0
59,2,1,4,8,3,1,0,1,0,no,2,0,0,2,0,,0,0,0,0,1,no,,,former,1,3,3,1,1,4,1,1,1,1,1
58,2,1,6,,,,0,1,0,no,2,0,0,2,1,1,0,0,0,0,2,no,,,never,0,,3,1,2,0,,1,,1,1
43,1,1,6,9,1,1,0,1,0,no,1,0,0,2,0,,0,1,0,0,2,no,25.020000457763672,3,former,1,3,3,2,2,0,,1,,1,0
33,2,5,4,5,6,2,2,1,0,no,2,0,0,2,0,,0,0,0,0,2,no,38.979999542236328,4,,,,,,,,,,,,0
47,1,5,4,4,4,2,0,5,1,no,1,0,0,2,0,,0,0,0,0,2,no,25.200000762939453,3,never,0,,3,1,1,1,15,2,15,1,0
79,2,1,4,6,3,1,0,2,0,yes,1,0,0,2,1,1,1,0,1,0,1,prediabetes,31.75,4,former,1,3,3,4,2,0,,1,,1,0
72,1,1,5,,1,1,0,3,0,yes,2,0,0,2,0,,1,0,0,1,1,no,18.459999084472656,1,former,1,3,3,1,2,0,,1,,1,0
50,2,1,5,5,1,1,0,88,1,no,1,0,0,2,0,,0,0,0,0,1,no,32.009998321533203,4,former,1,3,3,1,1,10,2,1,3,1,0
36,2,3,6,,2,1,2,1,0,no,1,0,0,2,0,,0,0,0,0,2,gestational_only,22.139999389648438,2,never,0,,3,1,1,4.2857141494750977,1,1,2,1,0
64,2,4,3,1,3,1,0,5,0,yes,1,0,0,2,0,,0,0,0,0,1,diabetes,28.870000839233398,3,former,1,3,3,1,2,0,,1,,1,0
41,1,3,4,5,1,1,4,9,0,no,,0,0,2,0,,0,0,,0,2,no,,,,,,,,,,,,,,1
35,1,1,4,10,2,1,0,2,0,no,2,0,0,2,0,,0,0,0,0,2,no,26.540000915527344,3,former,1,3,3,3,1,3,3,2,6,1,0
35,1,1,5,7,5,1,0,1,0,no,2,0,0,2,0,,0,0,0,0,2,no,34.459999084472656,4,current_every_day,1,1,3,1,1,1,2,1,10,1,0
64,1,4,5,2,3,1,0,1,0,yes,2,0,0,2,0,,0,0,0,0,2,no,27.459999084472656,3,former,1,3,3,1,2,0,,1,,1,0
58,2,2,4,1,3,2,0,5,0,yes,1,0,0,2,0,,0,0,0,0,2,no,33.840000152587891,4,never,0,,3,1,2,0,,1,,1,0
54,1,1,6,10,6,1,0,1,0,yes,2,0,0,2,0,,0,0,0,0,2,no,29.989999771118164,3,never,0,,3,1,1,8.5714282989501953,5,2,10,1,0
40,2,1,5,7,1,1,4,1,1,yes,2,1,0,1,1,2,0,1,0,0,1,gestational_only,35.779998779296875,4,current_every_day,1,1,3,4,2,0,,1,,1,0
25,1,1,4,,5,2,0,10,0,no,2,0,0,2,0,,0,0,0,0,2,no,37.119998931884766,4,former,1,3,3,4,2,0,,1,,1,0
20,2,1,5,6,5,2,0,2,0,no,,0,0,2,0,,0,0,0,0,2,no,25.059999465942383,3,never,0,,3,1,1,5,4,2,7,1,0
54,2,1,,,,,1,2,0,no,2,0,0,2,0,,0,0,0,0,2,no,,,,,,,,,,,,,,1
40,2,1,6,11,1,1,1,1,0,pregnancy_only,1,0,0,2,0,,0,0,0,0,2,no,27.459999084472656,3,former,1,3,2,1,1,1,2,1,2,1,0
67,2,1,5,6,1,2,0,3,0,no,2,0,0,2,0,,0,1,0,0,1,no,24.270000457763672,2,never,0,,3,1,2,0,,1,,1,0
42,1,5,6,10,1,1,2,1,0,yes,2,0,0,2,1,2,0,0,0,0,2,no,,,former,1,3,3,1,1,1,1,1,1,1,1
57,1,1,4,5,2,1,1,10,0,yes,2,0,0,2,0,,0,0,0,0,2,no,31.569999694824219,4,never,0,,3,1,1,15,5,2,10,2,0
32,1,1,6,9,5,3,0,1,0,no,2,0,0,2,0,,0,0,0,0,2,no,22.959999084472656,2,never,0,,3,1,2,0,,1,,1,0
80,2,1,4,,3,1,0,3,0,yes,1,0,0,2,0,,0,0,0,0,1,no,31.75,4,never,0,,3,1,2,0,,1,,1,0
75,2,1,5,1,2,1,0,3,0,no,2,0,0,2,0,,0,1,0,0,2,diabetes,36.049999237060547,4,never,0,,3,1,2,0,,1,,1,0
60,1,1,6,7,2,1,0,3,0,yes,2,0,0,2,0,,0,0,0,0,1,no,26.120000839233398,3,former,1,3,3,1,1,4,1,1,2,1,0
73,1,1,5,,1,1,0,3,0,no,1,0,0,2,0,,0,0,0,0,1,no,23.729999542236328,2,never,0,,3,1,1,30,24,1,24,2,0
41,1,4,4,11,1,1,2,1,0,no,2,0,0,2,0,,0,0,0,0,2,no,26.450000762939453,3,former,1,3,3,1,1,17.142856597900391,3,2,8,1,0
66,1,1,6,9,1,1,0,1,0,yes,1,0,0,2,0,,0,0,0,0,1,diabetes,27.370000839233398,3,former,1,3,3,4,1,4.2857141494750977,3,2,5,1,0
79,1,1,6,9,1,1,0,3,0,no,1,0,0,2,0,,0,0,0,0,1,no,26.579999923706055,3,former,1,3,3,1,1,4.2857141494750977,1,1,1,1,0
43,2,3,6,,1,1,1,1,0,no,2,0,0,2,0,,0,0,0,0,2,no,21.950000762939453,2,never,0,,3,1,1,30,1,2,5,1,0
29,2,5,6,8,5,2,2,3,0,no,,0,0,2,1,2,0,0,0,0,2,no,,,never,0,,3,1,1,3,3,2,4,1,1
80,2,1,5,5,3,1,0,3,0,yes,1,0,0,2,0,,0,1,0,0,1,diabetes,31,4,former,1,3,3,1,2,0,,1,,1,0
64,2,1,4,3,4,1,0,88,1,no,2,0,0,2,0,,0,0,0,0,2,no,29.290000915527344,3,current_every_day,1,1,3,4,2,0,,1,,1,0
80,2,1,4,4,3,1,0,3,0,yes,1,1,0,1,0,,0,1,0,0,1,no,15.819999694824219,1,never,0,,3,1,2,0,,1,,1,0
64,2,1,5,6,1,1,0,1,0,no,1,0,0,2,0,,1,0,1,0,1,no,22.829999923706055,2,current_every_day,1,1,3,2,2,0,,1,,1,0
25,1,1,4,5,5,2,0,3,0,no,,0,0,2,0,,0,0,0,0,2,no,23.110000610351562,2,never,0,,3,4,2,0,,1,,1,0
24,1,1,6,8,5,3,2,1,0,no,2,0,0,2,0,,0,0,0,0,2,no,23.090000152587891,2,never,0,,3,1,2,0,,1,,1,0
37,2,1,6,8,1,1,2,2,0,no,,0,0,2,1,1,0,0,0,0,2,no,25.829999923706055,3,former,1,3,3,1,1,4,1,1,1,1,0
38,2,6,4,5,5,2,4,3,0,no,,0,0,2,0,,0,0,0,0,2,no,22.270000457763672,2,current_every_day,1,1,3,1,2,0,,1,,1,0
37,1,5,5,6,1,1,,88,1,no,,0,1,1,1,2,0,0,0,0,2,no,24.219999313354492,2,never,0,,3,1,2,0,,1,,1,0
32,2,4,5,,2,2,0,5,1,no,2,0,0,2,0,,0,0,0,0,2,diabetes,35.430000305175781,4,former,1,3,3,2,2,0,,1,,1,0
44,1,1,6,11,1,1,1,1,0,no,2,0,0,2,0,,0,0,0,0,2,no,33.380001068115234,4,former,1,3,3,4,1,21.428571701049805,5,2,12,2,0
73,1,1,4,6,1,2,0,3,0,yes,1,0,0,2,0,,0,1,0,1,1,diabetes,29.530000686645508,3,former,1,3,3,1,2,0,,1,,1,0
77,2,2,2,,2,2,0,3,0,yes,2,0,0,2,0,,0,0,0,0,1,no,32.770000457763672,4,never,0,,3,1,2,0,,1,,1,0
52,1,1,6,,1,1,,1,0,no,2,0,0,2,1,2,1,1,0,0,2,no,23.629999160766602,2,,,,,,,,,,,,0
49,2,4,4,5,4,1,1,9,0,yes,1,0,1,1,1,1,0,0,0,0,1,diabetes,41.209999084472656,4,current_every_day,1,1,3,3,2,0,,1,,1,0
51,1,1,4,3,5,2,0,5,0,no,2,0,0,2,0,,0,0,0,0,2,no,22.959999084472656,2,never,0,,3,1,2,0,,1,,1,0
80,1,1,6,9,1,1,0,1,0,no,2,0,0,2,0,,0,1,0,0,1,diabetes,29.989999771118164,3,former,1,3,3,4,1,20,1,1,1,1,0
68,2,1,6,8,1,1,0,3,0,no,2,0,0,2,0,,1,1,0,0,2,no,23.030000686645508,2,former,1,3,3,1,1,8,1,2,4,1,0
58,1,1,6,10,1,1,0,1,0,no,2,0,0,2,0,,0,1,0,0,2,no,32.080001831054688,4,never,0,,3,1,1,12.857142448425293,3,2,7,1,0
43,1,1,5,,1,1,0,1,0,yes,2,0,0,2,0,,0,0,0,0,2,no,25.840000152587891,3,never,0,,3,4,1,2,3,2,5,1,0
26,1,1,6,11,6,2,0,9,0,no,2,0,0,2,0,,0,0,0,0,2,no,24.409999847412109,2,never,0,,3,1,1,7,3,2,6,1,0
19,2,6,4,5,5,3,0,2,0,yes,1,0,0,2,0,,0,0,0,0,2,no,38.970001220703125,4,never,0,,3,4,2,0,,1,,1,0
73,2,1,5,6,1,1,0,3,0,yes,1,0,0,2,0,,1,1,0,1,1,no,30.229999542236328,4,never,0,,3,1,2,0,,1,,1,0
63,2,1,6,,1,1,0,1,0,yes,1,0,0,2,0,,0,0,0,0,1,no,36.900001525878906,4,never,0,,3,1,2,0,,1,,1,0
74,1,1,6,9,1,1,0,9,0,no,1,0,0,2,0,,1,0,0,0,1,no,32.869998931884766,4,never,0,,3,1,1,1,1,1,1,1,0
26,1,1,6,10,5,1,0,,0,no,2,0,0,2,0,,0,0,0,0,2,no,,,never,0,,3,1,1,21.428571701049805,2,2,5,1,1
80,1,1,6,9,1,1,0,3,0,no,2,0,0,2,0,,0,1,0,0,2,no,22.379999160766602,2,never,0,,3,1,1,8.5714282989501953,3,1,5,1,0
63,1,6,5,7,2,2,0,10,0,yes,1,0,0,2,0,,0,0,0,0,2,no,37.590000152587891,4,former,1,3,3,4,1,8.5714282989501953,5,2,5,1,0
37,2,5,4,3,6,2,0,10,0,no,,,0,,0,,0,0,0,0,2,no,26.670000076293945,3,never,0,,3,1,2,0,,1,,1,0
73,2,1,6,8,5,1,0,3,0,yes,1,0,1,1,0,,0,1,1,0,1,diabetes,31.149999618530273,4,former,1,3,3,1,1,30,3,,,2,0
51,1,2,6,10,6,1,0,2,1,yes,2,0,0,2,0,,0,0,0,0,2,no,26.290000915527344,3,never,0,,3,1,1,8.5714282989501953,2,1,4,1,0
49,2,1,5,8,1,1,0,1,0,no,2,0,0,2,0,,0,0,0,1,2,no,24.129999160766602,2,never,0,,3,1,2,0,,1,,1,0
46,2,1,6,6,5,2,0,1,0,no,2,0,0,2,0,,0,0,0,0,1,no,40.889999389648438,4,never,0,,3,1,2,0,,1,,1,0
50,1,1,6,9,2,1,3,1,0,no,2,0,0,2,0,,0,0,0,0,2,no,32.279998779296875,4,former,1,3,3,4,1,12.857142448425293,1,2,7,1,0
61,2,1,5,6,5,2,0,1,0,no,1,0,0,2,0,,1,1,0,0,1,no,38.080001831054688,4,never,0,,3,1,2,0,,1,,1,0
54,2,4,3,3,4,1,0,3,1,yes,1,0,0,2,1,1,0,0,1,0,1,no,38.279998779296875,4,current_some_days,1,2,3,1,2,0,,1,,1,0
65,1,1,5,1,5,1,0,7,0,yes,2,0,0,2,0,,0,0,0,1,2,diabetes,26.389999389648438,3,,,,,,,,,,,,0
79,2,2,4,,2,2,0,10,0,yes,1,0,0,2,0,,1,1,0,0,1,diabetes,,,never,0,,3,4,2,0,,1,,1,1
72,2,1,6,,5,1,0,3,1,no,1,0,0,2,1,1,1,1,0,0,1,no,,,former,1,3,3,1,2,0,,1,,1,1
29,1,1,6,,5,3,0,1,0,borderline,,0,0,2,0,,0,0,0,0,2,no,,,,,,,,,,,,,,1
65,2,1,5,1,2,1,0,3,0,no,2,0,1,1,0,,0,0,0,0,1,no,27.290000915527344,3,former,1,3,3,1,1,1,1,1,1,1,0
30,2,6,6,10,1,1,1,1,0,no,,0,0,2,0,,0,0,0,0,2,no,20.120000839233398,2,never,0,,3,1,1,2,3,2,4,1,0
33,2,1,6,8,1,1,1,10,0,no,1,0,0,2,0,,0,0,0,0,2,no,19.739999771118164,2,never,0,,3,1,2,0,,1,,1,0
57,1,5,4,6,1,1,0,1,0,no,2,0,0,2,0,,0,0,0,0,2,no,,,,,,,,,,,,,,1
53,2,1,6,10,1,1,0,1,0,yes,2,0,0,2,1,1,0,0,0,0,2,no,21.790000915527344,2,never,0,,3,1,1,2,1,1,1,1,0
55,1,5,4,,2,2,2,,0,no,2,0,0,2,0,,0,0,0,0,2,no,25.840000152587891,3,current_some_days,1,2,3,4,1,4.2857141494750977,,1,1,,0
80,2,2,5,2,3,1,0,3,0,yes,1,0,0,2,0,,0,0,0,0,1,no,30.040000915527344,4,never,0,,3,1,2,0,,1,,1,0
34,2,2,5,7,2,2,2,1,0,no,2,0,0,2,1,1,0,0,0,0,2,no,28.319999694824219,3,never,0,,3,1,1,8.5714282989501953,2,1,2,1,0
63,2,1,6,7,1,1,1,1,0,no,2,0,0,2,1,2,0,0,0,0,1,no,29.290000915527344,3,never,0,,3,1,2,0,,1,,1,0
18,1,1,4,7,5,3,0,2,1,no,,0,0,2,0,,0,0,0,0,2,no,19.670000076293945,2,never,0,,3,4,1,1,1,1,1,1,0
80,1,1,6,8,1,1,0,5,0,no,2,0,0,2,0,,1,1,0,0,2,no,20.690000534057617,2,never,0,,3,1,1,30,2,1,3,1,0
68,1,1,6,11,1,1,1,1,0,yes,1,0,0,2,0,,0,0,0,1,1,no,26.579999923706055,3,never,0,,3,1,1,4.2857141494750977,1,1,1,1,0
59,1,1,6,7,5,1,0,7,0,yes,1,0,0,2,0,,0,0,1,0,1,no,28.129999160766602,3,former,1,3,3,1,2,0,,1,,1,0
31,2,5,6,9,5,2,0,1,0,no,2,0,0,2,0,,0,0,0,0,2,no,22.049999237060547,2,never,0,,3,1,1,2,2,1,2,1,0
45,2,1,4,9,1,1,0,7,0,no,1,0,0,2,0,,0,0,0,0,2,gestational_only,20.899999618530273,2,former,1,3,3,1,1,8.5714282989501953,2,1,2,1,0
67,2,1,5,2,2,2,0,3,0,yes,2,0,1,1,0,,0,0,0,0,2,no,,,former,1,3,3,4,1,30,7,2,7,2,1
22,1,1,5,7,5,2,0,,0,no,,0,0,2,0,,0,0,0,0,2,no,25.700000762939453,3,never,0,,3,4,1,21.428571701049805,2,2,20,1,0
61,2,1,4,7,1,1,0,9,0,no,2,0,0,2,0,,0,0,0,0,2,no,22.809999465942383,2,never,0,,3,1,1,8.5714282989501953,2,1,3,1,0
25,2,1,6,9,1,2,0,1,0,no,2,0,0,2,0,,0,0,0,0,2,no,26.610000610351562,3,never,0,,3,1,,,,,,,0
80,2,1,5,7,1,1,0,3,0,no,,0,0,2,0,,0,0,0,0,1,no,26.290000915527344,3,never,0,,3,1,1,30,1,1,1,1,0
45,2,5,3,,4,2,0,2,0,no,1,0,0,2,0,,0,0,0,0,1,no,30.469999313354492,4,never,0,,3,1,2,0,,1,,1,0
21,1,5,5,6,6,2,1,5,0,no,,0,0,2,0,,0,0,0,0,2,no,24.530000686645508,2,never,0,,3,4,1,1,1,1,1,1,0
80,2,2,5,5,2,1,0,88,0,yes,2,0,0,2,0,,0,0,0,0,2,no,25.819999694824219,3,never,0,,3,1,2,0,,1,,1,0
37,1,2,5,9,1,1,2,1,0,no,2,0,0,2,0,,0,0,0,0,2,no,24.329999923706055,2,never,0,,3,1,1,1,2,1,3,1,0
56,1,5,6,4,1,2,0,2,0,yes,1,0,0,2,0,,0,0,0,0,2,no,31.090000152587891,4,,,,,,,,,,,,0
19,2,6,4,6,5,3,1,9,0,no,2,0,0,2,0,,0,0,0,0,2,no,22.860000610351562,2,never,0,,3,1,2,0,,1,,1,0
38,2,1,4,2,6,1,0,5,0,no,1,0,0,2,0,,0,0,0,0,2,no,,,current_some_days,1,2,3,1,1,24,12,2,12,2,1
25,2,1,6,9,5,3,0,2,0,yes,2,0,0,2,0,,0,0,0,0,2,no,25.059999465942383,3,never,0,,3,1,1,10,2,1,3,1,0
38,2,2,5,6,2,1,5,10,0,no,2,0,0,2,0,,0,0,0,0,2,no,29.760000228881836,3,never,0,,3,1,1,1,1,1,1,1,0
79,2,2,4,7,3,1,0,3,0,yes,1,0,0,2,0,,0,0,0,0,2,diabetes,39.159999847412109,4,never,0,,3,1,2,0,,1,,1,0
59,1,1,4,,1,1,0,1,0,yes,2,0,0,2,0,,0,0,0,0,1,no,33.470001220703125,4,former,1,3,3,1,2,0,,1,,1,0
31,2,1,6,10,1,1,0,1,0,yes,1,0,0,2,0,,0,0,0,0,2,no,,,former,1,3,3,4,1,1,1,1,1,1,1
55,2,1,6,9,1,2,0,1,0,yes,1,0,0,2,0,,0,0,0,0,1,prediabetes,30.180000305175781,4,never,0,,3,1,2,0,,1,,1,0
68,1,1,6,7,3,1,0,3,0,borderline,1,0,0,2,0,,0,0,0,0,2,no,27.459999084472656,3,former,1,3,3,4,1,30,1,1,3,1,0
57,2,1,6,8,1,1,0,1,0,no,2,0,0,2,0,,0,0,0,0,2,no,19.270000457763672,2,never,0,,3,1,1,28,1,1,2,1,0
30,1,1,4,,1,2,0,9,0,no,,0,0,2,0,,0,0,0,0,2,no,31.569999694824219,4,current_every_day,1,1,2,4,,,,,,,0
75,2,1,6,7,2,1,0,3,0,yes,1,0,0,2,0,,0,0,0,0,2,prediabetes,32.270000457763672,4,former,1,3,3,1,2,0,,1,,1,0
75,1,1,4,,2,1,0,3,0,yes,1,0,0,2,0,,0,0,0,0,2,no,25.110000610351562,3,former,1,3,3,1,2,0,,1,,1,0
54,2,1,5,,1,1,0,1,0,no,2,0,0,2,0,,0,0,0,0,2,no,,,,,,,,,,,,,,1
75,2,1,6,9,1,1,0,3,0,no,1,0,0,2,,,0,0,0,0,1,no,27.459999084472656,3,former,1,3,3,1,1,1,1,1,1,1,0
70,2,1,5,6,2,1,0,3,0,yes,1,0,0,2,0,,0,0,0,0,1,no,25.549999237060547,3,former,1,3,3,1,1,4.2857141494750977,1,1,1,1,0
30,1,2,4,5,4,2,4,1,1,no,,0,0,2,0,,0,0,0,0,2,no,24.959999084472656,2,never,0,,3,1,2,0,,1,,1,0
62,2,6,5,,1,1,3,1,0,yes,1,0,0,2,1,,0,0,0,0,1,diabetes,25.75,3,never,0,,3,1,2,0,,1,,1,0
33,1,1,6,9,1,1,0,1,0,no,1,0,0,2,1,2,0,0,0,0,2,no,33.959999084472656,4,never,0,,3,1,1,8.5714282989501953,3,1,4,1,0
50,1,3,2,6,1,2,2,,0,borderline,1,0,0,2,0,,0,0,0,0,2,no,23.809999465942383,2,current_every_day,1,1,3,4,1,30,3,2,,2,0
53,1,1,6,10,1,1,2,88,0,no,2,0,0,2,0,,0,0,0,0,2,no,35,4,never,0,,1,1,1,3,3,1,3,1,0
22,1,3,4,6,5,2,0,10,0,,1,0,0,2,0,,0,0,0,0,2,no,35.439998626708984,4,never,0,,3,2,1,1,1,1,1,1,0
60,2,1,4,3,4,2,0,10,0,yes,2,0,0,2,1,1,0,0,0,0,2,no,17.069999694824219,1,former,1,3,3,3,2,0,,1,,1,0
57,2,4,5,8,1,1,0,1,1,no,2,0,0,2,0,,0,0,0,0,1,diabetes,35.619998931884766,4,never,0,,3,1,2,0,,1,,1,0
80,2,1,4,5,3,1,0,3,0,yes,2,0,0,2,0,,0,0,0,0,1,diabetes,30.790000915527344,4,never,0,,3,1,2,0,,1,,1,0
46,1,5,5,4,2,1,0,88,0,yes,2,0,0,2,0,,0,0,0,0,1,no,32.540000915527344,4,never,0,,3,1,2,0,,1,,1,0
21,2,5,4,6,5,2,1,1,1,yes,,0,0,2,1,,0,0,0,0,2,no,20.979999542236328,2,never,0,,3,1,2,0,,1,,1,0
73,2,1,4,7,1,1,0,3,0,no,2,0,0,2,0,,0,1,0,0,1,no,23.870000839233398,2,never,0,,3,1,1,4.2857141494750977,4,2,1,1,0
80,1,1,5,5,2,1,0,2,0,yes,1,0,0,2,0,,0,0,0,0,2,no,17.940000534057617,1,former,1,3,1,1,2,0,,1,,1,0
21,1,1,5,9,5,2,0,1,0,no,,0,0,2,0,,0,0,0,0,2,no,25.770000457763672,3,never,0,,3,1,1,12.857142448425293,3,2,7,1,0
39,1,1,4,9,6,1,0,1,0,no,2,0,0,2,0,,0,0,0,0,2,no,28.409999847412109,3,current_every_day,1,1,3,2,2,0,,1,,1,0
62,1,5,5,4,1,2,4,3,0,yes,1,1,1,1,0,,0,0,1,0,1,diabetes,,,,,,,,,,,,,,1
66,1,1,4,4,3,1,0,3,0,yes,2,0,0,2,0,,0,0,0,0,1,no,31.930000305175781,4,,,,,,,,,,,,0
31,2,3,5,,4,3,1,88,0,no,,0,0,2,0,,0,0,0,0,2,no,21.579999923706055,2,never,0,,3,1,2,0,,1,,1,0
75,2,1,6,7,1,1,0,3,0,no,1,0,0,2,0,,0,1,0,0,1,gestational_only,25.020000457763672,3,never,0,,3,1,2,0,,1,,1,0
76,2,2,4,,2,1,0,2,0,no,2,0,0,2,0,,0,0,0,0,1,no,29.520000457763672,3,never,0,,3,1,2,0,,1,,1,0
64,1,1,4,5,5,1,0,3,0,yes,1,0,0,2,0,,1,1,0,0,1,no,30.850000381469727,4,current_every_day,1,1,3,1,1,30,3,2,7,2,0
52,1,1,6,2,5,1,0,,1,no,2,0,0,2,0,,0,0,0,0,1,no,29.209999084472656,3,never,0,,3,1,2,0,,1,,1,0
63,1,1,4,6,2,1,0,1,0,yes,1,1,1,1,0,,1,0,0,1,2,diabetes,29.760000228881836,3,current_every_day,1,1,2,4,1,25,8,2,12,2,0
80,2,1,2,6,1,1,0,3,0,yes,1,0,0,2,1,2,0,0,0,1,2,no,27.620000839233398,3,never,0,,3,1,1,1,1,1,2,1,0
36,2,5,6,,1,2,6,,1,no,,0,0,2,0,,0,0,0,0,2,no,,,never,0,,3,1,2,0,,1,,1,1
38,2,1,6,10,2,1,3,1,0,no,,0,0,2,0,,0,0,0,0,2,no,21.790000915527344,2,never,0,,3,1,1,4.2857141494750977,6,1,6,1,0
28,2,5,4,7,1,2,0,1,0,no,1,0,0,2,0,,0,0,0,0,1,no,25.75,3,never,0,,3,1,2,0,,1,,1,0
29,1,1,6,11,6,2,0,1,0,no,1,0,0,2,0,,0,0,0,0,2,no,25.040000915527344,3,never,0,,3,4,1,1,2,1,2,1,0
42,1,5,3,,6,2,0,88,1,no,2,0,0,2,0,,0,0,0,0,2,diabetes,,,never,0,,3,4,1,30,1,2,1,1,1
80,1,1,5,8,1,1,0,3,0,yes,,0,0,2,0,,1,1,0,0,1,no,38.970001220703125,4,never,0,,3,1,2,0,,1,,1,0
70,2,1,6,11,1,1,0,3,0,no,2,0,0,2,0,,1,0,0,0,2,no,25.819999694824219,3,never,0,,3,1,2,0,,1,,1,0
51,2,1,6,7,5,1,0,1,0,no,2,0,0,2,1,2,0,0,0,0,1,no,27.120000839233398,3,never,0,,3,1,2,0,,1,,1,0
65,2,1,6,5,1,1,0,3,0,no,1,0,0,2,0,,0,0,0,0,2,no,,,never,0,,3,1,1,3,3,2,4,1,1
70,1,1,5,10,1,1,0,1,0,yes,1,0,0,2,0,,0,0,0,0,2,no,23.110000610351562,2,former,1,3,3,2,1,12.857142448425293,3,1,4,1,0
80,1,1,6,10,1,1,0,3,0,yes,1,0,0,2,0,,1,0,0,0,2,no,24.270000457763672,2,former,1,3,3,1,1,2,1,1,1,1,0
48,1,1,6,11,1,1,1,1,0,no,1,0,0,2,0,,1,0,0,0,2,no,25.090000152587891,3,former,1,3,3,1,1,17.142856597900391,3,2,5,1,0
61,2,1,5,7,1,1,0,1,0,yes,1,0,0,2,0,,0,0,0,0,1,prediabetes,25.850000381469727,3,former,1,3,3,4,1,12.857142448425293,2,1,3,1,0
35,2,2,4,5,2,1,0,88,1,no,2,0,0,2,0,,0,0,0,0,2,no,,,current_every_day,1,1,3,4,2,0,,1,,1,1
48,2,4,4,1,1,3,7,5,0,no,,0,0,2,0,,0,0,0,0,2,no,25.829999923706055,3,current_some_days,1,2,3,1,1,21.428571701049805,2,2,,2,0
62,2,2,5,5,1,2,0,5,0,pregnancy_only,2,0,0,2,1,1,0,0,1,0,1,no,34.330001831054688,4,never,0,,3,1,2,0,,1,,1,0
25,2,1,6,3,5,2,0,1,0,no,2,0,0,2,0,,0,1,0,0,2,no,22.959999084472656,2,never,0,,3,1,1,5,2,2,4,1,0
71,1,1,6,11,1,1,0,3,0,yes,2,0,0,2,0,,0,0,0,0,2,no,26.969999313354492,3,never,0,,3,1,2,0,,1,,1,0
31,1,1,4,6,5,2,1,1,0,no,2,0,0,2,0,,0,0,0,0,2,no,35.509998321533203,4,former,1,3,3,4,2,0,,1,,1,0
61,2,2,6,9,1,1,0,7,0,yes,1,0,0,2,0,,0,0,0,0,1,no,29.290000915527344,3,never,0,,3,1,1,4.2857141494750977,2,1,2,1,0
59,2,1,4,6,1,1,0,88,0,yes,2,0,0,2,0,,0,0,0,0,2,no,30.229999542236328,4,current_every_day,1,1,3,1,,,,,,,0
63,1,1,6,8,3,1,0,1,0,no,1,0,0,2,1,2,0,0,0,0,1,no,23.709999084472656,2,former,1,3,3,4,2,0,,1,,1,0
63,1,1,5,,1,1,0,,0,yes,1,0,0,2,0,,0,0,0,1,1,prediabetes,,,,,,,,,,,,,,1
37,1,5,5,,5,2,2,88,1,no,2,0,0,2,0,,0,0,0,0,2,no,23.100000381469727,2,former,1,3,3,1,2,0,,1,,1,0
42,1,1,6,11,1,1,2,1,0,no,2,0,0,2,0,,0,0,0,0,2,no,27.059999465942383,3,never,0,,3,1,1,12.857142448425293,1,1,3,1,0
25,2,1,6,7,5,2,0,1,1,no,,0,0,2,0,,0,0,0,0,2,gestational_only,22.809999465942383,2,former,1,3,3,4,1,12,4,2,10,2,0
51,1,1,6,10,1,1,0,1,0,no,2,0,0,2,0,,0,0,0,0,2,no,23.75,2,former,1,3,3,1,1,1,1,1,1,1,0
62,2,1,6,10,1,1,0,1,0,yes,1,0,0,2,0,,0,0,0,0,2,no,20.469999313354492,2,never,0,,3,1,1,21.428571701049805,2,1,3,2,0
29,2,1,6,8,1,1,0,1,0,borderline,2,0,0,2,1,2,0,0,0,0,2,no,27.399999618530273,3,current_some_days,1,2,3,1,1,8.5714282989501953,2,2,4,1,0
35,1,1,6,9,1,1,3,1,0,no,2,0,0,2,0,,0,0,0,0,2,no,31.649999618530273,4,never,0,,3,1,1,4.2857141494750977,1,1,2,1,0
78,1,1,6,6,1,1,0,3,0,yes,2,0,0,2,0,,0,0,0,0,2,no,24.370000839233398,2,current_every_day,1,1,3,1,1,30,2,1,2,1,0
37,2,5,5,3,1,1,2,5,0,yes,2,0,0,2,0,,0,0,0,0,,diabetes,40.740001678466797,4,never,0,,3,1,2,0,,1,,1,0
31,2,1,5,8,6,1,0,1,0,no,,0,0,2,0,,0,0,0,0,2,gestational_only,,,never,0,,3,1,2,0,,1,,1,1
74,1,2,4,9,3,1,0,1,0,no,1,1,0,1,0,,0,1,0,0,2,no,27.280000686645508,3,never,0,,3,1,2,0,,1,,1,0
30,2,5,5,2,4,2,1,5,0,no,2,0,0,2,0,,0,0,0,0,2,no,29.049999237060547,3,never,0,,3,4,1,2,1,1,1,1,0
68,1,1,6,8,1,1,0,3,0,no,2,0,0,2,0,,0,0,0,0,2,no,25.370000839233398,3,former,1,3,3,1,2,0,,1,,1,0
32,1,1,4,11,6,2,0,1,0,borderline,2,0,0,2,0,,0,0,0,0,2,no,23.989999771118164,2,never,0,,3,3,1,25,2,1,3,1,0
43,2,1,6,7,1,1,4,2,0,no,2,0,0,2,0,,0,0,0,0,2,no,24.280000686645508,2,never,0,,3,1,1,4,1,1,1,1,0
31,2,1,6,8,1,1,0,1,0,no,,0,0,2,0,,0,0,0,0,2,no,35.779998779296875,4,never,0,,3,1,1,5,1,1,2,1,0
30,2,1,6,9,5,2,0,1,0,no,2,0,0,2,0,,0,0,0,0,2,no,22.809999465942383,2,never,0,,3,1,1,1,1,1,1,1,0
71,1,1,6,6,2,1,0,3,0,no,2,0,0,2,0,,0,0,0,0,2,no,30.340000152587891,4,former,1,3,3,4,2,0,,1,,1,0
53,2,1,6,8,1,1,0,1,0,no,2,0,0,2,1,1,0,0,0,0,2,no,25.75,3,never,0,,3,1,1,8.5714282989501953,2,1,3,1,0
69,1,1,4,5,6,1,0,3,0,no,2,0,1,1,0,,0,0,0,0,2,no,29.049999237060547,3,former,1,3,3,4,2,0,,1,,1,0
59,2,1,4,3,1,1,0,3,1,no,2,0,0,2,0,,0,0,0,0,1,no,27.069999694824219,3,current_every_day,1,1,3,1,2,0,,1,,1,0
61,1,2,4,,3,2,0,3,0,no,1,0,0,2,0,,0,0,0,0,2,diabetes,24.139999389648438,2,never,0,,3,1,2,0,,1,,1,0
42,2,1,6,10,1,1,0,1,0,no,2,0,0,2,0,,0,0,0,0,2,no,25.610000610351562,3,former,1,3,3,1,1,12.857142448425293,3,2,7,2,0
37,2,2,4,4,4,2,4,5,0,yes,1,0,0,2,0,,0,0,0,0,1,no,50.849998474121094,4,never,0,,3,1,1,12.857142448425293,2,1,2,1,0
25,1,1,5,,5,2,0,2,0,no,2,0,0,2,0,,0,0,0,0,2,no,23.059999465942383,2,never,0,,3,1,1,6,2,1,3,1,0
59,2,1,5,9,1,1,0,1,0,no,1,1,1,1,0,,0,1,0,0,1,no,39.680000305175781,4,former,1,3,3,4,1,3,1,1,1,1,0
76,2,1,6,7,2,1,0,3,0,yes,1,0,1,1,0,,0,0,0,0,1,no,21.479999542236328,2,never,0,,3,1,2,0,,1,,1,0
53,1,1,4,7,2,2,0,1,0,yes,1,0,0,2,0,,0,0,0,0,1,no,33,4,never,0,,3,1,2,0,,1,,1,0
74,2,1,4,5,2,1,0,3,0,,1,0,1,1,0,,0,0,0,0,1,no,22.420000076293945,2,former,1,3,3,1,2,0,,1,,1,0
32,1,1,5,6,1,2,0,1,1,yes,,0,0,2,0,,0,0,0,0,2,no,23.75,2,current_every_day,1,1,3,2,1,12.857142448425293,6,2,12,2,0
61,1,1,4,8,1,1,1,1,0,no,,0,0,2,0,,0,1,0,0,2,no,27.120000839233398,3,never,0,,3,1,2,0,,1,,1,0
62,1,3,5,,5,1,0,5,0,no,2,0,0,2,0,,0,0,0,0,2,no,30.670000076293945,4,never,0,,3,4,2,0,,1,,1,0
71,1,1,5,6,1,1,0,3,0,yes,2,0,0,2,0,,0,0,0,0,1,no,27.120000839233398,3,former,1,3,3,1,1,2,6,2,8,1,0
52,1,1,5,7,5,1,0,9,0,yes,,0,0,2,0,,0,0,0,0,2,no,28.120000839233398,3,current_every_day,1,1,3,4,1,1,1,1,1,1,0
53,1,4,5,5,1,1,0,1,0,no,2,0,0,2,0,,0,0,0,0,2,no,24.409999847412109,2,never,0,,3,1,1,2,1,1,2,1,0
72,2,1,5,8,3,1,0,3,0,yes,1,0,0,2,0,,0,0,0,0,2,no,30.670000076293945,4,former,1,3,3,1,1,15,2,2,4,1,0
42,1,1,3,7,1,1,2,,0,yes,2,0,0,2,1,1,0,0,0,0,2,no,24.409999847412109,2,never,0,,3,1,1,30,2,1,3,1,0
30,1,4,6,6,1,2,0,1,0,yes,2,0,0,2,0,,0,0,0,0,2,no,28.190000534057617,3,never,0,,3,1,2,0,,1,,1,0
61,1,1,4,7,1,1,0,1,0,no,1,0,0,2,0,,0,0,0,0,2,no,26.450000762939453,3,never,0,,3,1,1,5,13,2,17,2,0
73,2,1,3,8,3,1,0,3,0,yes,2,0,0,2,1,1,0,0,0,0,1,diabetes,,,former,1,3,3,1,2,0,,1,,1,1
49,1,1,5,6,3,1,0,10,0,yes,1,1,0,1,0,,1,,0,0,2,no,25.540000915527344,3,never,0,,3,1,1,6,2,1,3,1,0
61,2,1,6,,1,1,0,2,0,yes,2,0,0,2,0,,0,0,0,0,2,no,,,,,,,,,,,,,,1
65,1,1,4,5,1,1,0,3,1,yes,2,0,0,2,0,,0,0,0,0,2,no,24.409999847412109,2,former,1,3,3,1,1,17.142856597900391,4,2,10,2,0
68,2,1,5,,3,1,0,3,0,yes,1,0,0,2,0,,0,0,0,0,2,no,28.340000152587891,3,never,0,,3,1,2,0,,1,,1,0
63,1,2,4,9,1,1,0,1,0,yes,1,0,0,2,0,,0,0,0,0,2,diabetes,35.439998626708984,4,former,1,3,3,4,1,30,2,2,6,1,0
65,2,1,4,10,1,1,0,1,0,no,2,0,0,2,1,1,0,0,1,0,2,no,21.799999237060547,2,former,1,3,3,1,2,0,,1,,1,0
53,1,1,5,9,1,1,0,1,1,no,1,0,0,2,1,1,0,0,0,0,2,no,34.459999084472656,4,never,0,,3,1,1,4.2857141494750977,6,2,6,1,0
60,2,4,4,,6,1,1,88,0,yes,1,0,0,2,0,,0,0,0,0,1,no,28.319999694824219,3,never,0,,3,1,1,1,2,1,2,1,0
75,2,1,6,7,1,1,0,3,0,no,1,0,0,2,0,,1,0,0,0,1,no,25.020000457763672,3,never,0,,3,1,2,0,,1,,1,0
26,2,1,5,9,1,1,2,1,0,no,2,0,0,2,0,,0,0,0,0,2,no,,,never,0,,3,1,2,0,,1,,1,1
60,1,2,6,11,1,1,1,1,0,yes,2,0,0,2,0,,0,0,0,0,2,no,30.920000076293945,4,never,0,,3,4,2,0,,1,,1,0
80,1,1,6,6,1,1,0,3,0,yes,2,0,0,2,1,1,0,1,0,0,1,diabetes,28.059999465942383,3,never,0,,3,1,1,30,1,1,2,1,0
63,1,1,5,7,1,1,0,2,0,no,,0,0,2,0,,0,0,0,0,2,no,27.440000534057617,3,never,0,,1,1,1,30,1,1,1,1,0
44,1,1,4,,1,1,3,1,0,no,2,0,0,2,0,,0,0,0,0,2,no,,,,,,,,,,,,,,1
74,1,1,5,,1,1,0,3,0,yes,1,0,1,1,0,,0,0,0,0,2,no,27.620000839233398,3,former,1,3,3,1,1,1,1,1,1,1,0
41,2,1,6,10,1,1,1,2,1,no,2,0,0,2,0,,0,0,0,0,1,no,36.319999694824219,4,never,0,,3,1,1,1,3,1,3,1,0
52,2,2,4,7,1,1,0,1,0,yes,2,0,0,2,0,,0,0,0,0,1,no,,,never,0,,3,1,2,0,,1,,1,1
53,1,1,4,11,1,1,0,1,0,no,2,0,0,2,0,,0,0,0,0,2,no,27.319999694824219,3,never,0,,3,1,1,4,3,1,3,1,0
60,1,5,4,2,3,1,0,5,0,yes,1,0,0,2,0,,0,0,0,0,2,no,28.069999694824219,3,never,0,,3,1,2,0,,1,,1,0
66,2,1,4,7,1,1,0,3,0,no,1,0,0,2,0,,0,0,0,0,2,diabetes,34.900001525878906,4,former,1,3,3,1,2,0,,1,,1,0
65,1,2,2,2,4,1,0,3,1,yes,1,0,1,1,0,,0,1,0,0,2,diabetes,22.709999084472656,2,never,0,,3,1,1,2,2,1,2,1,0
26,1,1,6,11,6,2,0,1,0,no,2,0,0,2,0,,0,0,0,0,2,no,24.409999847412109,2,never,0,,3,1,1,7,3,2,4,1,0
61,2,1,6,6,1,1,0,1,1,yes,,0,0,2,0,,0,0,0,0,1,no,31.069999694824219,4,never,0,,3,1,2,0,,1,,1,0
67,2,5,6,7,1,1,0,3,0,no,2,0,0,2,0,,0,0,0,0,1,no,28.319999694824219,3,never,0,,3,1,2,0,,1,,1,0
22,1,1,4,5,6,1,0,1,0,no,2,0,0,2,1,1,0,0,0,0,2,no,31.870000839233398,4,never,0,,3,2,1,3,2,1,3,1,0
61,1,1,5,8,1,1,0,2,0,yes,1,0,0,2,0,,0,0,0,0,2,no,27.670000076293945,3,never,0,,3,1,2,0,,1,,1,0
65,1,1,6,7,1,1,0,1,0,no,1,0,0,2,0,,0,1,0,0,2,diabetes,37.299999237060547,4,never,0,,3,1,2,0,,1,,1,0
50,2,1,,9,1,3,3,1,0,yes,1,0,0,2,0,,0,0,0,0,2,diabetes,24.280000686645508,2,former,1,3,3,1,1,21.428571701049805,,2,4,,0
61,1,1,6,7,1,1,0,9,0,no,1,0,0,2,0,,0,0,0,0,2,no,31.25,4,never,0,,3,1,1,2,2,1,2,1,0
51,1,5,6,5,1,1,2,1,0,yes,1,0,0,2,1,1,0,0,0,0,2,no,43.270000457763672,4,never,0,,3,1,2,0,,1,,1,0
18,1,5,4,5,5,2,1,,0,no,2,0,0,2,0,,0,0,0,0,2,no,24.409999847412109,2,,,,,,,,,,,,0
45,2,1,6,11,1,1,1,7,0,no,2,0,0,2,0,,0,0,0,0,1,no,32.439998626708984,4,former,1,3,3,1,2,0,,1,,1,0
79,1,1,5,7,3,2,0,2,1,no,2,0,0,2,0,,0,0,0,0,2,no,41.369998931884766,4,never,0,,3,1,1,8.5714282989501953,2,,,1,0
72,2,1,5,5,1,1,0,3,0,yes,2,0,0,2,0,,0,0,0,0,2,diabetes,30.819999694824219,4,current_every_day,1,1,3,1,2,0,,1,,1,0
48,2,1,5,,1,1,0,9,0,no,,0,0,2,0,,1,0,0,0,2,no,31.930000305175781,4,never,0,,3,1,1,12.857142448425293,2,2,5,1,0
80,2,1,4,3,3,1,0,3,0,no,1,0,0,2,0,,0,0,0,0,1,no,,,,,,,,,,,,,,1
61,1,1,6,10,1,1,0,9,0,no,2,0,0,2,0,,0,0,0,0,1,no,29.760000228881836,3,former,1,3,3,1,1,8.5714282989501953,2,1,2,1,0
60,2,1,6,7,1,1,0,88,0,yes,1,1,1,1,0,,0,0,0,0,2,no,29.260000228881836,3,never,0,,3,1,1,2,1,1,1,1,0
24,2,1,6,5,5,2,0,1,0,no,1,0,0,2,0,,0,0,0,0,2,no,26.569999694824219,3,never,0,,3,1,2,0,,1,,1,0
80,1,1,4,5,3,1,0,2,0,yes,2,1,,1,0,,1,1,0,0,2,no,,,former,1,3,3,4,2,0,,1,,1,1
56,2,1,6,8,1,1,0,1,0,no,2,0,0,2,0,,0,0,0,0,2,no,33.450000762939453,4,never,0,,3,1,2,0,,1,,1,0
47,1,6,5,10,1,1,1,1,0,yes,2,0,0,2,0,,0,0,0,0,2,no,25.100000381469727,3,never,0,,2,1,1,6,4,2,7,1,0
66,1,1,4,7,5,1,0,1,0,no,2,0,0,2,0,,0,1,0,0,2,no,22.239999771118164,2,never,0,,3,1,2,0,,1,,1,0
22,1,5,4,,1,2,2,3,0,no,,0,0,2,0,,0,0,0,0,2,no,20.090000152587891,2,never,0,,3,4,1,4.2857141494750977,2,1,3,1,0
65,1,1,5,10,1,1,2,1,0,no,2,0,0,2,0,,0,0,0,0,1,no,22.690000534057617,2,former,1,3,3,1,2,0,,1,,1,0
70,1,1,5,6,2,1,0,1,0,yes,2,1,0,1,0,,0,0,0,0,2,diabetes,,,current_every_day,1,1,3,4,2,0,,1,,1,1
62,1,1,6,8,1,1,0,1,0,yes,1,0,0,2,0,,0,0,0,0,2,no,28.25,3,former,1,3,3,4,1,2,12,2,12,1,0
52,1,1,5,9,1,1,0,1,0,yes,1,0,0,2,0,,0,0,0,0,1,diabetes,35.259998321533203,4,never,0,,3,1,2,0,,1,,1,0
75,2,1,6,,1,1,0,3,0,yes,1,0,0,2,0,,0,1,0,0,2,diabetes,,,never,0,,3,1,2,0,,1,,1,1
30,1,1,6,9,2,2,2,1,0,no,1,0,0,2,0,,0,0,0,0,2,no,23.329999923706055,2,never,0,,3,2,1,4,3,2,5,1,0
26,2,1,6,5,5,2,0,5,1,no,2,0,0,2,1,1,0,0,0,0,2,no,20.670000076293945,2,never,0,,3,4,1,12.857142448425293,2,1,2,1,0
72,1,1,6,8,1,1,0,1,0,yes,1,0,0,2,0,,1,1,0,0,1,no,40.889999389648438,4,former,1,3,3,1,2,0,,1,,1,0
34,2,1,4,4,5,2,0,5,1,no,,0,0,2,1,1,0,0,0,0,2,no,27.399999618530273,3,former,1,3,3,2,1,5,2,1,1,1,0
39,2,1,5,9,1,1,2,1,0,no,2,0,0,2,0,,0,0,0,0,2,no,38.090000152587891,4,former,1,3,3,4,1,6,2,2,6,1,0
70,2,4,6,,1,1,5,3,0,yes,2,0,0,2,0,,0,0,0,0,1,no,31.930000305175781,4,never,0,,3,1,1,1,1,1,1,1,0
63,2,1,4,6,1,1,0,88,0,yes,1,0,0,2,1,1,0,0,0,0,2,diabetes,37.860000610351562,4,never,0,,3,1,2,0,,1,,1,0
75,2,1,6,4,1,1,0,3,1,no,2,0,0,2,1,2,0,0,0,0,1,no,25.819999694824219,3,former,1,3,3,1,2,0,,1,,1,0
74,1,1,4,,3,1,0,3,0,no,1,0,0,2,0,,0,0,0,0,2,no,28.170000076293945,3,former,1,3,3,1,1,30,2,2,8,1,0
68,2,1,5,1,5,1,0,10,0,yes,2,0,0,2,1,1,0,1,0,0,,no,25.059999465942383,3,never,0,,3,,2,0,,1,,1,0
68,2,1,5,11,1,1,1,3,0,no,2,0,0,2,0,,0,0,0,0,2,no,24.690000534057617,2,never,0,,3,1,1,4,1,1,1,1,0
41,2,1,6,11,1,1,2,1,0,no,2,0,0,2,0,,0,0,0,0,2,no,25.610000610351562,3,never,0,,3,1,1,4.2857141494750977,1,1,2,1,0
18,1,1,4,10,6,1,14,,0,no,2,0,0,2,0,,0,0,0,0,2,no,29.770000457763672,3,never,0,,1,1,1,30,11,2,17,2,0
35,1,5,6,10,1,1,0,1,0,yes,2,0,0,2,0,,0,0,0,0,1,no,35.259998321533203,4,never,0,,3,1,2,0,,1,,1,0
58,1,2,6,,4,2,0,1,0,no,2,0,0,2,0,,0,0,0,0,2,no,25.989999771118164,3,never,0,,3,1,2,0,,1,,1,0
23,2,1,5,,5,2,0,1,1,no,,0,0,2,0,,0,0,0,0,2,no,21.290000915527344,2,current_some_days,1,2,3,3,1,12.857142448425293,1,1,3,1,0
34,2,6,6,6,5,2,0,1,0,no,2,0,0,2,0,,0,0,0,0,2,no,22.670000076293945,2,never,0,,3,1,1,4.2857141494750977,2,1,3,1,0
64,2,1,6,11,1,1,0,2,0,yes,1,0,0,2,0,,0,0,0,0,2,no,29.659999847412109,3,former,1,3,3,4,1,21.428571701049805,2,1,3,2,0
45,1,1,4,9,1,1,2,1,0,yes,2,0,0,2,0,,0,0,0,0,2,no,29.159999847412109,3,former,1,3,1,1,2,0,,1,,1,0
28,2,1,6,,5,2,0,5,0,no,2,0,0,2,1,1,0,0,0,0,2,no,30.899999618530273,4,never,0,,3,1,2,0,,1,,1,0
68,2,1,4,,1,1,0,3,0,yes,,0,1,1,1,1,0,0,1,0,1,diabetes,76.290000915527344,4,never,0,,3,1,2,0,,1,,1,0
80,1,1,4,5,1,1,0,1,0,yes,2,0,1,1,0,,0,0,0,0,2,diabetes,29.409999847412109,3,former,1,3,3,4,2,0,,1,,1,0
79,1,1,4,6,1,1,0,3,0,no,1,0,0,2,0,,0,1,0,0,2,no,27.889999389648438,3,,,,,,,,,,,,0
28,2,1,6,,1,1,0,1,1,no,2,0,0,2,1,1,0,0,0,0,2,diabetes,28.209999084472656,3,never,0,,3,1,2,0,,1,,1,0
80,1,1,6,6,3,1,0,3,0,yes,1,0,0,2,0,,0,0,0,0,2,no,32.490001678466797,4,former,1,3,3,1,1,2,1,1,1,1,0
77,1,1,5,5,1,3,0,3,0,yes,1,0,0,2,0,,0,0,0,0,2,diabetes,31.010000228881836,4,never,0,,3,1,1,5,1,1,2,1,0
49,2,6,6,,1,1,0,1,0,yes,1,0,1,1,0,,1,0,0,0,1,diabetes,,,never,0,,3,1,2,0,,1,,1,1
30,2,1,6,10,1,1,0,1,0,no,,0,0,2,0,,0,0,0,0,2,no,20.979999542236328,2,never,0,,3,1,1,4.2857141494750977,2,2,4,1,0
37,2,1,6,10,1,1,3,1,0,no,2,0,0,2,0,,0,0,0,0,2,no,25.059999465942383,3,former,1,3,3,1,1,10,2,2,6,1,0
57,1,1,4,7,1,1,0,88,1,no,1,0,0,2,0,,0,0,0,0,1,no,28.350000381469727,3,never,0,,3,1,2,0,,1,,1,0
50,2,1,6,,1,1,3,1,0,no,2,0,0,2,1,,0,0,0,0,2,no,22.309999465942383,2,never,0,,3,1,1,12,1,1,3,1,0
80,2,1,3,,3,1,0,2,0,no,2,0,0,2,0,,0,1,1,0,1,no,,,,,,3,1,2,0,,1,,1,1
37,1,1,6,11,5,2,0,1,0,no,1,0,0,2,0,,0,0,0,0,2,no,25.370000839233398,3,former,1,3,3,2,1,3,5,2,5,1,0
50,2,1,4,9,2,1,0,1,0,yes,2,0,0,2,1,1,0,0,0,0,2,no,33.279998779296875,4,,,,,,,,,,,,0
45,2,3,6,7,1,2,1,1,0,no,2,0,0,2,0,,0,0,0,0,2,no,19.350000381469727,2,never,0,,3,4,2,0,,1,,1,0
67,1,1,5,11,1,1,3,3,0,yes,1,0,0,2,0,,0,0,0,0,1,diabetes,26.780000686645508,3,former,1,3,3,1,1,2,3,1,3,1,0
65,2,1,5,7,1,1,0,3,0,no,1,0,0,2,0,,0,0,0,0,1,no,27.459999084472656,3,never,0,,3,1,2,0,,1,,1,0
67,1,1,4,7,1,1,0,10,0,yes,1,0,1,1,0,,0,0,0,0,1,diabetes,41.729999542236328,4,former,1,3,3,1,1,21.428571701049805,4,2,5,2,0
53,1,1,4,1,4,2,0,2,0,no,2,0,0,2,0,,0,0,1,0,2,no,19.530000686645508,2,current_every_day,1,1,3,1,1,30,3,2,10,2,0
54,1,1,6,,,2,,1,0,no,2,0,0,2,0,,0,0,0,0,2,no,,,never,0,,3,1,2,0,,1,,1,1
80,2,1,4,5,1,1,0,3,0,yes,1,0,0,2,0,,0,0,0,0,,no,19.909999847412109,2,never,0,,3,1,2,0,,1,,1,0
79,2,1,5,8,1,1,0,2,0,yes,1,0,0,2,0,,0,0,0,0,2,no,32.279998779296875,4,former,1,3,3,1,1,2,1,1,1,1,0
50,2,5,2,5,1,2,1,2,0,yes,2,0,0,2,0,,0,0,0,0,2,no,26.120000839233398,3,never,0,,3,1,2,0,,1,,1,0
49,2,1,6,11,1,1,1,1,0,no,1,0,0,2,0,,0,0,0,0,2,no,27.459999084472656,3,former,1,3,3,1,1,12.857142448425293,2,1,2,1,0
75,2,1,6,6,3,1,0,3,0,yes,1,0,0,2,0,,0,1,0,0,2,no,31.889999389648438,4,never,0,,3,1,1,3,1,1,2,1,0
72,1,1,6,7,1,1,0,3,0,yes,1,0,1,1,0,,1,1,1,0,2,diabetes,25.100000381469727,3,current_every_day,1,1,3,1,1,1,1,1,1,1,0
55,1,1,6,9,1,1,0,1,0,no,1,0,0,2,0,,0,0,0,0,1,no,39.049999237060547,4,never,0,,3,1,,,,,,,0
66,2,1,6,7,1,1,0,3,0,no,2,0,0,2,0,,0,1,0,0,2,no,24.030000686645508,2,never,0,,3,1,1,20,2,2,4,2,0
48,1,1,6,10,1,1,1,2,0,no,2,0,0,2,0,,0,0,0,0,2,no,25.829999923706055,3,former,1,3,1,1,1,3,2,1,3,1,0
48,2,1,5,10,1,1,4,1,0,no,2,0,0,2,0,,0,1,0,0,2,no,20.670000076293945,2,never,0,,3,1,2,0,,1,,1,0
80,2,1,4,7,1,1,0,3,0,no,2,0,0,2,0,,0,0,0,0,1,no,25.510000228881836,3,former,1,3,3,1,2,0,,1,,1,0
65,2,1,4,3,2,2,0,3,0,yes,2,0,0,2,0,,0,1,0,0,2,no,16.459999084472656,1,current_every_day,1,1,3,4,2,0,,1,,1,0
80,2,1,5,6,1,1,0,3,0,yes,2,0,0,2,0,,0,0,0,1,2,diabetes,30.790000915527344,4,never,0,,3,1,1,4.2857141494750977,1,1,1,1,0
53,2,1,6,8,1,1,0,1,0,no,2,0,0,2,0,,0,0,0,0,2,no,31.930000305175781,4,never,0,,3,4,2,0,,1,,1,0
52,2,5,4,6,1,1,0,2,0,no,2,0,0,2,0,,0,0,0,0,1,no,28.149999618530273,3,former,1,3,3,4,1,1,1,1,1,1,0
46,1,5,4,10,1,1,0,1,0,yes,1,0,0,2,0,,0,0,0,0,2,no,31.010000228881836,4,never,0,,3,1,1,4,5,2,5,1,0
54,2,1,6,9,1,1,0,1,0,no,1,0,0,2,,,0,1,0,0,2,no,30.270000457763672,4,never,0,,3,1,1,5,1,1,1,1,0
68,2,1,4,4,5,2,0,3,0,yes,1,0,0,2,1,1,0,1,1,0,1,diabetes,38.580001831054688,4,former,1,3,3,4,2,0,,1,,1,0
79,1,1,6,7,1,1,0,3,0,no,1,0,0,2,1,1,1,1,1,0,1,no,25.360000610351562,3,former,1,3,3,1,1,1,1,1,1,1,0
56,1,2,5,11,1,1,1,1,0,yes,1,0,0,2,0,,0,0,0,0,2,no,26.5,3,never,0,,3,1,1,1,1,1,2,1,0
77,1,1,6,10,1,3,1,3,0,yes,1,0,0,2,0,,1,0,0,0,2,diabetes,27.819999694824219,3,former,1,3,3,1,1,2,2,1,1,1,0
73,1,6,6,3,4,1,0,3,0,yes,2,0,0,2,1,2,0,0,0,0,2,no,30.420000076293945,4,former,1,3,3,1,1,17.142856597900391,1,1,2,1,0
23,2,2,5,,5,,0,5,0,no,,0,0,2,0,,0,0,0,0,2,no,27.709999084472656,3,never,0,,3,1,1,1,2,1,2,1,0
76,2,1,4,3,2,2,0,3,0,yes,1,0,0,2,0,,0,0,0,0,1,no,39.159999847412109,4,former,1,3,3,1,2,0,,1,,1,0
52,1,2,6,,1,1,1,2,0,yes,2,0,0,2,0,,0,0,0,0,2,no,27.860000610351562,3,never,0,,3,1,,,,,,,0
42,1,1,4,9,1,1,0,1,0,yes,2,0,0,2,0,,0,0,0,0,2,no,38.020000457763672,4,former,1,3,1,4,1,30,5,2,8,2,0
37,1,1,6,9,1,1,1,1,0,yes,2,0,0,2,0,,0,0,0,0,2,no,34.439998626708984,4,never,0,,3,1,2,0,,1,,1,0
80,2,1,5,,3,1,0,3,0,no,1,0,0,2,0,,0,,0,0,1,no,23.489999771118164,2,former,1,3,3,1,1,1,1,1,1,1,0
20,1,1,4,8,5,3,0,1,1,no,,0,0,2,0,,0,0,0,0,2,no,31.190000534057617,4,former,1,3,3,4,2,0,,1,,1,0
72,2,1,5,5,1,1,0,3,0,no,1,0,0,2,1,2,1,0,0,0,1,no,21.280000686645508,2,former,1,3,3,1,1,4.2857141494750977,1,1,2,1,0
26,2,6,6,8,5,2,0,1,0,no,,0,0,2,0,,0,0,0,0,2,no,23.059999465942383,2,,,,,,,,,,,,0
71,2,1,5,3,,2,0,3,0,yes,2,0,0,2,1,1,0,1,0,0,1,diabetes,,,former,1,3,3,4,2,0,,1,,1,1
25,1,1,6,9,1,2,1,1,0,no,2,0,0,2,0,,0,0,0,0,2,no,35.950000762939453,4,,,,,,,,,,,,0
24,1,1,4,7,5,2,0,2,0,no,2,0,0,2,0,,0,0,0,0,2,no,26.319999694824219,3,never,0,,3,1,2,0,,1,,1,0
80,1,1,6,,1,1,0,7,0,yes,1,0,0,2,1,1,0,1,1,0,1,no,33,4,former,1,3,3,1,2,0,,1,,1,0
69,2,1,5,,3,1,2,9,0,yes,1,0,1,1,0,,1,1,0,0,1,diabetes,30.110000610351562,4,never,0,,3,1,2,0,,1,,1,0
62,1,2,4,6,5,1,0,2,0,no,2,0,0,2,1,1,0,0,0,0,2,no,26.629999160766602,3,never,0,,3,1,1,2,1,1,1,1,0
56,2,1,6,9,6,1,0,1,0,no,2,0,0,2,0,,0,1,0,0,1,no,35.430000305175781,4,never,0,,3,1,1,20,2,2,4,2,0
76,1,1,6,8,1,1,0,3,0,yes,1,0,0,2,0,,0,1,0,1,1,no,37.299999237060547,4,former,1,3,3,1,1,1,1,1,1,1,0
80,1,1,6,4,3,1,0,3,0,yes,1,0,0,2,0,,1,1,1,0,2,no,28.450000762939453,3,former,1,3,3,1,1,4,1,1,1,1,0
21,1,3,5,,5,3,2,,0,no,2,0,0,2,0,,0,0,0,0,2,no,14.510000228881836,1,never,0,,3,1,2,0,,1,,1,0
19,1,6,4,7,5,3,1,,0,no,,0,0,2,0,,0,0,0,0,2,no,20.530000686645508,2,never,0,,3,1,2,0,,1,,1,0
56,2,1,5,8,1,1,2,3,0,yes,1,0,0,2,0,,0,0,0,0,2,diabetes,34.459999084472656,4,current_some_days,1,2,3,4,2,0,,1,,1,0
76,2,1,5,,2,2,0,3,0,yes,1,0,0,2,0,,0,1,0,0,1,no,25.610000610351562,3,former,1,3,3,1,1,10,1,1,2,1,0
50,1,4,4,6,1,1,1,8,1,no,2,0,0,2,0,,0,0,1,1,1,no,28.25,3,current_every_day,1,1,3,1,2,0,,1,,1,0
67,1,1,6,,1,3,0,1,0,no,1,0,0,2,0,,1,0,0,0,1,no,33.630001068115234,4,,,,3,1,2,0,,1,,1,0
21,1,3,5,9,1,2,2,3,0,yes,2,1,0,1,1,1,0,0,0,0,2,no,34.009998321533203,4,current_every_day,1,1,3,4,1,27,7,2,13,2,0
59,2,1,6,9,1,1,0,1,0,no,2,0,0,2,0,,0,0,0,0,2,no,20.010000228881836,2,never,0,,3,1,1,28,1,1,2,1,0
65,2,1,5,9,2,1,0,3,0,yes,2,0,0,2,1,1,0,0,0,0,1,no,38.970001220703125,4,never,0,,3,1,1,12.857142448425293,1,1,1,1,0
52,2,2,4,7,1,1,0,1,0,yes,2,0,0,2,0,,0,0,0,0,1,no,37.200000762939453,4,current_every_day,1,1,3,4,1,1,2,1,2,1,0
53,1,1,6,8,1,1,1,1,0,yes,1,0,0,2,0,,0,0,0,0,2,no,25.819999694824219,3,former,1,3,3,1,2,0,,1,,1,0
42,1,1,4,8,5,2,0,8,0,no,,0,0,2,0,,0,0,0,0,2,no,23.670000076293945,2,current_every_day,1,1,,,,,,,,,0
80,2,1,4,,3,1,0,3,0,yes,2,0,0,2,1,2,0,,0,0,1,no,32.610000610351562,4,never,0,,3,1,1,4.2857141494750977,1,1,1,1,0
74,1,1,6,9,1,1,0,2,0,no,2,0,0,2,0,,0,0,0,0,1,no,24.409999847412109,2,never,0,,3,1,1,4.2857141494750977,1,1,1,1,0
47,2,1,4,,1,1,0,9,0,no,1,0,0,2,0,,0,0,0,0,1,prediabetes,42.509998321533203,4,former,1,3,3,1,2,0,,1,,1,0
65,1,1,6,,1,1,0,3,0,no,2,0,0,2,1,1,0,0,0,0,2,no,28.700000762939453,3,never,0,,3,1,1,6,1,1,2,1,0
41,2,1,6,11,1,1,1,7,0,no,2,0,0,2,0,,0,0,0,0,2,no,34.869998931884766,4,never,0,,3,1,1,15,3,2,6,2,0
43,1,1,4,7,2,2,0,1,0,no,2,0,0,2,0,,0,0,0,0,2,no,21.25,2,current_every_day,1,1,1,4,1,8.5714282989501953,7,2,13,1,0
69,2,1,6,,1,1,0,1,0,yes,1,0,0,2,0,,0,0,0,0,2,diabetes,26.040000915527344,3,never,0,,3,4,1,3,1,1,1,1,0
71,1,1,4,,1,1,0,3,0,yes,2,0,,,0,,0,0,0,0,1,no,,,never,0,,3,1,,,,,,,1
70,2,1,3,6,1,2,0,3,0,yes,2,0,0,2,0,,0,0,0,0,2,diabetes,35.990001678466797,4,never,0,,3,1,,,,,,,0
44,1,1,6,8,1,1,4,1,0,no,2,0,0,2,1,2,0,0,0,0,2,no,23.75,2,never,0,,3,1,1,1,1,1,1,1,0
71,1,5,4,9,1,1,0,3,0,yes,2,0,0,2,0,,0,0,0,0,1,no,45.840000152587891,4,former,1,3,3,1,1,4.2857141494750977,1,1,1,1,0
74,2,1,6,,1,1,0,3,0,yes,1,0,0,2,0,,0,0,0,0,2,no,29.180000305175781,3,never,0,,3,1,2,0,,1,,1,0
35,1,1,4,7,4,2,3,1,0,no,2,0,0,2,0,,0,0,0,0,2,no,33.470001220703125,4,current_every_day,1,1,3,4,2,0,,1,,1,0
71,1,1,5,9,1,1,0,1,0,yes,2,0,0,2,0,,0,0,0,0,2,no,31.629999160766602,4,former,1,3,3,1,2,0,,1,,1,0
40,1,1,6,10,1,1,,1,0,yes,1,0,0,2,0,,0,0,0,0,2,no,32.979999542236328,4,current_every_day,1,1,3,3,1,10,4,1,4,1,0
33,1,3,4,,5,1,0,1,0,no,2,0,0,2,0,,0,0,0,0,2,no,19.899999618530273,2,never,0,,3,1,2,0,,1,,1,0
52,1,1,6,11,1,1,2,2,0,yes,2,0,0,2,0,,0,0,0,0,2,no,38.020000457763672,4,never,0,,3,1,1,1,2,1,2,1,0
43,2,1,6,9,1,1,2,1,0,no,1,0,0,2,0,,0,0,0,0,2,diabetes,32.450000762939453,4,never,0,,3,1,1,17.142856597900391,2,2,5,2,0
24,2,1,2,,6,2,0,3,0,no,1,0,0,2,0,,0,0,0,0,2,no,,,never,0,,3,1,2,0,,1,,1,1
53,2,1,6,9,1,1,2,1,0,no,1,0,0,2,0,,0,0,0,0,2,no,27.459999084472656,3,current_some_days,1,2,3,1,1,25.714284896850586,3,2,5,2,0
46,1,1,5,9,5,1,0,1,0,yes,2,0,0,2,0,,0,0,0,0,2,no,28.170000076293945,3,former,1,3,3,4,1,10,6,2,7,1,0
27,1,5,5,7,5,2,0,10,1,yes,1,0,0,2,1,1,0,0,1,0,2,no,32.450000762939453,4,never,0,,3,1,2,0,,1,,1,0
76,1,1,6,9,1,1,0,3,0,yes,1,1,0,1,0,,1,1,0,0,1,no,27.309999465942383,3,never,0,,3,1,1,30,2,1,2,1,0
58,2,1,6,9,2,2,0,1,1,no,2,0,0,2,0,,1,0,0,0,2,no,20.979999542236328,2,current_every_day,1,1,3,1,1,20,2,1,3,2,0
65,2,1,6,5,5,2,0,3,0,no,2,0,0,2,0,,0,0,0,0,1,no,21.299999237060547,2,never,0,,3,1,1,2,2,1,2,1,0
80,1,1,4,7,1,1,0,3,0,yes,1,0,0,2,0,,0,0,0,0,2,no,30.540000915527344,4,former,1,3,3,1,1,30,1,1,2,1,0
26,1,1,6,,5,3,0,1,0,no,2,0,0,2,0,,0,0,0,0,2,no,26.540000915527344,3,former,1,3,3,4,1,8.5714282989501953,10,2,12,2,0
47,1,5,2,3,1,2,0,3,0,yes,2,0,0,2,0,,0,0,0,1,2,no,23.100000381469727,2,former,1,3,3,4,2,0,,1,,1,0
33,2,1,5,9,1,1,1,1,1,no,2,0,0,2,0,,0,0,0,0,2,no,22.600000381469727,2,never,0,,3,1,1,12.857142448425293,1,1,3,1,0
29,2,1,5,5,1,1,0,1,1,no,2,0,0,2,1,2,0,0,0,0,2,no,,,never,0,,3,1,2,0,,1,,1,1
72,1,1,6,11,2,1,0,2,0,yes,2,0,0,2,0,,0,0,0,0,2,no,28.25,3,never,0,,3,1,1,2,1,1,1,1,0
26,1,1,4,,5,2,0,88,0,no,,0,0,2,0,,0,0,0,0,2,no,17.940000534057617,1,former,1,3,2,2,1,12.857142448425293,30,2,15,2,0
68,1,1,5,8,2,1,0,1,0,no,2,0,0,2,0,,0,0,1,0,2,no,27.370000839233398,3,current_every_day,1,1,3,4,2,0,,1,,1,0
57,1,1,6,7,2,1,0,2,0,no,2,0,0,2,1,2,0,1,0,0,2,no,31.569999694824219,4,never,0,,3,1,1,20,1,1,2,1,0
19,1,1,4,5,5,2,5,9,0,no,,0,0,2,0,,0,0,0,0,2,no,19.969999313354492,2,former,1,3,3,2,1,1,1,1,1,1,0
72,2,5,4,,5,1,0,5,0,yes,2,0,0,2,0,,0,0,0,0,2,no,28.870000839233398,3,never,0,,3,1,2,0,,1,,1,0
68,2,1,3,3,3,1,0,3,0,yes,1,0,0,2,0,,0,0,1,0,1,no,35.020000457763672,4,former,1,3,3,1,1,8.5714282989501953,1,1,2,1,0
73,2,2,6,,,1,0,3,0,yes,1,0,0,2,0,,0,0,0,0,1,no,,,former,1,3,3,4,2,0,,1,,1,1
20,1,1,5,1,5,3,0,1,0,no,,0,0,2,1,1,0,0,0,0,2,no,23.059999465942383,2,never,0,,3,4,1,12,4,2,7,1,0
